
> cendent-backend@0.0.1 start:dev
> nest start --watch

[2J[3J[H[[90m23:53:55[0m] Starting compilation in watch mode...

[[90m23:54:01[0m] Found 0 errors. Watching for file changes.

[32m[Nest] 27524  - [39m29/04/2026, 23:54:02 [32m    LOG[39m [38;5;3m[NestFactory] [39m[32mStarting Nest application...[39m
[32m[Nest] 27524  - [39m29/04/2026, 23:54:02 [32m    LOG[39m [38;5;3m[InstanceLoader] [39m[32mPrismaModule dependencies initialized[39m[38;5;3m +26ms[39m
[32m[Nest] 27524  - [39m29/04/2026, 23:54:02 [32m    LOG[39m [38;5;3m[InstanceLoader] [39m[32mPassportModule dependencies initialized[39m[38;5;3m +0ms[39m
[32m[Nest] 27524  - [39m29/04/2026, 23:54:02 [32m    LOG[39m [38;5;3m[InstanceLoader] [39m[32mJwtModule dependencies initialized[39m[38;5;3m +3ms[39m
[32m[Nest] 27524  - [39m29/04/2026, 23:54:02 [32m    LOG[39m [38;5;3m[InstanceLoader] [39m[32mDiscoveryModule dependencies initialized[39m[38;5;3m +0ms[39m
[32m[Nest] 27524  - [39m29/04/2026, 23:54:02 [32m    LOG[39m [38;5;3m[InstanceLoader] [39m[32mAppModule dependencies initialized[39m[38;5;3m +1ms[39m
[32m[Nest] 27524  - [39m29/04/2026, 23:54:02 [32m    LOG[39m [38;5;3m[InstanceLoader] [39m[32mScheduleModule dependencies initialized[39m[38;5;3m +1ms[39m
[32m[Nest] 27524  - [39m29/04/2026, 23:54:02 [32m    LOG[39m [38;5;3m[InstanceLoader] [39m[32mMovimientosModule dependencies initialized[39m[38;5;3m +0ms[39m
[32m[Nest] 27524  - [39m29/04/2026, 23:54:02 [32m    LOG[39m [38;5;3m[InstanceLoader] [39m[32mAuthModule dependencies initialized[39m[38;5;3m +1ms[39m
[32m[Nest] 27524  - [39m29/04/2026, 23:54:02 [32m    LOG[39m [38;5;3m[InstanceLoader] [39m[32mKitsModule dependencies initialized[39m[38;5;3m +0ms[39m
[32m[Nest] 27524  - [39m29/04/2026, 23:54:02 [32m    LOG[39m [38;5;3m[InstanceLoader] [39m[32mUsuariosModule dependencies initialized[39m[38;5;3m +0ms[39m
[32m[Nest] 27524  - [39m29/04/2026, 23:54:02 [32m    LOG[39m [38;5;3m[InstanceLoader] [39m[32mProductosModule dependencies initialized[39m[38;5;3m +0ms[39m
[32m[Nest] 27524  - [39m29/04/2026, 23:54:02 [32m    LOG[39m [38;5;3m[InstanceLoader] [39m[32mLotesModule dependencies initialized[39m[38;5;3m +0ms[39m
[32m[Nest] 27524  - [39m29/04/2026, 23:54:02 [32m    LOG[39m [38;5;3m[InstanceLoader] [39m[32mTransferenciasModule dependencies initialized[39m[38;5;3m +0ms[39m
[32m[Nest] 27524  - [39m29/04/2026, 23:54:02 [32m    LOG[39m [38;5;3m[InstanceLoader] [39m[32mNotificacionesModule dependencies initialized[39m[38;5;3m +0ms[39m
[32m[Nest] 27524  - [39m29/04/2026, 23:54:02 [32m    LOG[39m [38;5;3m[InstanceLoader] [39m[32mAnaliticaModule dependencies initialized[39m[38;5;3m +0ms[39m
[32m[Nest] 27524  - [39m29/04/2026, 23:54:02 [32m    LOG[39m [38;5;3m[RoutesResolver] [39m[32mAppController {/}:[39m[38;5;3m +42ms[39m
[32m[Nest] 27524  - [39m29/04/2026, 23:54:02 [32m    LOG[39m [38;5;3m[RouterExplorer] [39m[32mMapped {/, GET} route[39m[38;5;3m +2ms[39m
[32m[Nest] 27524  - [39m29/04/2026, 23:54:02 [32m    LOG[39m [38;5;3m[RoutesResolver] [39m[32mAuthController {/auth}:[39m[38;5;3m +0ms[39m
[32m[Nest] 27524  - [39m29/04/2026, 23:54:02 [32m    LOG[39m [38;5;3m[RouterExplorer] [39m[32mMapped {/auth/login, POST} route[39m[38;5;3m +1ms[39m
[32m[Nest] 27524  - [39m29/04/2026, 23:54:02 [32m    LOG[39m [38;5;3m[RoutesResolver] [39m[32mUsuariosController {/usuarios}:[39m[38;5;3m +0ms[39m
[32m[Nest] 27524  - [39m29/04/2026, 23:54:02 [32m    LOG[39m [38;5;3m[RouterExplorer] [39m[32mMapped {/usuarios, POST} route[39m[38;5;3m +0ms[39m
[32m[Nest] 27524  - [39m29/04/2026, 23:54:02 [32m    LOG[39m [38;5;3m[RouterExplorer] [39m[32mMapped {/usuarios, GET} route[39m[38;5;3m +1ms[39m
[32m[Nest] 27524  - [39m29/04/2026, 23:54:02 [32m    LOG[39m [38;5;3m[RouterExplorer] [39m[32mMapped {/usuarios/:id, GET} route[39m[38;5;3m +0ms[39m
[32m[Nest] 27524  - [39m29/04/2026, 23:54:02 [32m    LOG[39m [38;5;3m[RoutesResolver] [39m[32mProductosController {/productos}:[39m[38;5;3m +0ms[39m
[32m[Nest] 27524  - [39m29/04/2026, 23:54:02 [32m    LOG[39m [38;5;3m[RouterExplorer] [39m[32mMapped {/productos/inventario, GET} route[39m[38;5;3m +1ms[39m
[32m[Nest] 27524  - [39m29/04/2026, 23:54:02 [32m    LOG[39m [38;5;3m[RouterExplorer] [39m[32mMapped {/productos, GET} route[39m[38;5;3m +0ms[39m
[32m[Nest] 27524  - [39m29/04/2026, 23:54:02 [32m    LOG[39m [38;5;3m[RouterExplorer] [39m[32mMapped {/productos/:id, GET} route[39m[38;5;3m +0ms[39m
[32m[Nest] 27524  - [39m29/04/2026, 23:54:02 [32m    LOG[39m [38;5;3m[RouterExplorer] [39m[32mMapped {/productos, POST} route[39m[38;5;3m +1ms[39m
[32m[Nest] 27524  - [39m29/04/2026, 23:54:02 [32m    LOG[39m [38;5;3m[RouterExplorer] [39m[32mMapped {/productos/:id, PATCH} route[39m[38;5;3m +0ms[39m
[32m[Nest] 27524  - [39m29/04/2026, 23:54:02 [32m    LOG[39m [38;5;3m[RouterExplorer] [39m[32mMapped {/productos/:id, DELETE} route[39m[38;5;3m +0ms[39m
[32m[Nest] 27524  - [39m29/04/2026, 23:54:02 [32m    LOG[39m [38;5;3m[RoutesResolver] [39m[32mKitsController {/kits}:[39m[38;5;3m +0ms[39m
[32m[Nest] 27524  - [39m29/04/2026, 23:54:02 [32m    LOG[39m [38;5;3m[RouterExplorer] [39m[32mMapped {/kits, GET} route[39m[38;5;3m +1ms[39m
[32m[Nest] 27524  - [39m29/04/2026, 23:54:02 [32m    LOG[39m [38;5;3m[RouterExplorer] [39m[32mMapped {/kits/:id, GET} route[39m[38;5;3m +0ms[39m
[32m[Nest] 27524  - [39m29/04/2026, 23:54:02 [32m    LOG[39m [38;5;3m[RouterExplorer] [39m[32mMapped {/kits, POST} route[39m[38;5;3m +0ms[39m
[32m[Nest] 27524  - [39m29/04/2026, 23:54:02 [32m    LOG[39m [38;5;3m[RouterExplorer] [39m[32mMapped {/kits/:id, DELETE} route[39m[38;5;3m +0ms[39m
[32m[Nest] 27524  - [39m29/04/2026, 23:54:02 [32m    LOG[39m [38;5;3m[RoutesResolver] [39m[32mLotesController {/lotes}:[39m[38;5;3m +0ms[39m
[32m[Nest] 27524  - [39m29/04/2026, 23:54:02 [32m    LOG[39m [38;5;3m[RouterExplorer] [39m[32mMapped {/lotes, POST} route[39m[38;5;3m +1ms[39m
[32m[Nest] 27524  - [39m29/04/2026, 23:54:02 [32m    LOG[39m [38;5;3m[RouterExplorer] [39m[32mMapped {/lotes/producto/:id_producto, GET} route[39m[38;5;3m +0ms[39m
[32m[Nest] 27524  - [39m29/04/2026, 23:54:02 [32m    LOG[39m [38;5;3m[RoutesResolver] [39m[32mMovimientosController {/movimientos}:[39m[38;5;3m +0ms[39m
[32m[Nest] 27524  - [39m29/04/2026, 23:54:02 [32m    LOG[39m [38;5;3m[RouterExplorer] [39m[32mMapped {/movimientos, GET} route[39m[38;5;3m +0ms[39m
[32m[Nest] 27524  - [39m29/04/2026, 23:54:02 [32m    LOG[39m [38;5;3m[RouterExplorer] [39m[32mMapped {/movimientos/despachar-kit, POST} route[39m[38;5;3m +0ms[39m
[32m[Nest] 27524  - [39m29/04/2026, 23:54:02 [32m    LOG[39m [38;5;3m[RoutesResolver] [39m[32mTransferenciasController {/transferencias}:[39m[38;5;3m +0ms[39m
[32m[Nest] 27524  - [39m29/04/2026, 23:54:02 [32m    LOG[39m [38;5;3m[RouterExplorer] [39m[32mMapped {/transferencias, GET} route[39m[38;5;3m +3ms[39m
[32m[Nest] 27524  - [39m29/04/2026, 23:54:02 [32m    LOG[39m [38;5;3m[RouterExplorer] [39m[32mMapped {/transferencias/:id, GET} route[39m[38;5;3m +1ms[39m
[32m[Nest] 27524  - [39m29/04/2026, 23:54:02 [32m    LOG[39m [38;5;3m[RouterExplorer] [39m[32mMapped {/transferencias/enviar, POST} route[39m[38;5;3m +0ms[39m
[32m[Nest] 27524  - [39m29/04/2026, 23:54:02 [32m    LOG[39m [38;5;3m[RouterExplorer] [39m[32mMapped {/transferencias/recibir, POST} route[39m[38;5;3m +0ms[39m
[32m[Nest] 27524  - [39m29/04/2026, 23:54:02 [32m    LOG[39m [38;5;3m[RoutesResolver] [39m[32mNotificacionesController {/notificaciones}:[39m[38;5;3m +0ms[39m
[32m[Nest] 27524  - [39m29/04/2026, 23:54:02 [32m    LOG[39m [38;5;3m[RouterExplorer] [39m[32mMapped {/notificaciones/revisar, POST} route[39m[38;5;3m +0ms[39m
[32m[Nest] 27524  - [39m29/04/2026, 23:54:02 [32m    LOG[39m [38;5;3m[RoutesResolver] [39m[32mAnaliticaController {/analitica}:[39m[38;5;3m +0ms[39m
[32m[Nest] 27524  - [39m29/04/2026, 23:54:02 [32m    LOG[39m [38;5;3m[RouterExplorer] [39m[32mMapped {/analitica/entrenar/:id_sucursal, GET} route[39m[38;5;3m +0ms[39m
[32m[Nest] 27524  - [39m29/04/2026, 23:54:02 [32m    LOG[39m [38;5;3m[RouterExplorer] [39m[32mMapped {/analitica/prediccion/:id_sucursal, GET} route[39m[38;5;3m +1ms[39m
[32m[Nest] 27524  - [39m29/04/2026, 23:54:03 [32m    LOG[39m [38;5;3m[NestApplication] [39m[32mNest application successfully started[39m[38;5;3m +55ms[39m
[2J[3J[H[[90m23:55:54[0m] File change detected. Starting incremental compilation...

[[90m23:55:54[0m] Found 0 errors. Watching for file changes.

[32m[Nest] 32068  - [39m29/04/2026, 23:55:57 [32m    LOG[39m [38;5;3m[NestFactory] [39m[32mStarting Nest application...[39m
[32m[Nest] 32068  - [39m29/04/2026, 23:55:57 [32m    LOG[39m [38;5;3m[InstanceLoader] [39m[32mPrismaModule dependencies initialized[39m[38;5;3m +25ms[39m
[32m[Nest] 32068  - [39m29/04/2026, 23:55:57 [32m    LOG[39m [38;5;3m[InstanceLoader] [39m[32mPassportModule dependencies initialized[39m[38;5;3m +0ms[39m
[32m[Nest] 32068  - [39m29/04/2026, 23:55:57 [32m    LOG[39m [38;5;3m[InstanceLoader] [39m[32mJwtModule dependencies initialized[39m[38;5;3m +5ms[39m
[32m[Nest] 32068  - [39m29/04/2026, 23:55:57 [32m    LOG[39m [38;5;3m[InstanceLoader] [39m[32mDiscoveryModule dependencies initialized[39m[38;5;3m +0ms[39m
[32m[Nest] 32068  - [39m29/04/2026, 23:55:57 [32m    LOG[39m [38;5;3m[InstanceLoader] [39m[32mAppModule dependencies initialized[39m[38;5;3m +3ms[39m
[32m[Nest] 32068  - [39m29/04/2026, 23:55:57 [32m    LOG[39m [38;5;3m[InstanceLoader] [39m[32mScheduleModule dependencies initialized[39m[38;5;3m +0ms[39m
[32m[Nest] 32068  - [39m29/04/2026, 23:55:57 [32m    LOG[39m [38;5;3m[InstanceLoader] [39m[32mMovimientosModule dependencies initialized[39m[38;5;3m +0ms[39m
[32m[Nest] 32068  - [39m29/04/2026, 23:55:57 [32m    LOG[39m [38;5;3m[InstanceLoader] [39m[32mAuthModule dependencies initialized[39m[38;5;3m +1ms[39m
[32m[Nest] 32068  - [39m29/04/2026, 23:55:57 [32m    LOG[39m [38;5;3m[InstanceLoader] [39m[32mKitsModule dependencies initialized[39m[38;5;3m +0ms[39m
[32m[Nest] 32068  - [39m29/04/2026, 23:55:57 [32m    LOG[39m [38;5;3m[InstanceLoader] [39m[32mUsuariosModule dependencies initialized[39m[38;5;3m +0ms[39m
[32m[Nest] 32068  - [39m29/04/2026, 23:55:57 [32m    LOG[39m [38;5;3m[InstanceLoader] [39m[32mProductosModule dependencies initialized[39m[38;5;3m +0ms[39m
[32m[Nest] 32068  - [39m29/04/2026, 23:55:57 [32m    LOG[39m [38;5;3m[InstanceLoader] [39m[32mLotesModule dependencies initialized[39m[38;5;3m +1ms[39m
[32m[Nest] 32068  - [39m29/04/2026, 23:55:57 [32m    LOG[39m [38;5;3m[InstanceLoader] [39m[32mTransferenciasModule dependencies initialized[39m[38;5;3m +0ms[39m
[32m[Nest] 32068  - [39m29/04/2026, 23:55:57 [32m    LOG[39m [38;5;3m[InstanceLoader] [39m[32mNotificacionesModule dependencies initialized[39m[38;5;3m +0ms[39m
[32m[Nest] 32068  - [39m29/04/2026, 23:55:57 [32m    LOG[39m [38;5;3m[InstanceLoader] [39m[32mAnaliticaModule dependencies initialized[39m[38;5;3m +0ms[39m
[32m[Nest] 32068  - [39m29/04/2026, 23:55:57 [32m    LOG[39m [38;5;3m[RoutesResolver] [39m[32mAppController {/}:[39m[38;5;3m +38ms[39m
[32m[Nest] 32068  - [39m29/04/2026, 23:55:57 [32m    LOG[39m [38;5;3m[RouterExplorer] [39m[32mMapped {/, GET} route[39m[38;5;3m +2ms[39m
[32m[Nest] 32068  - [39m29/04/2026, 23:55:57 [32m    LOG[39m [38;5;3m[RoutesResolver] [39m[32mAuthController {/auth}:[39m[38;5;3m +0ms[39m
[32m[Nest] 32068  - [39m29/04/2026, 23:55:57 [32m    LOG[39m [38;5;3m[RouterExplorer] [39m[32mMapped {/auth/login, POST} route[39m[38;5;3m +1ms[39m
[32m[Nest] 32068  - [39m29/04/2026, 23:55:57 [32m    LOG[39m [38;5;3m[RoutesResolver] [39m[32mUsuariosController {/usuarios}:[39m[38;5;3m +0ms[39m
[32m[Nest] 32068  - [39m29/04/2026, 23:55:57 [32m    LOG[39m [38;5;3m[RouterExplorer] [39m[32mMapped {/usuarios, POST} route[39m[38;5;3m +0ms[39m
[32m[Nest] 32068  - [39m29/04/2026, 23:55:57 [32m    LOG[39m [38;5;3m[RouterExplorer] [39m[32mMapped {/usuarios, GET} route[39m[38;5;3m +1ms[39m
[32m[Nest] 32068  - [39m29/04/2026, 23:55:57 [32m    LOG[39m [38;5;3m[RouterExplorer] [39m[32mMapped {/usuarios/:id, GET} route[39m[38;5;3m +0ms[39m
[32m[Nest] 32068  - [39m29/04/2026, 23:55:57 [32m    LOG[39m [38;5;3m[RoutesResolver] [39m[32mProductosController {/productos}:[39m[38;5;3m +0ms[39m
[32m[Nest] 32068  - [39m29/04/2026, 23:55:57 [32m    LOG[39m [38;5;3m[RouterExplorer] [39m[32mMapped {/productos/inventario, GET} route[39m[38;5;3m +1ms[39m
[32m[Nest] 32068  - [39m29/04/2026, 23:55:57 [32m    LOG[39m [38;5;3m[RouterExplorer] [39m[32mMapped {/productos, GET} route[39m[38;5;3m +0ms[39m
[32m[Nest] 32068  - [39m29/04/2026, 23:55:57 [32m    LOG[39m [38;5;3m[RouterExplorer] [39m[32mMapped {/productos/:id, GET} route[39m[38;5;3m +0ms[39m
[32m[Nest] 32068  - [39m29/04/2026, 23:55:57 [32m    LOG[39m [38;5;3m[RouterExplorer] [39m[32mMapped {/productos, POST} route[39m[38;5;3m +0ms[39m
[32m[Nest] 32068  - [39m29/04/2026, 23:55:57 [32m    LOG[39m [38;5;3m[RouterExplorer] [39m[32mMapped {/productos/:id, PATCH} route[39m[38;5;3m +0ms[39m
[32m[Nest] 32068  - [39m29/04/2026, 23:55:57 [32m    LOG[39m [38;5;3m[RouterExplorer] [39m[32mMapped {/productos/:id, DELETE} route[39m[38;5;3m +0ms[39m
[32m[Nest] 32068  - [39m29/04/2026, 23:55:57 [32m    LOG[39m [38;5;3m[RoutesResolver] [39m[32mKitsController {/kits}:[39m[38;5;3m +0ms[39m
[32m[Nest] 32068  - [39m29/04/2026, 23:55:57 [32m    LOG[39m [38;5;3m[RouterExplorer] [39m[32mMapped {/kits, GET} route[39m[38;5;3m +0ms[39m
[32m[Nest] 32068  - [39m29/04/2026, 23:55:57 [32m    LOG[39m [38;5;3m[RouterExplorer] [39m[32mMapped {/kits/:id, GET} route[39m[38;5;3m +1ms[39m
[32m[Nest] 32068  - [39m29/04/2026, 23:55:57 [32m    LOG[39m [38;5;3m[RouterExplorer] [39m[32mMapped {/kits, POST} route[39m[38;5;3m +0ms[39m
[32m[Nest] 32068  - [39m29/04/2026, 23:55:57 [32m    LOG[39m [38;5;3m[RouterExplorer] [39m[32mMapped {/kits/:id, DELETE} route[39m[38;5;3m +0ms[39m
[32m[Nest] 32068  - [39m29/04/2026, 23:55:57 [32m    LOG[39m [38;5;3m[RoutesResolver] [39m[32mLotesController {/lotes}:[39m[38;5;3m +0ms[39m
[32m[Nest] 32068  - [39m29/04/2026, 23:55:57 [32m    LOG[39m [38;5;3m[RouterExplorer] [39m[32mMapped {/lotes, POST} route[39m[38;5;3m +0ms[39m
[32m[Nest] 32068  - [39m29/04/2026, 23:55:57 [32m    LOG[39m [38;5;3m[RouterExplorer] [39m[32mMapped {/lotes/producto/:id_producto, GET} route[39m[38;5;3m +0ms[39m
[32m[Nest] 32068  - [39m29/04/2026, 23:55:57 [32m    LOG[39m [38;5;3m[RoutesResolver] [39m[32mMovimientosController {/movimientos}:[39m[38;5;3m +0ms[39m
[32m[Nest] 32068  - [39m29/04/2026, 23:55:57 [32m    LOG[39m [38;5;3m[RouterExplorer] [39m[32mMapped {/movimientos, GET} route[39m[38;5;3m +1ms[39m
[32m[Nest] 32068  - [39m29/04/2026, 23:55:57 [32m    LOG[39m [38;5;3m[RouterExplorer] [39m[32mMapped {/movimientos/despachar-kit, POST} route[39m[38;5;3m +0ms[39m
[32m[Nest] 32068  - [39m29/04/2026, 23:55:57 [32m    LOG[39m [38;5;3m[RoutesResolver] [39m[32mTransferenciasController {/transferencias}:[39m[38;5;3m +0ms[39m
[32m[Nest] 32068  - [39m29/04/2026, 23:55:57 [32m    LOG[39m [38;5;3m[RouterExplorer] [39m[32mMapped {/transferencias, GET} route[39m[38;5;3m +2ms[39m
[32m[Nest] 32068  - [39m29/04/2026, 23:55:57 [32m    LOG[39m [38;5;3m[RouterExplorer] [39m[32mMapped {/transferencias/:id, GET} route[39m[38;5;3m +0ms[39m
[32m[Nest] 32068  - [39m29/04/2026, 23:55:57 [32m    LOG[39m [38;5;3m[RouterExplorer] [39m[32mMapped {/transferencias/enviar, POST} route[39m[38;5;3m +1ms[39m
[32m[Nest] 32068  - [39m29/04/2026, 23:55:57 [32m    LOG[39m [38;5;3m[RouterExplorer] [39m[32mMapped {/transferencias/recibir, POST} route[39m[38;5;3m +0ms[39m
[32m[Nest] 32068  - [39m29/04/2026, 23:55:57 [32m    LOG[39m [38;5;3m[RoutesResolver] [39m[32mNotificacionesController {/notificaciones}:[39m[38;5;3m +0ms[39m
[32m[Nest] 32068  - [39m29/04/2026, 23:55:57 [32m    LOG[39m [38;5;3m[RouterExplorer] [39m[32mMapped {/notificaciones/revisar, POST} route[39m[38;5;3m +1ms[39m
[32m[Nest] 32068  - [39m29/04/2026, 23:55:57 [32m    LOG[39m [38;5;3m[RoutesResolver] [39m[32mAnaliticaController {/analitica}:[39m[38;5;3m +0ms[39m
[32m[Nest] 32068  - [39m29/04/2026, 23:55:57 [32m    LOG[39m [38;5;3m[RouterExplorer] [39m[32mMapped {/analitica/entrenar/:id_sucursal, GET} route[39m[38;5;3m +0ms[39m
[32m[Nest] 32068  - [39m29/04/2026, 23:55:57 [32m    LOG[39m [38;5;3m[RouterExplorer] [39m[32mMapped {/analitica/prediccion/:id_sucursal, GET} route[39m[38;5;3m +0ms[39m
[32m[Nest] 32068  - [39m29/04/2026, 23:55:57 [32m    LOG[39m [38;5;3m[NestApplication] [39m[32mNest application successfully started[39m[38;5;3m +53ms[39m
[31m[Nest] 32068  - [39m29/04/2026, 23:55:57 [31m  ERROR[39m [38;5;3m[NestApplication] [39m[31mError: listen EADDRINUSE: address already in use :::3000[39m[38;5;3m +2ms[39m
node:internal/errors:491
    ErrorCaptureStackTrace(err);
    ^

Error: listen EADDRINUSE: address already in use :::3000
    at __node_internal_captureLargerStackTrace (node:internal/errors:491:5)
    at __node_internal_uvExceptionWithHostPort (node:internal/errors:590:12)
    at Server.setupListenHandle [as _listen2] (node:net:1733:16)
    at listenInCluster (node:net:1781:12)
    at Server.listen (node:net:1869:7)
    at ExpressAdapter.listen (C:\Users\Crist\Desktop\ProyectoCedent\cendent-backend\node_modules\@nestjs\platform-express\adapters\express-adapter.js:115:32)
    at C:\Users\Crist\Desktop\ProyectoCedent\cendent-backend\node_modules\@nestjs\core\nest-application.js:188:30
    at new Promise (<anonymous>)
    at NestApplication.listen (C:\Users\Crist\Desktop\ProyectoCedent\cendent-backend\node_modules\@nestjs\core\nest-application.js:178:16)
    at bootstrap (C:\Users\Crist\Desktop\ProyectoCedent\cendent-backend\src\main.ts:27:3) {
  code: 'EADDRINUSE',
  errno: -4091,
  syscall: 'listen',
  address: '::',
  port: 3000
}

Node.js v18.13.0
[2J[3J[H[[90m0:13:03[0m] File change detected. Starting incremental compilation...

[[90m0:13:04[0m] Found 0 errors. Watching for file changes.

[32m[Nest] 33948  - [39m30/04/2026, 0:13:06 [32m    LOG[39m [38;5;3m[NestFactory] [39m[32mStarting Nest application...[39m
[32m[Nest] 33948  - [39m30/04/2026, 0:13:06 [32m    LOG[39m [38;5;3m[InstanceLoader] [39m[32mPrismaModule dependencies initialized[39m[38;5;3m +36ms[39m
[32m[Nest] 33948  - [39m30/04/2026, 0:13:06 [32m    LOG[39m [38;5;3m[InstanceLoader] [39m[32mPassportModule dependencies initialized[39m[38;5;3m +0ms[39m
[32m[Nest] 33948  - [39m30/04/2026, 0:13:06 [32m    LOG[39m [38;5;3m[InstanceLoader] [39m[32mJwtModule dependencies initialized[39m[38;5;3m +4ms[39m
[32m[Nest] 33948  - [39m30/04/2026, 0:13:06 [32m    LOG[39m [38;5;3m[InstanceLoader] [39m[32mDiscoveryModule dependencies initialized[39m[38;5;3m +0ms[39m
[32m[Nest] 33948  - [39m30/04/2026, 0:13:06 [32m    LOG[39m [38;5;3m[InstanceLoader] [39m[32mAppModule dependencies initialized[39m[38;5;3m +2ms[39m
[32m[Nest] 33948  - [39m30/04/2026, 0:13:06 [32m    LOG[39m [38;5;3m[InstanceLoader] [39m[32mScheduleModule dependencies initialized[39m[38;5;3m +0ms[39m
[32m[Nest] 33948  - [39m30/04/2026, 0:13:06 [32m    LOG[39m [38;5;3m[InstanceLoader] [39m[32mMovimientosModule dependencies initialized[39m[38;5;3m +1ms[39m
[32m[Nest] 33948  - [39m30/04/2026, 0:13:06 [32m    LOG[39m [38;5;3m[InstanceLoader] [39m[32mAuthModule dependencies initialized[39m[38;5;3m +1ms[39m
[32m[Nest] 33948  - [39m30/04/2026, 0:13:06 [32m    LOG[39m [38;5;3m[InstanceLoader] [39m[32mKitsModule dependencies initialized[39m[38;5;3m +0ms[39m
[32m[Nest] 33948  - [39m30/04/2026, 0:13:06 [32m    LOG[39m [38;5;3m[InstanceLoader] [39m[32mUsuariosModule dependencies initialized[39m[38;5;3m +0ms[39m
[32m[Nest] 33948  - [39m30/04/2026, 0:13:06 [32m    LOG[39m [38;5;3m[InstanceLoader] [39m[32mProductosModule dependencies initialized[39m[38;5;3m +0ms[39m
[32m[Nest] 33948  - [39m30/04/2026, 0:13:06 [32m    LOG[39m [38;5;3m[InstanceLoader] [39m[32mLotesModule dependencies initialized[39m[38;5;3m +0ms[39m
[32m[Nest] 33948  - [39m30/04/2026, 0:13:06 [32m    LOG[39m [38;5;3m[InstanceLoader] [39m[32mTransferenciasModule dependencies initialized[39m[38;5;3m +0ms[39m
[32m[Nest] 33948  - [39m30/04/2026, 0:13:06 [32m    LOG[39m [38;5;3m[InstanceLoader] [39m[32mNotificacionesModule dependencies initialized[39m[38;5;3m +0ms[39m
[32m[Nest] 33948  - [39m30/04/2026, 0:13:06 [32m    LOG[39m [38;5;3m[InstanceLoader] [39m[32mAnaliticaModule dependencies initialized[39m[38;5;3m +0ms[39m
[32m[Nest] 33948  - [39m30/04/2026, 0:13:06 [32m    LOG[39m [38;5;3m[RoutesResolver] [39m[32mAppController {/}:[39m[38;5;3m +47ms[39m
[32m[Nest] 33948  - [39m30/04/2026, 0:13:06 [32m    LOG[39m [38;5;3m[RouterExplorer] [39m[32mMapped {/, GET} route[39m[38;5;3m +3ms[39m
[32m[Nest] 33948  - [39m30/04/2026, 0:13:06 [32m    LOG[39m [38;5;3m[RoutesResolver] [39m[32mAuthController {/auth}:[39m[38;5;3m +0ms[39m
[32m[Nest] 33948  - [39m30/04/2026, 0:13:06 [32m    LOG[39m [38;5;3m[RouterExplorer] [39m[32mMapped {/auth/login, POST} route[39m[38;5;3m +0ms[39m
[32m[Nest] 33948  - [39m30/04/2026, 0:13:06 [32m    LOG[39m [38;5;3m[RoutesResolver] [39m[32mUsuariosController {/usuarios}:[39m[38;5;3m +0ms[39m
[32m[Nest] 33948  - [39m30/04/2026, 0:13:06 [32m    LOG[39m [38;5;3m[RouterExplorer] [39m[32mMapped {/usuarios, POST} route[39m[38;5;3m +1ms[39m
[32m[Nest] 33948  - [39m30/04/2026, 0:13:06 [32m    LOG[39m [38;5;3m[RouterExplorer] [39m[32mMapped {/usuarios, GET} route[39m[38;5;3m +0ms[39m
[32m[Nest] 33948  - [39m30/04/2026, 0:13:06 [32m    LOG[39m [38;5;3m[RouterExplorer] [39m[32mMapped {/usuarios/:id, GET} route[39m[38;5;3m +1ms[39m
[32m[Nest] 33948  - [39m30/04/2026, 0:13:06 [32m    LOG[39m [38;5;3m[RoutesResolver] [39m[32mProductosController {/productos}:[39m[38;5;3m +0ms[39m
[32m[Nest] 33948  - [39m30/04/2026, 0:13:06 [32m    LOG[39m [38;5;3m[RouterExplorer] [39m[32mMapped {/productos/inventario, GET} route[39m[38;5;3m +0ms[39m
[32m[Nest] 33948  - [39m30/04/2026, 0:13:06 [32m    LOG[39m [38;5;3m[RouterExplorer] [39m[32mMapped {/productos, GET} route[39m[38;5;3m +1ms[39m
[32m[Nest] 33948  - [39m30/04/2026, 0:13:06 [32m    LOG[39m [38;5;3m[RouterExplorer] [39m[32mMapped {/productos/:id, GET} route[39m[38;5;3m +0ms[39m
[32m[Nest] 33948  - [39m30/04/2026, 0:13:06 [32m    LOG[39m [38;5;3m[RouterExplorer] [39m[32mMapped {/productos, POST} route[39m[38;5;3m +1ms[39m
[32m[Nest] 33948  - [39m30/04/2026, 0:13:06 [32m    LOG[39m [38;5;3m[RouterExplorer] [39m[32mMapped {/productos/:id, PATCH} route[39m[38;5;3m +0ms[39m
[32m[Nest] 33948  - [39m30/04/2026, 0:13:06 [32m    LOG[39m [38;5;3m[RouterExplorer] [39m[32mMapped {/productos/:id, DELETE} route[39m[38;5;3m +0ms[39m
[32m[Nest] 33948  - [39m30/04/2026, 0:13:06 [32m    LOG[39m [38;5;3m[RoutesResolver] [39m[32mKitsController {/kits}:[39m[38;5;3m +0ms[39m
[32m[Nest] 33948  - [39m30/04/2026, 0:13:06 [32m    LOG[39m [38;5;3m[RouterExplorer] [39m[32mMapped {/kits, GET} route[39m[38;5;3m +1ms[39m
[32m[Nest] 33948  - [39m30/04/2026, 0:13:06 [32m    LOG[39m [38;5;3m[RouterExplorer] [39m[32mMapped {/kits/:id, GET} route[39m[38;5;3m +0ms[39m
[32m[Nest] 33948  - [39m30/04/2026, 0:13:06 [32m    LOG[39m [38;5;3m[RouterExplorer] [39m[32mMapped {/kits, POST} route[39m[38;5;3m +0ms[39m
[32m[Nest] 33948  - [39m30/04/2026, 0:13:06 [32m    LOG[39m [38;5;3m[RouterExplorer] [39m[32mMapped {/kits/:id, DELETE} route[39m[38;5;3m +0ms[39m
[32m[Nest] 33948  - [39m30/04/2026, 0:13:06 [32m    LOG[39m [38;5;3m[RoutesResolver] [39m[32mLotesController {/lotes}:[39m[38;5;3m +0ms[39m
[32m[Nest] 33948  - [39m30/04/2026, 0:13:06 [32m    LOG[39m [38;5;3m[RouterExplorer] [39m[32mMapped {/lotes, POST} route[39m[38;5;3m +1ms[39m
[32m[Nest] 33948  - [39m30/04/2026, 0:13:06 [32m    LOG[39m [38;5;3m[RouterExplorer] [39m[32mMapped {/lotes/producto/:id_producto, GET} route[39m[38;5;3m +0ms[39m
[32m[Nest] 33948  - [39m30/04/2026, 0:13:06 [32m    LOG[39m [38;5;3m[RoutesResolver] [39m[32mMovimientosController {/movimientos}:[39m[38;5;3m +0ms[39m
[32m[Nest] 33948  - [39m30/04/2026, 0:13:06 [32m    LOG[39m [38;5;3m[RouterExplorer] [39m[32mMapped {/movimientos, GET} route[39m[38;5;3m +0ms[39m
[32m[Nest] 33948  - [39m30/04/2026, 0:13:06 [32m    LOG[39m [38;5;3m[RouterExplorer] [39m[32mMapped {/movimientos/despachar-kit, POST} route[39m[38;5;3m +0ms[39m
[32m[Nest] 33948  - [39m30/04/2026, 0:13:06 [32m    LOG[39m [38;5;3m[RoutesResolver] [39m[32mTransferenciasController {/transferencias}:[39m[38;5;3m +0ms[39m
[32m[Nest] 33948  - [39m30/04/2026, 0:13:06 [32m    LOG[39m [38;5;3m[RouterExplorer] [39m[32mMapped {/transferencias, GET} route[39m[38;5;3m +3ms[39m
[32m[Nest] 33948  - [39m30/04/2026, 0:13:06 [32m    LOG[39m [38;5;3m[RouterExplorer] [39m[32mMapped {/transferencias/:id, GET} route[39m[38;5;3m +1ms[39m
[32m[Nest] 33948  - [39m30/04/2026, 0:13:06 [32m    LOG[39m [38;5;3m[RouterExplorer] [39m[32mMapped {/transferencias/enviar, POST} route[39m[38;5;3m +0ms[39m
[32m[Nest] 33948  - [39m30/04/2026, 0:13:06 [32m    LOG[39m [38;5;3m[RouterExplorer] [39m[32mMapped {/transferencias/recibir, POST} route[39m[38;5;3m +0ms[39m
[32m[Nest] 33948  - [39m30/04/2026, 0:13:06 [32m    LOG[39m [38;5;3m[RoutesResolver] [39m[32mNotificacionesController {/notificaciones}:[39m[38;5;3m +0ms[39m
[32m[Nest] 33948  - [39m30/04/2026, 0:13:06 [32m    LOG[39m [38;5;3m[RouterExplorer] [39m[32mMapped {/notificaciones/revisar, POST} route[39m[38;5;3m +1ms[39m
[32m[Nest] 33948  - [39m30/04/2026, 0:13:06 [32m    LOG[39m [38;5;3m[RoutesResolver] [39m[32mAnaliticaController {/analitica}:[39m[38;5;3m +0ms[39m
[32m[Nest] 33948  - [39m30/04/2026, 0:13:06 [32m    LOG[39m [38;5;3m[RouterExplorer] [39m[32mMapped {/analitica/entrenar/:id_sucursal, GET} route[39m[38;5;3m +0ms[39m
[32m[Nest] 33948  - [39m30/04/2026, 0:13:06 [32m    LOG[39m [38;5;3m[RouterExplorer] [39m[32mMapped {/analitica/prediccion/:id_sucursal, GET} route[39m[38;5;3m +0ms[39m
[32m[Nest] 33948  - [39m30/04/2026, 0:13:06 [32m    LOG[39m [38;5;3m[NestApplication] [39m[32mNest application successfully started[39m[38;5;3m +78ms[39m
[31m[Nest] 33948  - [39m30/04/2026, 0:13:06 [31m  ERROR[39m [38;5;3m[NestApplication] [39m[31mError: listen EADDRINUSE: address already in use :::3000[39m[38;5;3m +2ms[39m
node:internal/errors:491
    ErrorCaptureStackTrace(err);
    ^

Error: listen EADDRINUSE: address already in use :::3000
    at __node_internal_captureLargerStackTrace (node:internal/errors:491:5)
    at __node_internal_uvExceptionWithHostPort (node:internal/errors:590:12)
    at Server.setupListenHandle [as _listen2] (node:net:1733:16)
    at listenInCluster (node:net:1781:12)
    at Server.listen (node:net:1869:7)
    at ExpressAdapter.listen (C:\Users\Crist\Desktop\ProyectoCedent\cendent-backend\node_modules\@nestjs\platform-express\adapters\express-adapter.js:115:32)
    at C:\Users\Crist\Desktop\ProyectoCedent\cendent-backend\node_modules\@nestjs\core\nest-application.js:188:30
    at new Promise (<anonymous>)
    at NestApplication.listen (C:\Users\Crist\Desktop\ProyectoCedent\cendent-backend\node_modules\@nestjs\core\nest-application.js:178:16)
    at bootstrap (C:\Users\Crist\Desktop\ProyectoCedent\cendent-backend\src\main.ts:27:3) {
  code: 'EADDRINUSE',
  errno: -4091,
  syscall: 'listen',
  address: '::',
  port: 3000
}

Node.js v18.13.0
[2J[3J[H[[90m0:13:06[0m] File change detected. Starting incremental compilation...

[[90m0:13:08[0m] Found 0 errors. Watching for file changes.

[32m[Nest] 6092  - [39m30/04/2026, 0:13:09 [32m    LOG[39m [38;5;3m[NestFactory] [39m[32mStarting Nest application...[39m
[32m[Nest] 6092  - [39m30/04/2026, 0:13:09 [32m    LOG[39m [38;5;3m[InstanceLoader] [39m[32mPrismaModule dependencies initialized[39m[38;5;3m +28ms[39m
[32m[Nest] 6092  - [39m30/04/2026, 0:13:09 [32m    LOG[39m [38;5;3m[InstanceLoader] [39m[32mPassportModule dependencies initialized[39m[38;5;3m +0ms[39m
[32m[Nest] 6092  - [39m30/04/2026, 0:13:09 [32m    LOG[39m [38;5;3m[InstanceLoader] [39m[32mJwtModule dependencies initialized[39m[38;5;3m +3ms[39m
[32m[Nest] 6092  - [39m30/04/2026, 0:13:09 [32m    LOG[39m [38;5;3m[InstanceLoader] [39m[32mDiscoveryModule dependencies initialized[39m[38;5;3m +1ms[39m
[32m[Nest] 6092  - [39m30/04/2026, 0:13:09 [32m    LOG[39m [38;5;3m[InstanceLoader] [39m[32mAppModule dependencies initialized[39m[38;5;3m +2ms[39m
[32m[Nest] 6092  - [39m30/04/2026, 0:13:09 [32m    LOG[39m [38;5;3m[InstanceLoader] [39m[32mScheduleModule dependencies initialized[39m[38;5;3m +0ms[39m
[32m[Nest] 6092  - [39m30/04/2026, 0:13:09 [32m    LOG[39m [38;5;3m[InstanceLoader] [39m[32mMovimientosModule dependencies initialized[39m[38;5;3m +1ms[39m
[32m[Nest] 6092  - [39m30/04/2026, 0:13:09 [32m    LOG[39m [38;5;3m[InstanceLoader] [39m[32mAuthModule dependencies initialized[39m[38;5;3m +0ms[39m
[32m[Nest] 6092  - [39m30/04/2026, 0:13:09 [32m    LOG[39m [38;5;3m[InstanceLoader] [39m[32mKitsModule dependencies initialized[39m[38;5;3m +0ms[39m
[32m[Nest] 6092  - [39m30/04/2026, 0:13:09 [32m    LOG[39m [38;5;3m[InstanceLoader] [39m[32mUsuariosModule dependencies initialized[39m[38;5;3m +0ms[39m
[32m[Nest] 6092  - [39m30/04/2026, 0:13:09 [32m    LOG[39m [38;5;3m[InstanceLoader] [39m[32mProductosModule dependencies initialized[39m[38;5;3m +1ms[39m
[32m[Nest] 6092  - [39m30/04/2026, 0:13:09 [32m    LOG[39m [38;5;3m[InstanceLoader] [39m[32mLotesModule dependencies initialized[39m[38;5;3m +0ms[39m
[32m[Nest] 6092  - [39m30/04/2026, 0:13:09 [32m    LOG[39m [38;5;3m[InstanceLoader] [39m[32mTransferenciasModule dependencies initialized[39m[38;5;3m +0ms[39m
[32m[Nest] 6092  - [39m30/04/2026, 0:13:09 [32m    LOG[39m [38;5;3m[InstanceLoader] [39m[32mNotificacionesModule dependencies initialized[39m[38;5;3m +0ms[39m
[32m[Nest] 6092  - [39m30/04/2026, 0:13:09 [32m    LOG[39m [38;5;3m[InstanceLoader] [39m[32mAnaliticaModule dependencies initialized[39m[38;5;3m +0ms[39m
[32m[Nest] 6092  - [39m30/04/2026, 0:13:09 [32m    LOG[39m [38;5;3m[RoutesResolver] [39m[32mAppController {/}:[39m[38;5;3m +40ms[39m
[32m[Nest] 6092  - [39m30/04/2026, 0:13:09 [32m    LOG[39m [38;5;3m[RouterExplorer] [39m[32mMapped {/, GET} route[39m[38;5;3m +2ms[39m
[32m[Nest] 6092  - [39m30/04/2026, 0:13:09 [32m    LOG[39m [38;5;3m[RoutesResolver] [39m[32mAuthController {/auth}:[39m[38;5;3m +0ms[39m
[32m[Nest] 6092  - [39m30/04/2026, 0:13:09 [32m    LOG[39m [38;5;3m[RouterExplorer] [39m[32mMapped {/auth/login, POST} route[39m[38;5;3m +1ms[39m
[32m[Nest] 6092  - [39m30/04/2026, 0:13:09 [32m    LOG[39m [38;5;3m[RoutesResolver] [39m[32mUsuariosController {/usuarios}:[39m[38;5;3m +0ms[39m
[32m[Nest] 6092  - [39m30/04/2026, 0:13:09 [32m    LOG[39m [38;5;3m[RouterExplorer] [39m[32mMapped {/usuarios, POST} route[39m[38;5;3m +1ms[39m
[32m[Nest] 6092  - [39m30/04/2026, 0:13:09 [32m    LOG[39m [38;5;3m[RouterExplorer] [39m[32mMapped {/usuarios, GET} route[39m[38;5;3m +0ms[39m
[32m[Nest] 6092  - [39m30/04/2026, 0:13:09 [32m    LOG[39m [38;5;3m[RouterExplorer] [39m[32mMapped {/usuarios/:id, GET} route[39m[38;5;3m +1ms[39m
[32m[Nest] 6092  - [39m30/04/2026, 0:13:09 [32m    LOG[39m [38;5;3m[RoutesResolver] [39m[32mProductosController {/productos}:[39m[38;5;3m +0ms[39m
[32m[Nest] 6092  - [39m30/04/2026, 0:13:09 [32m    LOG[39m [38;5;3m[RouterExplorer] [39m[32mMapped {/productos/inventario, GET} route[39m[38;5;3m +0ms[39m
[32m[Nest] 6092  - [39m30/04/2026, 0:13:09 [32m    LOG[39m [38;5;3m[RouterExplorer] [39m[32mMapped {/productos, GET} route[39m[38;5;3m +0ms[39m
[32m[Nest] 6092  - [39m30/04/2026, 0:13:09 [32m    LOG[39m [38;5;3m[RouterExplorer] [39m[32mMapped {/productos/:id, GET} route[39m[38;5;3m +1ms[39m
[32m[Nest] 6092  - [39m30/04/2026, 0:13:09 [32m    LOG[39m [38;5;3m[RouterExplorer] [39m[32mMapped {/productos, POST} route[39m[38;5;3m +0ms[39m
[32m[Nest] 6092  - [39m30/04/2026, 0:13:09 [32m    LOG[39m [38;5;3m[RouterExplorer] [39m[32mMapped {/productos/:id, PATCH} route[39m[38;5;3m +1ms[39m
[32m[Nest] 6092  - [39m30/04/2026, 0:13:09 [32m    LOG[39m [38;5;3m[RouterExplorer] [39m[32mMapped {/productos/:id, DELETE} route[39m[38;5;3m +0ms[39m
[32m[Nest] 6092  - [39m30/04/2026, 0:13:09 [32m    LOG[39m [38;5;3m[RoutesResolver] [39m[32mKitsController {/kits}:[39m[38;5;3m +0ms[39m
[32m[Nest] 6092  - [39m30/04/2026, 0:13:09 [32m    LOG[39m [38;5;3m[RouterExplorer] [39m[32mMapped {/kits, GET} route[39m[38;5;3m +0ms[39m
[32m[Nest] 6092  - [39m30/04/2026, 0:13:09 [32m    LOG[39m [38;5;3m[RouterExplorer] [39m[32mMapped {/kits/:id, GET} route[39m[38;5;3m +0ms[39m
[32m[Nest] 6092  - [39m30/04/2026, 0:13:09 [32m    LOG[39m [38;5;3m[RouterExplorer] [39m[32mMapped {/kits, POST} route[39m[38;5;3m +1ms[39m
[32m[Nest] 6092  - [39m30/04/2026, 0:13:09 [32m    LOG[39m [38;5;3m[RouterExplorer] [39m[32mMapped {/kits/:id, DELETE} route[39m[38;5;3m +0ms[39m
[32m[Nest] 6092  - [39m30/04/2026, 0:13:09 [32m    LOG[39m [38;5;3m[RoutesResolver] [39m[32mLotesController {/lotes}:[39m[38;5;3m +0ms[39m
[32m[Nest] 6092  - [39m30/04/2026, 0:13:09 [32m    LOG[39m [38;5;3m[RouterExplorer] [39m[32mMapped {/lotes, POST} route[39m[38;5;3m +0ms[39m
[32m[Nest] 6092  - [39m30/04/2026, 0:13:09 [32m    LOG[39m [38;5;3m[RouterExplorer] [39m[32mMapped {/lotes/producto/:id_producto, GET} route[39m[38;5;3m +0ms[39m
[32m[Nest] 6092  - [39m30/04/2026, 0:13:09 [32m    LOG[39m [38;5;3m[RoutesResolver] [39m[32mMovimientosController {/movimientos}:[39m[38;5;3m +0ms[39m
[32m[Nest] 6092  - [39m30/04/2026, 0:13:09 [32m    LOG[39m [38;5;3m[RouterExplorer] [39m[32mMapped {/movimientos, GET} route[39m[38;5;3m +0ms[39m
[32m[Nest] 6092  - [39m30/04/2026, 0:13:09 [32m    LOG[39m [38;5;3m[RouterExplorer] [39m[32mMapped {/movimientos/despachar-kit, POST} route[39m[38;5;3m +0ms[39m
[32m[Nest] 6092  - [39m30/04/2026, 0:13:09 [32m    LOG[39m [38;5;3m[RoutesResolver] [39m[32mTransferenciasController {/transferencias}:[39m[38;5;3m +0ms[39m
[32m[Nest] 6092  - [39m30/04/2026, 0:13:09 [32m    LOG[39m [38;5;3m[RouterExplorer] [39m[32mMapped {/transferencias, GET} route[39m[38;5;3m +0ms[39m
[32m[Nest] 6092  - [39m30/04/2026, 0:13:09 [32m    LOG[39m [38;5;3m[RouterExplorer] [39m[32mMapped {/transferencias/:id, GET} route[39m[38;5;3m +3ms[39m
[32m[Nest] 6092  - [39m30/04/2026, 0:13:09 [32m    LOG[39m [38;5;3m[RouterExplorer] [39m[32mMapped {/transferencias/enviar, POST} route[39m[38;5;3m +0ms[39m
[32m[Nest] 6092  - [39m30/04/2026, 0:13:09 [32m    LOG[39m [38;5;3m[RouterExplorer] [39m[32mMapped {/transferencias/recibir, POST} route[39m[38;5;3m +0ms[39m
[32m[Nest] 6092  - [39m30/04/2026, 0:13:09 [32m    LOG[39m [38;5;3m[RoutesResolver] [39m[32mNotificacionesController {/notificaciones}:[39m[38;5;3m +0ms[39m
[32m[Nest] 6092  - [39m30/04/2026, 0:13:09 [32m    LOG[39m [38;5;3m[RouterExplorer] [39m[32mMapped {/notificaciones/revisar, POST} route[39m[38;5;3m +1ms[39m
[32m[Nest] 6092  - [39m30/04/2026, 0:13:09 [32m    LOG[39m [38;5;3m[RoutesResolver] [39m[32mAnaliticaController {/analitica}:[39m[38;5;3m +0ms[39m
[32m[Nest] 6092  - [39m30/04/2026, 0:13:09 [32m    LOG[39m [38;5;3m[RouterExplorer] [39m[32mMapped {/analitica/entrenar/:id_sucursal, GET} route[39m[38;5;3m +0ms[39m
[32m[Nest] 6092  - [39m30/04/2026, 0:13:09 [32m    LOG[39m [38;5;3m[RouterExplorer] [39m[32mMapped {/analitica/prediccion/:id_sucursal, GET} route[39m[38;5;3m +0ms[39m
[32m[Nest] 6092  - [39m30/04/2026, 0:13:10 [32m    LOG[39m [38;5;3m[NestApplication] [39m[32mNest application successfully started[39m[38;5;3m +77ms[39m
[2J[3J[H[[90m0:13:12[0m] File change detected. Starting incremental compilation...

[96msrc/productos/dto/actualizar-producto.dto.ts[0m:[93m21[0m:[93m4[0m - [91merror[0m[90m TS2304: [0mCannot find name 'IsDecimal'.

[7m21[0m   @IsDecimal()
[7m  [0m [91m   ~~~~~~~~~[0m

[[90m0:13:12[0m] Found 1 error. Watching for file changes.

[2J[3J[H[[90m0:13:16[0m] File change detected. Starting incremental compilation...

[[90m0:13:17[0m] Found 0 errors. Watching for file changes.

[32m[Nest] 33056  - [39m30/04/2026, 0:13:18 [32m    LOG[39m [38;5;3m[NestFactory] [39m[32mStarting Nest application...[39m
[32m[Nest] 33056  - [39m30/04/2026, 0:13:18 [32m    LOG[39m [38;5;3m[InstanceLoader] [39m[32mPrismaModule dependencies initialized[39m[38;5;3m +31ms[39m
[32m[Nest] 33056  - [39m30/04/2026, 0:13:18 [32m    LOG[39m [38;5;3m[InstanceLoader] [39m[32mPassportModule dependencies initialized[39m[38;5;3m +0ms[39m
[32m[Nest] 33056  - [39m30/04/2026, 0:13:18 [32m    LOG[39m [38;5;3m[InstanceLoader] [39m[32mJwtModule dependencies initialized[39m[38;5;3m +4ms[39m
[32m[Nest] 33056  - [39m30/04/2026, 0:13:18 [32m    LOG[39m [38;5;3m[InstanceLoader] [39m[32mDiscoveryModule dependencies initialized[39m[38;5;3m +0ms[39m
[32m[Nest] 33056  - [39m30/04/2026, 0:13:18 [32m    LOG[39m [38;5;3m[InstanceLoader] [39m[32mAppModule dependencies initialized[39m[38;5;3m +2ms[39m
[32m[Nest] 33056  - [39m30/04/2026, 0:13:18 [32m    LOG[39m [38;5;3m[InstanceLoader] [39m[32mScheduleModule dependencies initialized[39m[38;5;3m +0ms[39m
[32m[Nest] 33056  - [39m30/04/2026, 0:13:18 [32m    LOG[39m [38;5;3m[InstanceLoader] [39m[32mMovimientosModule dependencies initialized[39m[38;5;3m +1ms[39m
[32m[Nest] 33056  - [39m30/04/2026, 0:13:18 [32m    LOG[39m [38;5;3m[InstanceLoader] [39m[32mAuthModule dependencies initialized[39m[38;5;3m +0ms[39m
[32m[Nest] 33056  - [39m30/04/2026, 0:13:18 [32m    LOG[39m [38;5;3m[InstanceLoader] [39m[32mKitsModule dependencies initialized[39m[38;5;3m +0ms[39m
[32m[Nest] 33056  - [39m30/04/2026, 0:13:18 [32m    LOG[39m [38;5;3m[InstanceLoader] [39m[32mUsuariosModule dependencies initialized[39m[38;5;3m +1ms[39m
[32m[Nest] 33056  - [39m30/04/2026, 0:13:18 [32m    LOG[39m [38;5;3m[InstanceLoader] [39m[32mProductosModule dependencies initialized[39m[38;5;3m +0ms[39m
[32m[Nest] 33056  - [39m30/04/2026, 0:13:18 [32m    LOG[39m [38;5;3m[InstanceLoader] [39m[32mLotesModule dependencies initialized[39m[38;5;3m +0ms[39m
[32m[Nest] 33056  - [39m30/04/2026, 0:13:18 [32m    LOG[39m [38;5;3m[InstanceLoader] [39m[32mTransferenciasModule dependencies initialized[39m[38;5;3m +0ms[39m
[32m[Nest] 33056  - [39m30/04/2026, 0:13:18 [32m    LOG[39m [38;5;3m[InstanceLoader] [39m[32mNotificacionesModule dependencies initialized[39m[38;5;3m +0ms[39m
[32m[Nest] 33056  - [39m30/04/2026, 0:13:18 [32m    LOG[39m [38;5;3m[InstanceLoader] [39m[32mAnaliticaModule dependencies initialized[39m[38;5;3m +0ms[39m
[32m[Nest] 33056  - [39m30/04/2026, 0:13:18 [32m    LOG[39m [38;5;3m[RoutesResolver] [39m[32mAppController {/}:[39m[38;5;3m +44ms[39m
[32m[Nest] 33056  - [39m30/04/2026, 0:13:18 [32m    LOG[39m [38;5;3m[RouterExplorer] [39m[32mMapped {/, GET} route[39m[38;5;3m +3ms[39m
[32m[Nest] 33056  - [39m30/04/2026, 0:13:18 [32m    LOG[39m [38;5;3m[RoutesResolver] [39m[32mAuthController {/auth}:[39m[38;5;3m +0ms[39m
[32m[Nest] 33056  - [39m30/04/2026, 0:13:18 [32m    LOG[39m [38;5;3m[RouterExplorer] [39m[32mMapped {/auth/login, POST} route[39m[38;5;3m +1ms[39m
[32m[Nest] 33056  - [39m30/04/2026, 0:13:18 [32m    LOG[39m [38;5;3m[RoutesResolver] [39m[32mUsuariosController {/usuarios}:[39m[38;5;3m +0ms[39m
[32m[Nest] 33056  - [39m30/04/2026, 0:13:18 [32m    LOG[39m [38;5;3m[RouterExplorer] [39m[32mMapped {/usuarios, POST} route[39m[38;5;3m +1ms[39m
[32m[Nest] 33056  - [39m30/04/2026, 0:13:18 [32m    LOG[39m [38;5;3m[RouterExplorer] [39m[32mMapped {/usuarios, GET} route[39m[38;5;3m +0ms[39m
[32m[Nest] 33056  - [39m30/04/2026, 0:13:18 [32m    LOG[39m [38;5;3m[RouterExplorer] [39m[32mMapped {/usuarios/:id, GET} route[39m[38;5;3m +1ms[39m
[32m[Nest] 33056  - [39m30/04/2026, 0:13:18 [32m    LOG[39m [38;5;3m[RoutesResolver] [39m[32mProductosController {/productos}:[39m[38;5;3m +0ms[39m
[32m[Nest] 33056  - [39m30/04/2026, 0:13:18 [32m    LOG[39m [38;5;3m[RouterExplorer] [39m[32mMapped {/productos/inventario, GET} route[39m[38;5;3m +0ms[39m
[32m[Nest] 33056  - [39m30/04/2026, 0:13:18 [32m    LOG[39m [38;5;3m[RouterExplorer] [39m[32mMapped {/productos, GET} route[39m[38;5;3m +0ms[39m
[32m[Nest] 33056  - [39m30/04/2026, 0:13:18 [32m    LOG[39m [38;5;3m[RouterExplorer] [39m[32mMapped {/productos/:id, GET} route[39m[38;5;3m +1ms[39m
[32m[Nest] 33056  - [39m30/04/2026, 0:13:18 [32m    LOG[39m [38;5;3m[RouterExplorer] [39m[32mMapped {/productos, POST} route[39m[38;5;3m +0ms[39m
[32m[Nest] 33056  - [39m30/04/2026, 0:13:18 [32m    LOG[39m [38;5;3m[RouterExplorer] [39m[32mMapped {/productos/:id, PATCH} route[39m[38;5;3m +1ms[39m
[32m[Nest] 33056  - [39m30/04/2026, 0:13:18 [32m    LOG[39m [38;5;3m[RouterExplorer] [39m[32mMapped {/productos/:id, DELETE} route[39m[38;5;3m +0ms[39m
[32m[Nest] 33056  - [39m30/04/2026, 0:13:18 [32m    LOG[39m [38;5;3m[RoutesResolver] [39m[32mKitsController {/kits}:[39m[38;5;3m +0ms[39m
[32m[Nest] 33056  - [39m30/04/2026, 0:13:18 [32m    LOG[39m [38;5;3m[RouterExplorer] [39m[32mMapped {/kits, GET} route[39m[38;5;3m +0ms[39m
[32m[Nest] 33056  - [39m30/04/2026, 0:13:18 [32m    LOG[39m [38;5;3m[RouterExplorer] [39m[32mMapped {/kits/:id, GET} route[39m[38;5;3m +1ms[39m
[32m[Nest] 33056  - [39m30/04/2026, 0:13:18 [32m    LOG[39m [38;5;3m[RouterExplorer] [39m[32mMapped {/kits, POST} route[39m[38;5;3m +0ms[39m
[32m[Nest] 33056  - [39m30/04/2026, 0:13:18 [32m    LOG[39m [38;5;3m[RouterExplorer] [39m[32mMapped {/kits/:id, DELETE} route[39m[38;5;3m +0ms[39m
[32m[Nest] 33056  - [39m30/04/2026, 0:13:18 [32m    LOG[39m [38;5;3m[RoutesResolver] [39m[32mLotesController {/lotes}:[39m[38;5;3m +0ms[39m
[32m[Nest] 33056  - [39m30/04/2026, 0:13:18 [32m    LOG[39m [38;5;3m[RouterExplorer] [39m[32mMapped {/lotes, POST} route[39m[38;5;3m +0ms[39m
[32m[Nest] 33056  - [39m30/04/2026, 0:13:18 [32m    LOG[39m [38;5;3m[RouterExplorer] [39m[32mMapped {/lotes/producto/:id_producto, GET} route[39m[38;5;3m +0ms[39m
[32m[Nest] 33056  - [39m30/04/2026, 0:13:18 [32m    LOG[39m [38;5;3m[RoutesResolver] [39m[32mMovimientosController {/movimientos}:[39m[38;5;3m +0ms[39m
[32m[Nest] 33056  - [39m30/04/2026, 0:13:18 [32m    LOG[39m [38;5;3m[RouterExplorer] [39m[32mMapped {/movimientos, GET} route[39m[38;5;3m +1ms[39m
[32m[Nest] 33056  - [39m30/04/2026, 0:13:18 [32m    LOG[39m [38;5;3m[RouterExplorer] [39m[32mMapped {/movimientos/despachar-kit, POST} route[39m[38;5;3m +0ms[39m
[32m[Nest] 33056  - [39m30/04/2026, 0:13:18 [32m    LOG[39m [38;5;3m[RoutesResolver] [39m[32mTransferenciasController {/transferencias}:[39m[38;5;3m +0ms[39m
[32m[Nest] 33056  - [39m30/04/2026, 0:13:18 [32m    LOG[39m [38;5;3m[RouterExplorer] [39m[32mMapped {/transferencias, GET} route[39m[38;5;3m +0ms[39m
[32m[Nest] 33056  - [39m30/04/2026, 0:13:18 [32m    LOG[39m [38;5;3m[RouterExplorer] [39m[32mMapped {/transferencias/:id, GET} route[39m[38;5;3m +1ms[39m
[32m[Nest] 33056  - [39m30/04/2026, 0:13:18 [32m    LOG[39m [38;5;3m[RouterExplorer] [39m[32mMapped {/transferencias/enviar, POST} route[39m[38;5;3m +3ms[39m
[32m[Nest] 33056  - [39m30/04/2026, 0:13:18 [32m    LOG[39m [38;5;3m[RouterExplorer] [39m[32mMapped {/transferencias/recibir, POST} route[39m[38;5;3m +1ms[39m
[32m[Nest] 33056  - [39m30/04/2026, 0:13:18 [32m    LOG[39m [38;5;3m[RoutesResolver] [39m[32mNotificacionesController {/notificaciones}:[39m[38;5;3m +0ms[39m
[32m[Nest] 33056  - [39m30/04/2026, 0:13:18 [32m    LOG[39m [38;5;3m[RouterExplorer] [39m[32mMapped {/notificaciones/revisar, POST} route[39m[38;5;3m +0ms[39m
[32m[Nest] 33056  - [39m30/04/2026, 0:13:18 [32m    LOG[39m [38;5;3m[RoutesResolver] [39m[32mAnaliticaController {/analitica}:[39m[38;5;3m +1ms[39m
[32m[Nest] 33056  - [39m30/04/2026, 0:13:18 [32m    LOG[39m [38;5;3m[RouterExplorer] [39m[32mMapped {/analitica/entrenar/:id_sucursal, GET} route[39m[38;5;3m +0ms[39m
[32m[Nest] 33056  - [39m30/04/2026, 0:13:18 [32m    LOG[39m [38;5;3m[RouterExplorer] [39m[32mMapped {/analitica/prediccion/:id_sucursal, GET} route[39m[38;5;3m +0ms[39m
[32m[Nest] 33056  - [39m30/04/2026, 0:13:19 [32m    LOG[39m [38;5;3m[NestApplication] [39m[32mNest application successfully started[39m[38;5;3m +87ms[39m
[31m[Nest] 33056  - [39m30/04/2026, 0:13:19 [31m  ERROR[39m [38;5;3m[NestApplication] [39m[31mError: listen EADDRINUSE: address already in use :::3000[39m[38;5;3m +2ms[39m
node:internal/errors:491
    ErrorCaptureStackTrace(err);
    ^

Error: listen EADDRINUSE: address already in use :::3000
    at __node_internal_captureLargerStackTrace (node:internal/errors:491:5)
    at __node_internal_uvExceptionWithHostPort (node:internal/errors:590:12)
    at Server.setupListenHandle [as _listen2] (node:net:1733:16)
    at listenInCluster (node:net:1781:12)
    at Server.listen (node:net:1869:7)
    at ExpressAdapter.listen (C:\Users\Crist\Desktop\ProyectoCedent\cendent-backend\node_modules\@nestjs\platform-express\adapters\express-adapter.js:115:32)
    at C:\Users\Crist\Desktop\ProyectoCedent\cendent-backend\node_modules\@nestjs\core\nest-application.js:188:30
    at new Promise (<anonymous>)
    at NestApplication.listen (C:\Users\Crist\Desktop\ProyectoCedent\cendent-backend\node_modules\@nestjs\core\nest-application.js:178:16)
    at bootstrap (C:\Users\Crist\Desktop\ProyectoCedent\cendent-backend\src\main.ts:27:3) {
  code: 'EADDRINUSE',
  errno: -4091,
  syscall: 'listen',
  address: '::',
  port: 3000
}

Node.js v18.13.0
[2J[3J[H[[90m0:27:36[0m] File change detected. Starting incremental compilation...

[[90m0:27:36[0m] Found 0 errors. Watching for file changes.

[32m[Nest] 31976  - [39m30/04/2026, 0:27:38 [32m    LOG[39m [38;5;3m[NestFactory] [39m[32mStarting Nest application...[39m
[32m[Nest] 31976  - [39m30/04/2026, 0:27:38 [32m    LOG[39m [38;5;3m[InstanceLoader] [39m[32mPrismaModule dependencies initialized[39m[38;5;3m +27ms[39m
[32m[Nest] 31976  - [39m30/04/2026, 0:27:38 [32m    LOG[39m [38;5;3m[InstanceLoader] [39m[32mPassportModule dependencies initialized[39m[38;5;3m +1ms[39m
[32m[Nest] 31976  - [39m30/04/2026, 0:27:38 [32m    LOG[39m [38;5;3m[InstanceLoader] [39m[32mJwtModule dependencies initialized[39m[38;5;3m +3ms[39m
[32m[Nest] 31976  - [39m30/04/2026, 0:27:38 [32m    LOG[39m [38;5;3m[InstanceLoader] [39m[32mDiscoveryModule dependencies initialized[39m[38;5;3m +0ms[39m
[32m[Nest] 31976  - [39m30/04/2026, 0:27:38 [32m    LOG[39m [38;5;3m[InstanceLoader] [39m[32mAppModule dependencies initialized[39m[38;5;3m +2ms[39m
[32m[Nest] 31976  - [39m30/04/2026, 0:27:38 [32m    LOG[39m [38;5;3m[InstanceLoader] [39m[32mScheduleModule dependencies initialized[39m[38;5;3m +0ms[39m
[32m[Nest] 31976  - [39m30/04/2026, 0:27:38 [32m    LOG[39m [38;5;3m[InstanceLoader] [39m[32mMovimientosModule dependencies initialized[39m[38;5;3m +0ms[39m
[32m[Nest] 31976  - [39m30/04/2026, 0:27:38 [32m    LOG[39m [38;5;3m[InstanceLoader] [39m[32mAuthModule dependencies initialized[39m[38;5;3m +1ms[39m
[32m[Nest] 31976  - [39m30/04/2026, 0:27:38 [32m    LOG[39m [38;5;3m[InstanceLoader] [39m[32mKitsModule dependencies initialized[39m[38;5;3m +0ms[39m
[32m[Nest] 31976  - [39m30/04/2026, 0:27:38 [32m    LOG[39m [38;5;3m[InstanceLoader] [39m[32mUsuariosModule dependencies initialized[39m[38;5;3m +0ms[39m
[32m[Nest] 31976  - [39m30/04/2026, 0:27:38 [32m    LOG[39m [38;5;3m[InstanceLoader] [39m[32mProductosModule dependencies initialized[39m[38;5;3m +0ms[39m
[32m[Nest] 31976  - [39m30/04/2026, 0:27:38 [32m    LOG[39m [38;5;3m[InstanceLoader] [39m[32mLotesModule dependencies initialized[39m[38;5;3m +1ms[39m
[32m[Nest] 31976  - [39m30/04/2026, 0:27:38 [32m    LOG[39m [38;5;3m[InstanceLoader] [39m[32mTransferenciasModule dependencies initialized[39m[38;5;3m +0ms[39m
[32m[Nest] 31976  - [39m30/04/2026, 0:27:38 [32m    LOG[39m [38;5;3m[InstanceLoader] [39m[32mNotificacionesModule dependencies initialized[39m[38;5;3m +0ms[39m
[32m[Nest] 31976  - [39m30/04/2026, 0:27:38 [32m    LOG[39m [38;5;3m[InstanceLoader] [39m[32mAnaliticaModule dependencies initialized[39m[38;5;3m +0ms[39m
[32m[Nest] 31976  - [39m30/04/2026, 0:27:38 [32m    LOG[39m [38;5;3m[RoutesResolver] [39m[32mAppController {/}:[39m[38;5;3m +43ms[39m
[32m[Nest] 31976  - [39m30/04/2026, 0:27:38 [32m    LOG[39m [38;5;3m[RouterExplorer] [39m[32mMapped {/, GET} route[39m[38;5;3m +2ms[39m
[32m[Nest] 31976  - [39m30/04/2026, 0:27:38 [32m    LOG[39m [38;5;3m[RoutesResolver] [39m[32mAuthController {/auth}:[39m[38;5;3m +0ms[39m
[32m[Nest] 31976  - [39m30/04/2026, 0:27:38 [32m    LOG[39m [38;5;3m[RouterExplorer] [39m[32mMapped {/auth/login, POST} route[39m[38;5;3m +1ms[39m
[32m[Nest] 31976  - [39m30/04/2026, 0:27:38 [32m    LOG[39m [38;5;3m[RoutesResolver] [39m[32mUsuariosController {/usuarios}:[39m[38;5;3m +0ms[39m
[32m[Nest] 31976  - [39m30/04/2026, 0:27:38 [32m    LOG[39m [38;5;3m[RouterExplorer] [39m[32mMapped {/usuarios, POST} route[39m[38;5;3m +1ms[39m
[32m[Nest] 31976  - [39m30/04/2026, 0:27:38 [32m    LOG[39m [38;5;3m[RouterExplorer] [39m[32mMapped {/usuarios, GET} route[39m[38;5;3m +0ms[39m
[32m[Nest] 31976  - [39m30/04/2026, 0:27:38 [32m    LOG[39m [38;5;3m[RouterExplorer] [39m[32mMapped {/usuarios/:id, GET} route[39m[38;5;3m +1ms[39m
[32m[Nest] 31976  - [39m30/04/2026, 0:27:38 [32m    LOG[39m [38;5;3m[RoutesResolver] [39m[32mProductosController {/productos}:[39m[38;5;3m +0ms[39m
[32m[Nest] 31976  - [39m30/04/2026, 0:27:38 [32m    LOG[39m [38;5;3m[RouterExplorer] [39m[32mMapped {/productos/inventario, GET} route[39m[38;5;3m +0ms[39m
[32m[Nest] 31976  - [39m30/04/2026, 0:27:38 [32m    LOG[39m [38;5;3m[RouterExplorer] [39m[32mMapped {/productos, GET} route[39m[38;5;3m +0ms[39m
[32m[Nest] 31976  - [39m30/04/2026, 0:27:38 [32m    LOG[39m [38;5;3m[RouterExplorer] [39m[32mMapped {/productos/:id, GET} route[39m[38;5;3m +1ms[39m
[32m[Nest] 31976  - [39m30/04/2026, 0:27:38 [32m    LOG[39m [38;5;3m[RouterExplorer] [39m[32mMapped {/productos, POST} route[39m[38;5;3m +0ms[39m
[32m[Nest] 31976  - [39m30/04/2026, 0:27:38 [32m    LOG[39m [38;5;3m[RouterExplorer] [39m[32mMapped {/productos/:id, PATCH} route[39m[38;5;3m +0ms[39m
[32m[Nest] 31976  - [39m30/04/2026, 0:27:38 [32m    LOG[39m [38;5;3m[RouterExplorer] [39m[32mMapped {/productos/:id, DELETE} route[39m[38;5;3m +1ms[39m
[32m[Nest] 31976  - [39m30/04/2026, 0:27:38 [32m    LOG[39m [38;5;3m[RoutesResolver] [39m[32mKitsController {/kits}:[39m[38;5;3m +0ms[39m
[32m[Nest] 31976  - [39m30/04/2026, 0:27:38 [32m    LOG[39m [38;5;3m[RouterExplorer] [39m[32mMapped {/kits, GET} route[39m[38;5;3m +0ms[39m
[32m[Nest] 31976  - [39m30/04/2026, 0:27:38 [32m    LOG[39m [38;5;3m[RouterExplorer] [39m[32mMapped {/kits/:id, GET} route[39m[38;5;3m +0ms[39m
[32m[Nest] 31976  - [39m30/04/2026, 0:27:38 [32m    LOG[39m [38;5;3m[RouterExplorer] [39m[32mMapped {/kits, POST} route[39m[38;5;3m +0ms[39m
[32m[Nest] 31976  - [39m30/04/2026, 0:27:38 [32m    LOG[39m [38;5;3m[RouterExplorer] [39m[32mMapped {/kits/:id, DELETE} route[39m[38;5;3m +1ms[39m
[32m[Nest] 31976  - [39m30/04/2026, 0:27:38 [32m    LOG[39m [38;5;3m[RoutesResolver] [39m[32mLotesController {/lotes}:[39m[38;5;3m +0ms[39m
[32m[Nest] 31976  - [39m30/04/2026, 0:27:38 [32m    LOG[39m [38;5;3m[RouterExplorer] [39m[32mMapped {/lotes, POST} route[39m[38;5;3m +0ms[39m
[32m[Nest] 31976  - [39m30/04/2026, 0:27:38 [32m    LOG[39m [38;5;3m[RouterExplorer] [39m[32mMapped {/lotes/producto/:id_producto, GET} route[39m[38;5;3m +3ms[39m
[32m[Nest] 31976  - [39m30/04/2026, 0:27:38 [32m    LOG[39m [38;5;3m[RoutesResolver] [39m[32mMovimientosController {/movimientos}:[39m[38;5;3m +0ms[39m
[32m[Nest] 31976  - [39m30/04/2026, 0:27:38 [32m    LOG[39m [38;5;3m[RouterExplorer] [39m[32mMapped {/movimientos, GET} route[39m[38;5;3m +0ms[39m
[32m[Nest] 31976  - [39m30/04/2026, 0:27:38 [32m    LOG[39m [38;5;3m[RouterExplorer] [39m[32mMapped {/movimientos/despachar-kit, POST} route[39m[38;5;3m +0ms[39m
[32m[Nest] 31976  - [39m30/04/2026, 0:27:38 [32m    LOG[39m [38;5;3m[RoutesResolver] [39m[32mTransferenciasController {/transferencias}:[39m[38;5;3m +0ms[39m
[32m[Nest] 31976  - [39m30/04/2026, 0:27:38 [32m    LOG[39m [38;5;3m[RouterExplorer] [39m[32mMapped {/transferencias, GET} route[39m[38;5;3m +0ms[39m
[32m[Nest] 31976  - [39m30/04/2026, 0:27:38 [32m    LOG[39m [38;5;3m[RouterExplorer] [39m[32mMapped {/transferencias/:id, GET} route[39m[38;5;3m +1ms[39m
[32m[Nest] 31976  - [39m30/04/2026, 0:27:38 [32m    LOG[39m [38;5;3m[RouterExplorer] [39m[32mMapped {/transferencias/enviar, POST} route[39m[38;5;3m +0ms[39m
[32m[Nest] 31976  - [39m30/04/2026, 0:27:38 [32m    LOG[39m [38;5;3m[RouterExplorer] [39m[32mMapped {/transferencias/recibir, POST} route[39m[38;5;3m +0ms[39m
[32m[Nest] 31976  - [39m30/04/2026, 0:27:38 [32m    LOG[39m [38;5;3m[RoutesResolver] [39m[32mNotificacionesController {/notificaciones}:[39m[38;5;3m +0ms[39m
[32m[Nest] 31976  - [39m30/04/2026, 0:27:38 [32m    LOG[39m [38;5;3m[RouterExplorer] [39m[32mMapped {/notificaciones/revisar, POST} route[39m[38;5;3m +0ms[39m
[32m[Nest] 31976  - [39m30/04/2026, 0:27:38 [32m    LOG[39m [38;5;3m[RoutesResolver] [39m[32mAnaliticaController {/analitica}:[39m[38;5;3m +0ms[39m
[32m[Nest] 31976  - [39m30/04/2026, 0:27:38 [32m    LOG[39m [38;5;3m[RouterExplorer] [39m[32mMapped {/analitica/entrenar/:id_sucursal, GET} route[39m[38;5;3m +1ms[39m
[32m[Nest] 31976  - [39m30/04/2026, 0:27:38 [32m    LOG[39m [38;5;3m[RouterExplorer] [39m[32mMapped {/analitica/prediccion/:id_sucursal, GET} route[39m[38;5;3m +0ms[39m
[32m[Nest] 31976  - [39m30/04/2026, 0:27:38 [32m    LOG[39m [38;5;3m[NestApplication] [39m[32mNest application successfully started[39m[38;5;3m +172ms[39m
[31m[Nest] 31976  - [39m30/04/2026, 0:27:38 [31m  ERROR[39m [38;5;3m[NestApplication] [39m[31mError: listen EADDRINUSE: address already in use :::3000[39m[38;5;3m +2ms[39m
node:internal/errors:491
    ErrorCaptureStackTrace(err);
    ^

Error: listen EADDRINUSE: address already in use :::3000
    at __node_internal_captureLargerStackTrace (node:internal/errors:491:5)
    at __node_internal_uvExceptionWithHostPort (node:internal/errors:590:12)
    at Server.setupListenHandle [as _listen2] (node:net:1733:16)
    at listenInCluster (node:net:1781:12)
    at Server.listen (node:net:1869:7)
    at ExpressAdapter.listen (C:\Users\Crist\Desktop\ProyectoCedent\cendent-backend\node_modules\@nestjs\platform-express\adapters\express-adapter.js:115:32)
    at C:\Users\Crist\Desktop\ProyectoCedent\cendent-backend\node_modules\@nestjs\core\nest-application.js:188:30
    at new Promise (<anonymous>)
    at NestApplication.listen (C:\Users\Crist\Desktop\ProyectoCedent\cendent-backend\node_modules\@nestjs\core\nest-application.js:178:16)
    at bootstrap (C:\Users\Crist\Desktop\ProyectoCedent\cendent-backend\src\main.ts:27:3) {
  code: 'EADDRINUSE',
  errno: -4091,
  syscall: 'listen',
  address: '::',
  port: 3000
}

Node.js v18.13.0
[2J[3J[H[[90m0:27:44[0m] File change detected. Starting incremental compilation...

[[90m0:27:44[0m] Found 0 errors. Watching for file changes.

[32m[Nest] 32892  - [39m30/04/2026, 0:27:46 [32m    LOG[39m [38;5;3m[NestFactory] [39m[32mStarting Nest application...[39m
[32m[Nest] 32892  - [39m30/04/2026, 0:27:46 [32m    LOG[39m [38;5;3m[InstanceLoader] [39m[32mPrismaModule dependencies initialized[39m[38;5;3m +29ms[39m
[32m[Nest] 32892  - [39m30/04/2026, 0:27:46 [32m    LOG[39m [38;5;3m[InstanceLoader] [39m[32mPassportModule dependencies initialized[39m[38;5;3m +1ms[39m
[32m[Nest] 32892  - [39m30/04/2026, 0:27:46 [32m    LOG[39m [38;5;3m[InstanceLoader] [39m[32mJwtModule dependencies initialized[39m[38;5;3m +3ms[39m
[32m[Nest] 32892  - [39m30/04/2026, 0:27:46 [32m    LOG[39m [38;5;3m[InstanceLoader] [39m[32mDiscoveryModule dependencies initialized[39m[38;5;3m +1ms[39m
[32m[Nest] 32892  - [39m30/04/2026, 0:27:46 [32m    LOG[39m [38;5;3m[InstanceLoader] [39m[32mAppModule dependencies initialized[39m[38;5;3m +1ms[39m
[32m[Nest] 32892  - [39m30/04/2026, 0:27:46 [32m    LOG[39m [38;5;3m[InstanceLoader] [39m[32mScheduleModule dependencies initialized[39m[38;5;3m +1ms[39m
[32m[Nest] 32892  - [39m30/04/2026, 0:27:46 [32m    LOG[39m [38;5;3m[InstanceLoader] [39m[32mAuthModule dependencies initialized[39m[38;5;3m +1ms[39m
[32m[Nest] 32892  - [39m30/04/2026, 0:27:46 [32m    LOG[39m [38;5;3m[InstanceLoader] [39m[32mKitsModule dependencies initialized[39m[38;5;3m +0ms[39m
[32m[Nest] 32892  - [39m30/04/2026, 0:27:46 [32m    LOG[39m [38;5;3m[InstanceLoader] [39m[32mUsuariosModule dependencies initialized[39m[38;5;3m +0ms[39m
[32m[Nest] 32892  - [39m30/04/2026, 0:27:46 [32m    LOG[39m [38;5;3m[InstanceLoader] [39m[32mProductosModule dependencies initialized[39m[38;5;3m +0ms[39m
[32m[Nest] 32892  - [39m30/04/2026, 0:27:46 [32m    LOG[39m [38;5;3m[InstanceLoader] [39m[32mLotesModule dependencies initialized[39m[38;5;3m +1ms[39m
[32m[Nest] 32892  - [39m30/04/2026, 0:27:46 [32m    LOG[39m [38;5;3m[InstanceLoader] [39m[32mMovimientosModule dependencies initialized[39m[38;5;3m +0ms[39m
[32m[Nest] 32892  - [39m30/04/2026, 0:27:46 [32m    LOG[39m [38;5;3m[InstanceLoader] [39m[32mTransferenciasModule dependencies initialized[39m[38;5;3m +0ms[39m
[32m[Nest] 32892  - [39m30/04/2026, 0:27:46 [32m    LOG[39m [38;5;3m[InstanceLoader] [39m[32mNotificacionesModule dependencies initialized[39m[38;5;3m +0ms[39m
[32m[Nest] 32892  - [39m30/04/2026, 0:27:46 [32m    LOG[39m [38;5;3m[InstanceLoader] [39m[32mAnaliticaModule dependencies initialized[39m[38;5;3m +0ms[39m
[32m[Nest] 32892  - [39m30/04/2026, 0:27:46 [32m    LOG[39m [38;5;3m[RoutesResolver] [39m[32mAppController {/}:[39m[38;5;3m +47ms[39m
[32m[Nest] 32892  - [39m30/04/2026, 0:27:46 [32m    LOG[39m [38;5;3m[RouterExplorer] [39m[32mMapped {/, GET} route[39m[38;5;3m +4ms[39m
[32m[Nest] 32892  - [39m30/04/2026, 0:27:46 [32m    LOG[39m [38;5;3m[RoutesResolver] [39m[32mAuthController {/auth}:[39m[38;5;3m +0ms[39m
[32m[Nest] 32892  - [39m30/04/2026, 0:27:46 [32m    LOG[39m [38;5;3m[RouterExplorer] [39m[32mMapped {/auth/login, POST} route[39m[38;5;3m +1ms[39m
[32m[Nest] 32892  - [39m30/04/2026, 0:27:46 [32m    LOG[39m [38;5;3m[RoutesResolver] [39m[32mUsuariosController {/usuarios}:[39m[38;5;3m +0ms[39m
[32m[Nest] 32892  - [39m30/04/2026, 0:27:46 [32m    LOG[39m [38;5;3m[RouterExplorer] [39m[32mMapped {/usuarios, POST} route[39m[38;5;3m +1ms[39m
[32m[Nest] 32892  - [39m30/04/2026, 0:27:46 [32m    LOG[39m [38;5;3m[RouterExplorer] [39m[32mMapped {/usuarios, GET} route[39m[38;5;3m +0ms[39m
[32m[Nest] 32892  - [39m30/04/2026, 0:27:46 [32m    LOG[39m [38;5;3m[RouterExplorer] [39m[32mMapped {/usuarios/:id, GET} route[39m[38;5;3m +1ms[39m
[32m[Nest] 32892  - [39m30/04/2026, 0:27:46 [32m    LOG[39m [38;5;3m[RoutesResolver] [39m[32mProductosController {/productos}:[39m[38;5;3m +0ms[39m
[32m[Nest] 32892  - [39m30/04/2026, 0:27:46 [32m    LOG[39m [38;5;3m[RouterExplorer] [39m[32mMapped {/productos/inventario, GET} route[39m[38;5;3m +1ms[39m
[32m[Nest] 32892  - [39m30/04/2026, 0:27:46 [32m    LOG[39m [38;5;3m[RouterExplorer] [39m[32mMapped {/productos, GET} route[39m[38;5;3m +0ms[39m
[32m[Nest] 32892  - [39m30/04/2026, 0:27:46 [32m    LOG[39m [38;5;3m[RouterExplorer] [39m[32mMapped {/productos/:id, GET} route[39m[38;5;3m +0ms[39m
[32m[Nest] 32892  - [39m30/04/2026, 0:27:46 [32m    LOG[39m [38;5;3m[RouterExplorer] [39m[32mMapped {/productos, POST} route[39m[38;5;3m +1ms[39m
[32m[Nest] 32892  - [39m30/04/2026, 0:27:46 [32m    LOG[39m [38;5;3m[RouterExplorer] [39m[32mMapped {/productos/:id, PATCH} route[39m[38;5;3m +0ms[39m
[32m[Nest] 32892  - [39m30/04/2026, 0:27:46 [32m    LOG[39m [38;5;3m[RouterExplorer] [39m[32mMapped {/productos/:id, DELETE} route[39m[38;5;3m +1ms[39m
[32m[Nest] 32892  - [39m30/04/2026, 0:27:46 [32m    LOG[39m [38;5;3m[RoutesResolver] [39m[32mKitsController {/kits}:[39m[38;5;3m +0ms[39m
[32m[Nest] 32892  - [39m30/04/2026, 0:27:46 [32m    LOG[39m [38;5;3m[RouterExplorer] [39m[32mMapped {/kits, GET} route[39m[38;5;3m +0ms[39m
[32m[Nest] 32892  - [39m30/04/2026, 0:27:46 [32m    LOG[39m [38;5;3m[RouterExplorer] [39m[32mMapped {/kits/:id, GET} route[39m[38;5;3m +0ms[39m
[32m[Nest] 32892  - [39m30/04/2026, 0:27:46 [32m    LOG[39m [38;5;3m[RouterExplorer] [39m[32mMapped {/kits, POST} route[39m[38;5;3m +1ms[39m
[32m[Nest] 32892  - [39m30/04/2026, 0:27:46 [32m    LOG[39m [38;5;3m[RouterExplorer] [39m[32mMapped {/kits/:id, DELETE} route[39m[38;5;3m +0ms[39m
[32m[Nest] 32892  - [39m30/04/2026, 0:27:46 [32m    LOG[39m [38;5;3m[RoutesResolver] [39m[32mLotesController {/lotes}:[39m[38;5;3m +0ms[39m
[32m[Nest] 32892  - [39m30/04/2026, 0:27:46 [32m    LOG[39m [38;5;3m[RouterExplorer] [39m[32mMapped {/lotes, POST} route[39m[38;5;3m +0ms[39m
[32m[Nest] 32892  - [39m30/04/2026, 0:27:46 [32m    LOG[39m [38;5;3m[RouterExplorer] [39m[32mMapped {/lotes/producto/:id_producto, GET} route[39m[38;5;3m +5ms[39m
[32m[Nest] 32892  - [39m30/04/2026, 0:27:46 [32m    LOG[39m [38;5;3m[RoutesResolver] [39m[32mMovimientosController {/movimientos}:[39m[38;5;3m +0ms[39m
[32m[Nest] 32892  - [39m30/04/2026, 0:27:46 [32m    LOG[39m [38;5;3m[RouterExplorer] [39m[32mMapped {/movimientos, GET} route[39m[38;5;3m +0ms[39m
[32m[Nest] 32892  - [39m30/04/2026, 0:27:46 [32m    LOG[39m [38;5;3m[RouterExplorer] [39m[32mMapped {/movimientos/despachar-kit, POST} route[39m[38;5;3m +0ms[39m
[32m[Nest] 32892  - [39m30/04/2026, 0:27:46 [32m    LOG[39m [38;5;3m[RoutesResolver] [39m[32mTransferenciasController {/transferencias}:[39m[38;5;3m +0ms[39m
[32m[Nest] 32892  - [39m30/04/2026, 0:27:46 [32m    LOG[39m [38;5;3m[RouterExplorer] [39m[32mMapped {/transferencias, GET} route[39m[38;5;3m +0ms[39m
[32m[Nest] 32892  - [39m30/04/2026, 0:27:46 [32m    LOG[39m [38;5;3m[RouterExplorer] [39m[32mMapped {/transferencias/:id, GET} route[39m[38;5;3m +0ms[39m
[32m[Nest] 32892  - [39m30/04/2026, 0:27:46 [32m    LOG[39m [38;5;3m[RouterExplorer] [39m[32mMapped {/transferencias/enviar, POST} route[39m[38;5;3m +0ms[39m
[32m[Nest] 32892  - [39m30/04/2026, 0:27:46 [32m    LOG[39m [38;5;3m[RouterExplorer] [39m[32mMapped {/transferencias/recibir, POST} route[39m[38;5;3m +0ms[39m
[32m[Nest] 32892  - [39m30/04/2026, 0:27:46 [32m    LOG[39m [38;5;3m[RoutesResolver] [39m[32mNotificacionesController {/notificaciones}:[39m[38;5;3m +1ms[39m
[32m[Nest] 32892  - [39m30/04/2026, 0:27:46 [32m    LOG[39m [38;5;3m[RouterExplorer] [39m[32mMapped {/notificaciones/revisar, POST} route[39m[38;5;3m +0ms[39m
[32m[Nest] 32892  - [39m30/04/2026, 0:27:46 [32m    LOG[39m [38;5;3m[RoutesResolver] [39m[32mAnaliticaController {/analitica}:[39m[38;5;3m +0ms[39m
[32m[Nest] 32892  - [39m30/04/2026, 0:27:46 [32m    LOG[39m [38;5;3m[RouterExplorer] [39m[32mMapped {/analitica/entrenar/:id_sucursal, GET} route[39m[38;5;3m +0ms[39m
[32m[Nest] 32892  - [39m30/04/2026, 0:27:46 [32m    LOG[39m [38;5;3m[RouterExplorer] [39m[32mMapped {/analitica/prediccion/:id_sucursal, GET} route[39m[38;5;3m +0ms[39m
[32m[Nest] 32892  - [39m30/04/2026, 0:27:46 [32m    LOG[39m [38;5;3m[NestApplication] [39m[32mNest application successfully started[39m[38;5;3m +64ms[39m
[31m[Nest] 32892  - [39m30/04/2026, 0:27:46 [31m  ERROR[39m [38;5;3m[NestApplication] [39m[31mError: listen EADDRINUSE: address already in use :::3000[39m[38;5;3m +2ms[39m
node:internal/errors:491
    ErrorCaptureStackTrace(err);
    ^

Error: listen EADDRINUSE: address already in use :::3000
    at __node_internal_captureLargerStackTrace (node:internal/errors:491:5)
    at __node_internal_uvExceptionWithHostPort (node:internal/errors:590:12)
    at Server.setupListenHandle [as _listen2] (node:net:1733:16)
    at listenInCluster (node:net:1781:12)
    at Server.listen (node:net:1869:7)
    at ExpressAdapter.listen (C:\Users\Crist\Desktop\ProyectoCedent\cendent-backend\node_modules\@nestjs\platform-express\adapters\express-adapter.js:115:32)
    at C:\Users\Crist\Desktop\ProyectoCedent\cendent-backend\node_modules\@nestjs\core\nest-application.js:188:30
    at new Promise (<anonymous>)
    at NestApplication.listen (C:\Users\Crist\Desktop\ProyectoCedent\cendent-backend\node_modules\@nestjs\core\nest-application.js:178:16)
    at bootstrap (C:\Users\Crist\Desktop\ProyectoCedent\cendent-backend\src\main.ts:27:3) {
  code: 'EADDRINUSE',
  errno: -4091,
  syscall: 'listen',
  address: '::',
  port: 3000
}

Node.js v18.13.0
[2J[3J[H[[90m0:27:54[0m] File change detected. Starting incremental compilation...

[[90m0:27:55[0m] Found 0 errors. Watching for file changes.

[32m[Nest] 6024  - [39m30/04/2026, 0:27:56 [32m    LOG[39m [38;5;3m[NestFactory] [39m[32mStarting Nest application...[39m
[32m[Nest] 6024  - [39m30/04/2026, 0:27:56 [32m    LOG[39m [38;5;3m[InstanceLoader] [39m[32mPrismaModule dependencies initialized[39m[38;5;3m +30ms[39m
[32m[Nest] 6024  - [39m30/04/2026, 0:27:56 [32m    LOG[39m [38;5;3m[InstanceLoader] [39m[32mPassportModule dependencies initialized[39m[38;5;3m +0ms[39m
[32m[Nest] 6024  - [39m30/04/2026, 0:27:56 [32m    LOG[39m [38;5;3m[InstanceLoader] [39m[32mJwtModule dependencies initialized[39m[38;5;3m +3ms[39m
[32m[Nest] 6024  - [39m30/04/2026, 0:27:56 [32m    LOG[39m [38;5;3m[InstanceLoader] [39m[32mDiscoveryModule dependencies initialized[39m[38;5;3m +0ms[39m
[32m[Nest] 6024  - [39m30/04/2026, 0:27:56 [32m    LOG[39m [38;5;3m[InstanceLoader] [39m[32mAppModule dependencies initialized[39m[38;5;3m +2ms[39m
[32m[Nest] 6024  - [39m30/04/2026, 0:27:56 [32m    LOG[39m [38;5;3m[InstanceLoader] [39m[32mScheduleModule dependencies initialized[39m[38;5;3m +1ms[39m
[32m[Nest] 6024  - [39m30/04/2026, 0:27:56 [32m    LOG[39m [38;5;3m[InstanceLoader] [39m[32mAuthModule dependencies initialized[39m[38;5;3m +1ms[39m
[32m[Nest] 6024  - [39m30/04/2026, 0:27:56 [32m    LOG[39m [38;5;3m[InstanceLoader] [39m[32mUsuariosModule dependencies initialized[39m[38;5;3m +0ms[39m
[32m[Nest] 6024  - [39m30/04/2026, 0:27:56 [32m    LOG[39m [38;5;3m[InstanceLoader] [39m[32mProductosModule dependencies initialized[39m[38;5;3m +0ms[39m
[32m[Nest] 6024  - [39m30/04/2026, 0:27:56 [32m    LOG[39m [38;5;3m[InstanceLoader] [39m[32mKitsModule dependencies initialized[39m[38;5;3m +0ms[39m
[32m[Nest] 6024  - [39m30/04/2026, 0:27:56 [32m    LOG[39m [38;5;3m[InstanceLoader] [39m[32mLotesModule dependencies initialized[39m[38;5;3m +1ms[39m
[32m[Nest] 6024  - [39m30/04/2026, 0:27:56 [32m    LOG[39m [38;5;3m[InstanceLoader] [39m[32mMovimientosModule dependencies initialized[39m[38;5;3m +0ms[39m
[32m[Nest] 6024  - [39m30/04/2026, 0:27:56 [32m    LOG[39m [38;5;3m[InstanceLoader] [39m[32mTransferenciasModule dependencies initialized[39m[38;5;3m +0ms[39m
[32m[Nest] 6024  - [39m30/04/2026, 0:27:56 [32m    LOG[39m [38;5;3m[InstanceLoader] [39m[32mNotificacionesModule dependencies initialized[39m[38;5;3m +0ms[39m
[32m[Nest] 6024  - [39m30/04/2026, 0:27:56 [32m    LOG[39m [38;5;3m[InstanceLoader] [39m[32mAnaliticaModule dependencies initialized[39m[38;5;3m +0ms[39m
[32m[Nest] 6024  - [39m30/04/2026, 0:27:57 [32m    LOG[39m [38;5;3m[RoutesResolver] [39m[32mAppController {/}:[39m[38;5;3m +39ms[39m
[32m[Nest] 6024  - [39m30/04/2026, 0:27:57 [32m    LOG[39m [38;5;3m[RouterExplorer] [39m[32mMapped {/, GET} route[39m[38;5;3m +3ms[39m
[32m[Nest] 6024  - [39m30/04/2026, 0:27:57 [32m    LOG[39m [38;5;3m[RoutesResolver] [39m[32mAuthController {/auth}:[39m[38;5;3m +0ms[39m
[32m[Nest] 6024  - [39m30/04/2026, 0:27:57 [32m    LOG[39m [38;5;3m[RouterExplorer] [39m[32mMapped {/auth/login, POST} route[39m[38;5;3m +0ms[39m
[32m[Nest] 6024  - [39m30/04/2026, 0:27:57 [32m    LOG[39m [38;5;3m[RoutesResolver] [39m[32mUsuariosController {/usuarios}:[39m[38;5;3m +0ms[39m
[32m[Nest] 6024  - [39m30/04/2026, 0:27:57 [32m    LOG[39m [38;5;3m[RouterExplorer] [39m[32mMapped {/usuarios, POST} route[39m[38;5;3m +1ms[39m
[32m[Nest] 6024  - [39m30/04/2026, 0:27:57 [32m    LOG[39m [38;5;3m[RouterExplorer] [39m[32mMapped {/usuarios, GET} route[39m[38;5;3m +0ms[39m
[32m[Nest] 6024  - [39m30/04/2026, 0:27:57 [32m    LOG[39m [38;5;3m[RouterExplorer] [39m[32mMapped {/usuarios/:id, GET} route[39m[38;5;3m +1ms[39m
[32m[Nest] 6024  - [39m30/04/2026, 0:27:57 [32m    LOG[39m [38;5;3m[RoutesResolver] [39m[32mProductosController {/productos}:[39m[38;5;3m +0ms[39m
[32m[Nest] 6024  - [39m30/04/2026, 0:27:57 [32m    LOG[39m [38;5;3m[RouterExplorer] [39m[32mMapped {/productos/inventario, GET} route[39m[38;5;3m +0ms[39m
[32m[Nest] 6024  - [39m30/04/2026, 0:27:57 [32m    LOG[39m [38;5;3m[RouterExplorer] [39m[32mMapped {/productos, GET} route[39m[38;5;3m +1ms[39m
[32m[Nest] 6024  - [39m30/04/2026, 0:27:57 [32m    LOG[39m [38;5;3m[RouterExplorer] [39m[32mMapped {/productos/:id, GET} route[39m[38;5;3m +0ms[39m
[32m[Nest] 6024  - [39m30/04/2026, 0:27:57 [32m    LOG[39m [38;5;3m[RouterExplorer] [39m[32mMapped {/productos, POST} route[39m[38;5;3m +0ms[39m
[32m[Nest] 6024  - [39m30/04/2026, 0:27:57 [32m    LOG[39m [38;5;3m[RouterExplorer] [39m[32mMapped {/productos/:id, PATCH} route[39m[38;5;3m +3ms[39m
[32m[Nest] 6024  - [39m30/04/2026, 0:27:57 [32m    LOG[39m [38;5;3m[RouterExplorer] [39m[32mMapped {/productos/:id, DELETE} route[39m[38;5;3m +1ms[39m
[32m[Nest] 6024  - [39m30/04/2026, 0:27:57 [32m    LOG[39m [38;5;3m[RoutesResolver] [39m[32mKitsController {/kits}:[39m[38;5;3m +0ms[39m
[32m[Nest] 6024  - [39m30/04/2026, 0:27:57 [32m    LOG[39m [38;5;3m[RouterExplorer] [39m[32mMapped {/kits, GET} route[39m[38;5;3m +1ms[39m
[32m[Nest] 6024  - [39m30/04/2026, 0:27:57 [32m    LOG[39m [38;5;3m[RouterExplorer] [39m[32mMapped {/kits/:id, GET} route[39m[38;5;3m +0ms[39m
[32m[Nest] 6024  - [39m30/04/2026, 0:27:57 [32m    LOG[39m [38;5;3m[RouterExplorer] [39m[32mMapped {/kits, POST} route[39m[38;5;3m +1ms[39m
[32m[Nest] 6024  - [39m30/04/2026, 0:27:57 [32m    LOG[39m [38;5;3m[RouterExplorer] [39m[32mMapped {/kits/:id, DELETE} route[39m[38;5;3m +0ms[39m
[32m[Nest] 6024  - [39m30/04/2026, 0:27:57 [32m    LOG[39m [38;5;3m[RoutesResolver] [39m[32mLotesController {/lotes}:[39m[38;5;3m +0ms[39m
[32m[Nest] 6024  - [39m30/04/2026, 0:27:57 [32m    LOG[39m [38;5;3m[RouterExplorer] [39m[32mMapped {/lotes, POST} route[39m[38;5;3m +0ms[39m
[32m[Nest] 6024  - [39m30/04/2026, 0:27:57 [32m    LOG[39m [38;5;3m[RouterExplorer] [39m[32mMapped {/lotes/producto/:id_producto, GET} route[39m[38;5;3m +1ms[39m
[32m[Nest] 6024  - [39m30/04/2026, 0:27:57 [32m    LOG[39m [38;5;3m[RoutesResolver] [39m[32mMovimientosController {/movimientos}:[39m[38;5;3m +0ms[39m
[32m[Nest] 6024  - [39m30/04/2026, 0:27:57 [32m    LOG[39m [38;5;3m[RouterExplorer] [39m[32mMapped {/movimientos, GET} route[39m[38;5;3m +0ms[39m
[32m[Nest] 6024  - [39m30/04/2026, 0:27:57 [32m    LOG[39m [38;5;3m[RouterExplorer] [39m[32mMapped {/movimientos/despachar-kit, POST} route[39m[38;5;3m +0ms[39m
[32m[Nest] 6024  - [39m30/04/2026, 0:27:57 [32m    LOG[39m [38;5;3m[RoutesResolver] [39m[32mTransferenciasController {/transferencias}:[39m[38;5;3m +0ms[39m
[32m[Nest] 6024  - [39m30/04/2026, 0:27:57 [32m    LOG[39m [38;5;3m[RouterExplorer] [39m[32mMapped {/transferencias, GET} route[39m[38;5;3m +0ms[39m
[32m[Nest] 6024  - [39m30/04/2026, 0:27:57 [32m    LOG[39m [38;5;3m[RouterExplorer] [39m[32mMapped {/transferencias/:id, GET} route[39m[38;5;3m +0ms[39m
[32m[Nest] 6024  - [39m30/04/2026, 0:27:57 [32m    LOG[39m [38;5;3m[RouterExplorer] [39m[32mMapped {/transferencias/enviar, POST} route[39m[38;5;3m +1ms[39m
[32m[Nest] 6024  - [39m30/04/2026, 0:27:57 [32m    LOG[39m [38;5;3m[RouterExplorer] [39m[32mMapped {/transferencias/recibir, POST} route[39m[38;5;3m +0ms[39m
[32m[Nest] 6024  - [39m30/04/2026, 0:27:57 [32m    LOG[39m [38;5;3m[RoutesResolver] [39m[32mNotificacionesController {/notificaciones}:[39m[38;5;3m +0ms[39m
[32m[Nest] 6024  - [39m30/04/2026, 0:27:57 [32m    LOG[39m [38;5;3m[RouterExplorer] [39m[32mMapped {/notificaciones/revisar, POST} route[39m[38;5;3m +0ms[39m
[32m[Nest] 6024  - [39m30/04/2026, 0:27:57 [32m    LOG[39m [38;5;3m[RoutesResolver] [39m[32mAnaliticaController {/analitica}:[39m[38;5;3m +0ms[39m
[32m[Nest] 6024  - [39m30/04/2026, 0:27:57 [32m    LOG[39m [38;5;3m[RouterExplorer] [39m[32mMapped {/analitica/entrenar/:id_sucursal, GET} route[39m[38;5;3m +1ms[39m
[32m[Nest] 6024  - [39m30/04/2026, 0:27:57 [32m    LOG[39m [38;5;3m[RouterExplorer] [39m[32mMapped {/analitica/prediccion/:id_sucursal, GET} route[39m[38;5;3m +0ms[39m
[32m[Nest] 6024  - [39m30/04/2026, 0:27:57 [32m    LOG[39m [38;5;3m[NestApplication] [39m[32mNest application successfully started[39m[38;5;3m +61ms[39m
[31m[Nest] 6024  - [39m30/04/2026, 0:27:57 [31m  ERROR[39m [38;5;3m[NestApplication] [39m[31mError: listen EADDRINUSE: address already in use :::3000[39m[38;5;3m +2ms[39m
node:internal/errors:491
    ErrorCaptureStackTrace(err);
    ^

Error: listen EADDRINUSE: address already in use :::3000
    at __node_internal_captureLargerStackTrace (node:internal/errors:491:5)
    at __node_internal_uvExceptionWithHostPort (node:internal/errors:590:12)
    at Server.setupListenHandle [as _listen2] (node:net:1733:16)
    at listenInCluster (node:net:1781:12)
    at Server.listen (node:net:1869:7)
    at ExpressAdapter.listen (C:\Users\Crist\Desktop\ProyectoCedent\cendent-backend\node_modules\@nestjs\platform-express\adapters\express-adapter.js:115:32)
    at C:\Users\Crist\Desktop\ProyectoCedent\cendent-backend\node_modules\@nestjs\core\nest-application.js:188:30
    at new Promise (<anonymous>)
    at NestApplication.listen (C:\Users\Crist\Desktop\ProyectoCedent\cendent-backend\node_modules\@nestjs\core\nest-application.js:178:16)
    at bootstrap (C:\Users\Crist\Desktop\ProyectoCedent\cendent-backend\src\main.ts:27:3) {
  code: 'EADDRINUSE',
  errno: -4091,
  syscall: 'listen',
  address: '::',
  port: 3000
}

Node.js v18.13.0
[2J[3J[H[[90m0:28:01[0m] File change detected. Starting incremental compilation...

[2J[3J[H[[90m0:28:02[0m] File change detected. Starting incremental compilation...

[2J[3J[H[[90m0:51:12[0m] File change detected. Starting incremental compilation...

[96msrc/transferencias/transferencias.service.ts[0m:[93m56[0m:[93m60[0m - [91merror[0m[90m TS2339: [0mProperty 'id_sucursal_origen' does not exist on type 'EnviarTransferenciaDto'.

[7m56[0m           where: { id_lote: item.id_lote, id_sucursal: dto.id_sucursal_origen },
[7m  [0m [91m                                                           ~~~~~~~~~~~~~~~~~~[0m

[96msrc/transferencias/transferencias.service.ts[0m:[93m61[0m:[93m73[0m - [91merror[0m[90m TS2339: [0mProperty 'id_sucursal_origen' does not exist on type 'EnviarTransferenciaDto'.

[7m61[0m             `Lote ${item.id_lote} no existe en la sucursal origen ${dto.id_sucursal_origen}`,
[7m  [0m [91m                                                                        ~~~~~~~~~~~~~~~~~~[0m

[96msrc/transferencias/transferencias.service.ts[0m:[93m84[0m:[93m35[0m - [91merror[0m[90m TS2339: [0mProperty 'id_sucursal_origen' does not exist on type 'EnviarTransferenciaDto'.

[7m84[0m           id_sucursal_origen: dto.id_sucursal_origen,
[7m  [0m [91m                                  ~~~~~~~~~~~~~~~~~~[0m

[96msrc/transferencias/transferencias.service.ts[0m:[93m85[0m:[93m36[0m - [91merror[0m[90m TS2339: [0mProperty 'id_sucursal_destino' does not exist on type 'EnviarTransferenciaDto'.

[7m85[0m           id_sucursal_destino: dto.id_sucursal_destino,
[7m  [0m [91m                                   ~~~~~~~~~~~~~~~~~~~[0m

[[90m0:51:12[0m] Found 4 errors. Watching for file changes.

[2J[3J[H[[90m0:51:35[0m] File change detected. Starting incremental compilation...

[96msrc/transferencias/transferencias.controller.ts[0m:[93m38[0m:[93m39[0m - [91merror[0m[90m TS2554: [0mExpected 2 arguments, but got 1.

[7m38[0m     return this.transferenciasService.enviarTransferencia(dto);
[7m  [0m [91m                                      ~~~~~~~~~~~~~~~~~~~[0m

  [96msrc/transferencias/transferencias.service.ts[0m:[93m51[0m:[93m58[0m
    [7m51[0m   async enviarTransferencia(dto: EnviarTransferenciaDto, idSucursalOrigen: number) {
    [7m  [0m [96m                                                         ~~~~~~~~~~~~~~~~~~~~~~~~[0m
    An argument for 'idSucursalOrigen' was not provided.

[[90m0:51:36[0m] Found 1 error. Watching for file changes.

[2J[3J[H[[90m0:51:44[0m] File change detected. Starting incremental compilation...

[[90m0:51:44[0m] Found 0 errors. Watching for file changes.

[32m[Nest] 25952  - [39m30/04/2026, 0:51:46 [32m    LOG[39m [38;5;3m[NestFactory] [39m[32mStarting Nest application...[39m
[32m[Nest] 25952  - [39m30/04/2026, 0:51:46 [32m    LOG[39m [38;5;3m[InstanceLoader] [39m[32mPrismaModule dependencies initialized[39m[38;5;3m +31ms[39m
[32m[Nest] 25952  - [39m30/04/2026, 0:51:46 [32m    LOG[39m [38;5;3m[InstanceLoader] [39m[32mPassportModule dependencies initialized[39m[38;5;3m +0ms[39m
[32m[Nest] 25952  - [39m30/04/2026, 0:51:46 [32m    LOG[39m [38;5;3m[InstanceLoader] [39m[32mJwtModule dependencies initialized[39m[38;5;3m +3ms[39m
[32m[Nest] 25952  - [39m30/04/2026, 0:51:46 [32m    LOG[39m [38;5;3m[InstanceLoader] [39m[32mDiscoveryModule dependencies initialized[39m[38;5;3m +0ms[39m
[32m[Nest] 25952  - [39m30/04/2026, 0:51:46 [32m    LOG[39m [38;5;3m[InstanceLoader] [39m[32mAppModule dependencies initialized[39m[38;5;3m +2ms[39m
[32m[Nest] 25952  - [39m30/04/2026, 0:51:46 [32m    LOG[39m [38;5;3m[InstanceLoader] [39m[32mScheduleModule dependencies initialized[39m[38;5;3m +1ms[39m
[32m[Nest] 25952  - [39m30/04/2026, 0:51:46 [32m    LOG[39m [38;5;3m[InstanceLoader] [39m[32mAuthModule dependencies initialized[39m[38;5;3m +1ms[39m
[32m[Nest] 25952  - [39m30/04/2026, 0:51:46 [32m    LOG[39m [38;5;3m[InstanceLoader] [39m[32mUsuariosModule dependencies initialized[39m[38;5;3m +0ms[39m
[32m[Nest] 25952  - [39m30/04/2026, 0:51:46 [32m    LOG[39m [38;5;3m[InstanceLoader] [39m[32mProductosModule dependencies initialized[39m[38;5;3m +0ms[39m
[32m[Nest] 25952  - [39m30/04/2026, 0:51:46 [32m    LOG[39m [38;5;3m[InstanceLoader] [39m[32mKitsModule dependencies initialized[39m[38;5;3m +0ms[39m
[32m[Nest] 25952  - [39m30/04/2026, 0:51:46 [32m    LOG[39m [38;5;3m[InstanceLoader] [39m[32mLotesModule dependencies initialized[39m[38;5;3m +1ms[39m
[32m[Nest] 25952  - [39m30/04/2026, 0:51:46 [32m    LOG[39m [38;5;3m[InstanceLoader] [39m[32mMovimientosModule dependencies initialized[39m[38;5;3m +0ms[39m
[32m[Nest] 25952  - [39m30/04/2026, 0:51:46 [32m    LOG[39m [38;5;3m[InstanceLoader] [39m[32mTransferenciasModule dependencies initialized[39m[38;5;3m +0ms[39m
[32m[Nest] 25952  - [39m30/04/2026, 0:51:46 [32m    LOG[39m [38;5;3m[InstanceLoader] [39m[32mNotificacionesModule dependencies initialized[39m[38;5;3m +0ms[39m
[32m[Nest] 25952  - [39m30/04/2026, 0:51:46 [32m    LOG[39m [38;5;3m[InstanceLoader] [39m[32mAnaliticaModule dependencies initialized[39m[38;5;3m +0ms[39m
[32m[Nest] 25952  - [39m30/04/2026, 0:51:46 [32m    LOG[39m [38;5;3m[RoutesResolver] [39m[32mAppController {/}:[39m[38;5;3m +57ms[39m
[32m[Nest] 25952  - [39m30/04/2026, 0:51:46 [32m    LOG[39m [38;5;3m[RouterExplorer] [39m[32mMapped {/, GET} route[39m[38;5;3m +2ms[39m
[32m[Nest] 25952  - [39m30/04/2026, 0:51:46 [32m    LOG[39m [38;5;3m[RoutesResolver] [39m[32mAuthController {/auth}:[39m[38;5;3m +0ms[39m
[32m[Nest] 25952  - [39m30/04/2026, 0:51:46 [32m    LOG[39m [38;5;3m[RouterExplorer] [39m[32mMapped {/auth/login, POST} route[39m[38;5;3m +1ms[39m
[32m[Nest] 25952  - [39m30/04/2026, 0:51:46 [32m    LOG[39m [38;5;3m[RoutesResolver] [39m[32mUsuariosController {/usuarios}:[39m[38;5;3m +0ms[39m
[32m[Nest] 25952  - [39m30/04/2026, 0:51:46 [32m    LOG[39m [38;5;3m[RouterExplorer] [39m[32mMapped {/usuarios, POST} route[39m[38;5;3m +1ms[39m
[32m[Nest] 25952  - [39m30/04/2026, 0:51:46 [32m    LOG[39m [38;5;3m[RouterExplorer] [39m[32mMapped {/usuarios, GET} route[39m[38;5;3m +0ms[39m
[32m[Nest] 25952  - [39m30/04/2026, 0:51:46 [32m    LOG[39m [38;5;3m[RouterExplorer] [39m[32mMapped {/usuarios/:id, GET} route[39m[38;5;3m +0ms[39m
[32m[Nest] 25952  - [39m30/04/2026, 0:51:46 [32m    LOG[39m [38;5;3m[RoutesResolver] [39m[32mProductosController {/productos}:[39m[38;5;3m +1ms[39m
[32m[Nest] 25952  - [39m30/04/2026, 0:51:46 [32m    LOG[39m [38;5;3m[RouterExplorer] [39m[32mMapped {/productos/inventario, GET} route[39m[38;5;3m +0ms[39m
[32m[Nest] 25952  - [39m30/04/2026, 0:51:46 [32m    LOG[39m [38;5;3m[RouterExplorer] [39m[32mMapped {/productos, GET} route[39m[38;5;3m +0ms[39m
[32m[Nest] 25952  - [39m30/04/2026, 0:51:46 [32m    LOG[39m [38;5;3m[RouterExplorer] [39m[32mMapped {/productos/:id, GET} route[39m[38;5;3m +3ms[39m
[32m[Nest] 25952  - [39m30/04/2026, 0:51:46 [32m    LOG[39m [38;5;3m[RouterExplorer] [39m[32mMapped {/productos, POST} route[39m[38;5;3m +1ms[39m
[32m[Nest] 25952  - [39m30/04/2026, 0:51:46 [32m    LOG[39m [38;5;3m[RouterExplorer] [39m[32mMapped {/productos/:id, PATCH} route[39m[38;5;3m +0ms[39m
[32m[Nest] 25952  - [39m30/04/2026, 0:51:46 [32m    LOG[39m [38;5;3m[RouterExplorer] [39m[32mMapped {/productos/:id, DELETE} route[39m[38;5;3m +1ms[39m
[32m[Nest] 25952  - [39m30/04/2026, 0:51:46 [32m    LOG[39m [38;5;3m[RoutesResolver] [39m[32mKitsController {/kits}:[39m[38;5;3m +0ms[39m
[32m[Nest] 25952  - [39m30/04/2026, 0:51:46 [32m    LOG[39m [38;5;3m[RouterExplorer] [39m[32mMapped {/kits, GET} route[39m[38;5;3m +0ms[39m
[32m[Nest] 25952  - [39m30/04/2026, 0:51:46 [32m    LOG[39m [38;5;3m[RouterExplorer] [39m[32mMapped {/kits/:id, GET} route[39m[38;5;3m +1ms[39m
[32m[Nest] 25952  - [39m30/04/2026, 0:51:46 [32m    LOG[39m [38;5;3m[RouterExplorer] [39m[32mMapped {/kits, POST} route[39m[38;5;3m +0ms[39m
[32m[Nest] 25952  - [39m30/04/2026, 0:51:46 [32m    LOG[39m [38;5;3m[RouterExplorer] [39m[32mMapped {/kits/:id, DELETE} route[39m[38;5;3m +0ms[39m
[32m[Nest] 25952  - [39m30/04/2026, 0:51:46 [32m    LOG[39m [38;5;3m[RoutesResolver] [39m[32mLotesController {/lotes}:[39m[38;5;3m +0ms[39m
[32m[Nest] 25952  - [39m30/04/2026, 0:51:46 [32m    LOG[39m [38;5;3m[RouterExplorer] [39m[32mMapped {/lotes, POST} route[39m[38;5;3m +0ms[39m
[32m[Nest] 25952  - [39m30/04/2026, 0:51:46 [32m    LOG[39m [38;5;3m[RouterExplorer] [39m[32mMapped {/lotes/producto/:id_producto, GET} route[39m[38;5;3m +0ms[39m
[32m[Nest] 25952  - [39m30/04/2026, 0:51:46 [32m    LOG[39m [38;5;3m[RoutesResolver] [39m[32mMovimientosController {/movimientos}:[39m[38;5;3m +1ms[39m
[32m[Nest] 25952  - [39m30/04/2026, 0:51:46 [32m    LOG[39m [38;5;3m[RouterExplorer] [39m[32mMapped {/movimientos, GET} route[39m[38;5;3m +0ms[39m
[32m[Nest] 25952  - [39m30/04/2026, 0:51:46 [32m    LOG[39m [38;5;3m[RouterExplorer] [39m[32mMapped {/movimientos/despachar-kit, POST} route[39m[38;5;3m +0ms[39m
[32m[Nest] 25952  - [39m30/04/2026, 0:51:46 [32m    LOG[39m [38;5;3m[RoutesResolver] [39m[32mTransferenciasController {/transferencias}:[39m[38;5;3m +0ms[39m
[32m[Nest] 25952  - [39m30/04/2026, 0:51:46 [32m    LOG[39m [38;5;3m[RouterExplorer] [39m[32mMapped {/transferencias, GET} route[39m[38;5;3m +0ms[39m
[32m[Nest] 25952  - [39m30/04/2026, 0:51:46 [32m    LOG[39m [38;5;3m[RouterExplorer] [39m[32mMapped {/transferencias/:id, GET} route[39m[38;5;3m +1ms[39m
[32m[Nest] 25952  - [39m30/04/2026, 0:51:46 [32m    LOG[39m [38;5;3m[RouterExplorer] [39m[32mMapped {/transferencias/enviar, POST} route[39m[38;5;3m +0ms[39m
[32m[Nest] 25952  - [39m30/04/2026, 0:51:46 [32m    LOG[39m [38;5;3m[RouterExplorer] [39m[32mMapped {/transferencias/recibir, POST} route[39m[38;5;3m +0ms[39m
[32m[Nest] 25952  - [39m30/04/2026, 0:51:46 [32m    LOG[39m [38;5;3m[RoutesResolver] [39m[32mNotificacionesController {/notificaciones}:[39m[38;5;3m +0ms[39m
[32m[Nest] 25952  - [39m30/04/2026, 0:51:46 [32m    LOG[39m [38;5;3m[RouterExplorer] [39m[32mMapped {/notificaciones/revisar, POST} route[39m[38;5;3m +1ms[39m
[32m[Nest] 25952  - [39m30/04/2026, 0:51:46 [32m    LOG[39m [38;5;3m[RoutesResolver] [39m[32mAnaliticaController {/analitica}:[39m[38;5;3m +0ms[39m
[32m[Nest] 25952  - [39m30/04/2026, 0:51:46 [32m    LOG[39m [38;5;3m[RouterExplorer] [39m[32mMapped {/analitica/entrenar/:id_sucursal, GET} route[39m[38;5;3m +0ms[39m
[32m[Nest] 25952  - [39m30/04/2026, 0:51:46 [32m    LOG[39m [38;5;3m[RouterExplorer] [39m[32mMapped {/analitica/prediccion/:id_sucursal, GET} route[39m[38;5;3m +1ms[39m
[32m[Nest] 25952  - [39m30/04/2026, 0:51:46 [32m    LOG[39m [38;5;3m[NestApplication] [39m[32mNest application successfully started[39m[38;5;3m +74ms[39m
[31m[Nest] 25952  - [39m30/04/2026, 0:51:46 [31m  ERROR[39m [38;5;3m[NestApplication] [39m[31mError: listen EADDRINUSE: address already in use :::3000[39m[38;5;3m +2ms[39m
node:internal/errors:491
    ErrorCaptureStackTrace(err);
    ^

Error: listen EADDRINUSE: address already in use :::3000
    at __node_internal_captureLargerStackTrace (node:internal/errors:491:5)
    at __node_internal_uvExceptionWithHostPort (node:internal/errors:590:12)
    at Server.setupListenHandle [as _listen2] (node:net:1733:16)
    at listenInCluster (node:net:1781:12)
    at Server.listen (node:net:1869:7)
    at ExpressAdapter.listen (C:\Users\Crist\Desktop\ProyectoCedent\cendent-backend\node_modules\@nestjs\platform-express\adapters\express-adapter.js:115:32)
    at C:\Users\Crist\Desktop\ProyectoCedent\cendent-backend\node_modules\@nestjs\core\nest-application.js:188:30
    at new Promise (<anonymous>)
    at NestApplication.listen (C:\Users\Crist\Desktop\ProyectoCedent\cendent-backend\node_modules\@nestjs\core\nest-application.js:178:16)
    at bootstrap (C:\Users\Crist\Desktop\ProyectoCedent\cendent-backend\src\main.ts:27:3) {
  code: 'EADDRINUSE',
  errno: -4091,
  syscall: 'listen',
  address: '::',
  port: 3000
}

Node.js v18.13.0
[2J[3J[H[[90m0:51:54[0m] File change detected. Starting incremental compilation...

[[90m0:51:56[0m] Found 0 errors. Watching for file changes.

[32m[Nest] 31732  - [39m30/04/2026, 0:51:58 [32m    LOG[39m [38;5;3m[NestFactory] [39m[32mStarting Nest application...[39m
[32m[Nest] 31732  - [39m30/04/2026, 0:51:58 [32m    LOG[39m [38;5;3m[InstanceLoader] [39m[32mPrismaModule dependencies initialized[39m[38;5;3m +33ms[39m
[32m[Nest] 31732  - [39m30/04/2026, 0:51:58 [32m    LOG[39m [38;5;3m[InstanceLoader] [39m[32mPassportModule dependencies initialized[39m[38;5;3m +1ms[39m
[32m[Nest] 31732  - [39m30/04/2026, 0:51:58 [32m    LOG[39m [38;5;3m[InstanceLoader] [39m[32mJwtModule dependencies initialized[39m[38;5;3m +3ms[39m
[32m[Nest] 31732  - [39m30/04/2026, 0:51:58 [32m    LOG[39m [38;5;3m[InstanceLoader] [39m[32mDiscoveryModule dependencies initialized[39m[38;5;3m +0ms[39m
[32m[Nest] 31732  - [39m30/04/2026, 0:51:58 [32m    LOG[39m [38;5;3m[InstanceLoader] [39m[32mAppModule dependencies initialized[39m[38;5;3m +2ms[39m
[32m[Nest] 31732  - [39m30/04/2026, 0:51:58 [32m    LOG[39m [38;5;3m[InstanceLoader] [39m[32mScheduleModule dependencies initialized[39m[38;5;3m +1ms[39m
[32m[Nest] 31732  - [39m30/04/2026, 0:51:58 [32m    LOG[39m [38;5;3m[InstanceLoader] [39m[32mAuthModule dependencies initialized[39m[38;5;3m +1ms[39m
[32m[Nest] 31732  - [39m30/04/2026, 0:51:58 [32m    LOG[39m [38;5;3m[InstanceLoader] [39m[32mUsuariosModule dependencies initialized[39m[38;5;3m +0ms[39m
[32m[Nest] 31732  - [39m30/04/2026, 0:51:58 [32m    LOG[39m [38;5;3m[InstanceLoader] [39m[32mProductosModule dependencies initialized[39m[38;5;3m +0ms[39m
[32m[Nest] 31732  - [39m30/04/2026, 0:51:58 [32m    LOG[39m [38;5;3m[InstanceLoader] [39m[32mKitsModule dependencies initialized[39m[38;5;3m +0ms[39m
[32m[Nest] 31732  - [39m30/04/2026, 0:51:58 [32m    LOG[39m [38;5;3m[InstanceLoader] [39m[32mLotesModule dependencies initialized[39m[38;5;3m +0ms[39m
[32m[Nest] 31732  - [39m30/04/2026, 0:51:58 [32m    LOG[39m [38;5;3m[InstanceLoader] [39m[32mMovimientosModule dependencies initialized[39m[38;5;3m +1ms[39m
[32m[Nest] 31732  - [39m30/04/2026, 0:51:58 [32m    LOG[39m [38;5;3m[InstanceLoader] [39m[32mTransferenciasModule dependencies initialized[39m[38;5;3m +0ms[39m
[32m[Nest] 31732  - [39m30/04/2026, 0:51:58 [32m    LOG[39m [38;5;3m[InstanceLoader] [39m[32mNotificacionesModule dependencies initialized[39m[38;5;3m +0ms[39m
[32m[Nest] 31732  - [39m30/04/2026, 0:51:58 [32m    LOG[39m [38;5;3m[InstanceLoader] [39m[32mAnaliticaModule dependencies initialized[39m[38;5;3m +0ms[39m
[32m[Nest] 31732  - [39m30/04/2026, 0:51:58 [32m    LOG[39m [38;5;3m[RoutesResolver] [39m[32mAppController {/}:[39m[38;5;3m +49ms[39m
[32m[Nest] 31732  - [39m30/04/2026, 0:51:58 [32m    LOG[39m [38;5;3m[RouterExplorer] [39m[32mMapped {/, GET} route[39m[38;5;3m +2ms[39m
[32m[Nest] 31732  - [39m30/04/2026, 0:51:58 [32m    LOG[39m [38;5;3m[RoutesResolver] [39m[32mAuthController {/auth}:[39m[38;5;3m +0ms[39m
[32m[Nest] 31732  - [39m30/04/2026, 0:51:58 [32m    LOG[39m [38;5;3m[RouterExplorer] [39m[32mMapped {/auth/login, POST} route[39m[38;5;3m +0ms[39m
[32m[Nest] 31732  - [39m30/04/2026, 0:51:58 [32m    LOG[39m [38;5;3m[RoutesResolver] [39m[32mUsuariosController {/usuarios}:[39m[38;5;3m +0ms[39m
[32m[Nest] 31732  - [39m30/04/2026, 0:51:58 [32m    LOG[39m [38;5;3m[RouterExplorer] [39m[32mMapped {/usuarios, POST} route[39m[38;5;3m +0ms[39m
[32m[Nest] 31732  - [39m30/04/2026, 0:51:58 [32m    LOG[39m [38;5;3m[RouterExplorer] [39m[32mMapped {/usuarios, GET} route[39m[38;5;3m +0ms[39m
[32m[Nest] 31732  - [39m30/04/2026, 0:51:58 [32m    LOG[39m [38;5;3m[RouterExplorer] [39m[32mMapped {/usuarios/:id, GET} route[39m[38;5;3m +1ms[39m
[32m[Nest] 31732  - [39m30/04/2026, 0:51:58 [32m    LOG[39m [38;5;3m[RoutesResolver] [39m[32mProductosController {/productos}:[39m[38;5;3m +0ms[39m
[32m[Nest] 31732  - [39m30/04/2026, 0:51:58 [32m    LOG[39m [38;5;3m[RouterExplorer] [39m[32mMapped {/productos/inventario, GET} route[39m[38;5;3m +0ms[39m
[32m[Nest] 31732  - [39m30/04/2026, 0:51:58 [32m    LOG[39m [38;5;3m[RouterExplorer] [39m[32mMapped {/productos, GET} route[39m[38;5;3m +1ms[39m
[32m[Nest] 31732  - [39m30/04/2026, 0:51:58 [32m    LOG[39m [38;5;3m[RouterExplorer] [39m[32mMapped {/productos/:id, GET} route[39m[38;5;3m +0ms[39m
[32m[Nest] 31732  - [39m30/04/2026, 0:51:58 [32m    LOG[39m [38;5;3m[RouterExplorer] [39m[32mMapped {/productos, POST} route[39m[38;5;3m +1ms[39m
[32m[Nest] 31732  - [39m30/04/2026, 0:51:58 [32m    LOG[39m [38;5;3m[RouterExplorer] [39m[32mMapped {/productos/:id, PATCH} route[39m[38;5;3m +0ms[39m
[32m[Nest] 31732  - [39m30/04/2026, 0:51:58 [32m    LOG[39m [38;5;3m[RouterExplorer] [39m[32mMapped {/productos/:id, DELETE} route[39m[38;5;3m +0ms[39m
[32m[Nest] 31732  - [39m30/04/2026, 0:51:58 [32m    LOG[39m [38;5;3m[RoutesResolver] [39m[32mKitsController {/kits}:[39m[38;5;3m +0ms[39m
[32m[Nest] 31732  - [39m30/04/2026, 0:51:58 [32m    LOG[39m [38;5;3m[RouterExplorer] [39m[32mMapped {/kits, GET} route[39m[38;5;3m +1ms[39m
[32m[Nest] 31732  - [39m30/04/2026, 0:51:58 [32m    LOG[39m [38;5;3m[RouterExplorer] [39m[32mMapped {/kits/:id, GET} route[39m[38;5;3m +0ms[39m
[32m[Nest] 31732  - [39m30/04/2026, 0:51:58 [32m    LOG[39m [38;5;3m[RouterExplorer] [39m[32mMapped {/kits, POST} route[39m[38;5;3m +0ms[39m
[32m[Nest] 31732  - [39m30/04/2026, 0:51:58 [32m    LOG[39m [38;5;3m[RouterExplorer] [39m[32mMapped {/kits/:id, DELETE} route[39m[38;5;3m +0ms[39m
[32m[Nest] 31732  - [39m30/04/2026, 0:51:58 [32m    LOG[39m [38;5;3m[RoutesResolver] [39m[32mLotesController {/lotes}:[39m[38;5;3m +1ms[39m
[32m[Nest] 31732  - [39m30/04/2026, 0:51:58 [32m    LOG[39m [38;5;3m[RouterExplorer] [39m[32mMapped {/lotes, POST} route[39m[38;5;3m +0ms[39m
[32m[Nest] 31732  - [39m30/04/2026, 0:51:58 [32m    LOG[39m [38;5;3m[RouterExplorer] [39m[32mMapped {/lotes/producto/:id_producto, GET} route[39m[38;5;3m +3ms[39m
[32m[Nest] 31732  - [39m30/04/2026, 0:51:58 [32m    LOG[39m [38;5;3m[RoutesResolver] [39m[32mMovimientosController {/movimientos}:[39m[38;5;3m +0ms[39m
[32m[Nest] 31732  - [39m30/04/2026, 0:51:58 [32m    LOG[39m [38;5;3m[RouterExplorer] [39m[32mMapped {/movimientos, GET} route[39m[38;5;3m +1ms[39m
[32m[Nest] 31732  - [39m30/04/2026, 0:51:58 [32m    LOG[39m [38;5;3m[RouterExplorer] [39m[32mMapped {/movimientos/despachar-kit, POST} route[39m[38;5;3m +0ms[39m
[32m[Nest] 31732  - [39m30/04/2026, 0:51:58 [32m    LOG[39m [38;5;3m[RoutesResolver] [39m[32mTransferenciasController {/transferencias}:[39m[38;5;3m +0ms[39m
[32m[Nest] 31732  - [39m30/04/2026, 0:51:58 [32m    LOG[39m [38;5;3m[RouterExplorer] [39m[32mMapped {/transferencias, GET} route[39m[38;5;3m +0ms[39m
[32m[Nest] 31732  - [39m30/04/2026, 0:51:58 [32m    LOG[39m [38;5;3m[RouterExplorer] [39m[32mMapped {/transferencias/:id, GET} route[39m[38;5;3m +0ms[39m
[32m[Nest] 31732  - [39m30/04/2026, 0:51:58 [32m    LOG[39m [38;5;3m[RouterExplorer] [39m[32mMapped {/transferencias/enviar, POST} route[39m[38;5;3m +1ms[39m
[32m[Nest] 31732  - [39m30/04/2026, 0:51:58 [32m    LOG[39m [38;5;3m[RouterExplorer] [39m[32mMapped {/transferencias/recibir, POST} route[39m[38;5;3m +0ms[39m
[32m[Nest] 31732  - [39m30/04/2026, 0:51:58 [32m    LOG[39m [38;5;3m[RoutesResolver] [39m[32mNotificacionesController {/notificaciones}:[39m[38;5;3m +0ms[39m
[32m[Nest] 31732  - [39m30/04/2026, 0:51:58 [32m    LOG[39m [38;5;3m[RouterExplorer] [39m[32mMapped {/notificaciones/revisar, POST} route[39m[38;5;3m +0ms[39m
[32m[Nest] 31732  - [39m30/04/2026, 0:51:58 [32m    LOG[39m [38;5;3m[RoutesResolver] [39m[32mAnaliticaController {/analitica}:[39m[38;5;3m +0ms[39m
[32m[Nest] 31732  - [39m30/04/2026, 0:51:58 [32m    LOG[39m [38;5;3m[RouterExplorer] [39m[32mMapped {/analitica/entrenar/:id_sucursal, GET} route[39m[38;5;3m +1ms[39m
[32m[Nest] 31732  - [39m30/04/2026, 0:51:58 [32m    LOG[39m [38;5;3m[RouterExplorer] [39m[32mMapped {/analitica/prediccion/:id_sucursal, GET} route[39m[38;5;3m +0ms[39m
[32m[Nest] 31732  - [39m30/04/2026, 0:51:58 [32m    LOG[39m [38;5;3m[NestApplication] [39m[32mNest application successfully started[39m[38;5;3m +67ms[39m
[2J[3J[H[[90m1:09:55[0m] File change detected. Starting incremental compilation...

[96msrc/transferencias/transferencias.service.ts[0m:[93m69[0m:[93m30[0m - [91merror[0m[90m TS2339: [0mProperty 'lotes' does not exist on type 'EnviarTransferenciaDto'.

[7m69[0m       for (const item of dto.lotes) {
[7m  [0m [91m                             ~~~~~[0m

[96msrc/transferencias/transferencias.service.ts[0m:[93m101[0m:[93m33[0m - [91merror[0m[90m TS2339: [0mProperty 'id_usuario_envia' does not exist on type 'EnviarTransferenciaDto'.

[7m101[0m           id_usuario_envia: dto.id_usuario_envia,
[7m   [0m [91m                                ~~~~~~~~~~~~~~~~[0m

[96msrc/transferencias/transferencias.service.ts[0m:[93m107[0m:[93m30[0m - [91merror[0m[90m TS2339: [0mProperty 'lotes' does not exist on type 'EnviarTransferenciaDto'.

[7m107[0m       for (const item of dto.lotes) {
[7m   [0m [91m                             ~~~~~[0m

[96msrc/transferencias/transferencias.service.ts[0m:[93m118[0m:[93m29[0m - [91merror[0m[90m TS2339: [0mProperty 'id_usuario_envia' does not exist on type 'EnviarTransferenciaDto'.

[7m118[0m             id_usuario: dto.id_usuario_envia,
[7m   [0m [91m                            ~~~~~~~~~~~~~~~~[0m

[[90m1:09:56[0m] Found 4 errors. Watching for file changes.

[2J[3J[H[[90m1:10:25[0m] File change detected. Starting incremental compilation...

[96msrc/transferencias/transferencias.controller.ts[0m:[93m39[0m:[93m39[0m - [91merror[0m[90m TS2554: [0mExpected 3 arguments, but got 2.

[7m39[0m     return this.transferenciasService.enviarTransferencia(dto, req.user.id_sucursal);
[7m  [0m [91m                                      ~~~~~~~~~~~~~~~~~~~[0m

  [96msrc/transferencias/transferencias.service.ts[0m:[93m54[0m:[93m5[0m
    [7m54[0m     idUsuarioEnvia: number,
    [7m  [0m [96m    ~~~~~~~~~~~~~~~~~~~~~~[0m
    An argument for 'idUsuarioEnvia' was not provided.

[[90m1:10:25[0m] Found 1 error. Watching for file changes.

[2J[3J[H[[90m1:10:37[0m] File change detected. Starting incremental compilation...

[[90m1:10:37[0m] Found 0 errors. Watching for file changes.

[32m[Nest] 22632  - [39m30/04/2026, 1:10:39 [32m    LOG[39m [38;5;3m[NestFactory] [39m[32mStarting Nest application...[39m
[32m[Nest] 22632  - [39m30/04/2026, 1:10:39 [32m    LOG[39m [38;5;3m[InstanceLoader] [39m[32mPrismaModule dependencies initialized[39m[38;5;3m +23ms[39m
[32m[Nest] 22632  - [39m30/04/2026, 1:10:39 [32m    LOG[39m [38;5;3m[InstanceLoader] [39m[32mPassportModule dependencies initialized[39m[38;5;3m +0ms[39m
[32m[Nest] 22632  - [39m30/04/2026, 1:10:39 [32m    LOG[39m [38;5;3m[InstanceLoader] [39m[32mJwtModule dependencies initialized[39m[38;5;3m +3ms[39m
[32m[Nest] 22632  - [39m30/04/2026, 1:10:39 [32m    LOG[39m [38;5;3m[InstanceLoader] [39m[32mDiscoveryModule dependencies initialized[39m[38;5;3m +0ms[39m
[32m[Nest] 22632  - [39m30/04/2026, 1:10:39 [32m    LOG[39m [38;5;3m[InstanceLoader] [39m[32mAppModule dependencies initialized[39m[38;5;3m +2ms[39m
[32m[Nest] 22632  - [39m30/04/2026, 1:10:39 [32m    LOG[39m [38;5;3m[InstanceLoader] [39m[32mScheduleModule dependencies initialized[39m[38;5;3m +0ms[39m
[32m[Nest] 22632  - [39m30/04/2026, 1:10:39 [32m    LOG[39m [38;5;3m[InstanceLoader] [39m[32mAuthModule dependencies initialized[39m[38;5;3m +1ms[39m
[32m[Nest] 22632  - [39m30/04/2026, 1:10:39 [32m    LOG[39m [38;5;3m[InstanceLoader] [39m[32mUsuariosModule dependencies initialized[39m[38;5;3m +0ms[39m
[32m[Nest] 22632  - [39m30/04/2026, 1:10:39 [32m    LOG[39m [38;5;3m[InstanceLoader] [39m[32mProductosModule dependencies initialized[39m[38;5;3m +0ms[39m
[32m[Nest] 22632  - [39m30/04/2026, 1:10:39 [32m    LOG[39m [38;5;3m[InstanceLoader] [39m[32mKitsModule dependencies initialized[39m[38;5;3m +1ms[39m
[32m[Nest] 22632  - [39m30/04/2026, 1:10:39 [32m    LOG[39m [38;5;3m[InstanceLoader] [39m[32mLotesModule dependencies initialized[39m[38;5;3m +0ms[39m
[32m[Nest] 22632  - [39m30/04/2026, 1:10:39 [32m    LOG[39m [38;5;3m[InstanceLoader] [39m[32mMovimientosModule dependencies initialized[39m[38;5;3m +0ms[39m
[32m[Nest] 22632  - [39m30/04/2026, 1:10:39 [32m    LOG[39m [38;5;3m[InstanceLoader] [39m[32mTransferenciasModule dependencies initialized[39m[38;5;3m +0ms[39m
[32m[Nest] 22632  - [39m30/04/2026, 1:10:39 [32m    LOG[39m [38;5;3m[InstanceLoader] [39m[32mNotificacionesModule dependencies initialized[39m[38;5;3m +0ms[39m
[32m[Nest] 22632  - [39m30/04/2026, 1:10:39 [32m    LOG[39m [38;5;3m[InstanceLoader] [39m[32mAnaliticaModule dependencies initialized[39m[38;5;3m +0ms[39m
[32m[Nest] 22632  - [39m30/04/2026, 1:10:39 [32m    LOG[39m [38;5;3m[RoutesResolver] [39m[32mAppController {/}:[39m[38;5;3m +36ms[39m
[32m[Nest] 22632  - [39m30/04/2026, 1:10:39 [32m    LOG[39m [38;5;3m[RouterExplorer] [39m[32mMapped {/, GET} route[39m[38;5;3m +2ms[39m
[32m[Nest] 22632  - [39m30/04/2026, 1:10:39 [32m    LOG[39m [38;5;3m[RoutesResolver] [39m[32mAuthController {/auth}:[39m[38;5;3m +1ms[39m
[32m[Nest] 22632  - [39m30/04/2026, 1:10:39 [32m    LOG[39m [38;5;3m[RouterExplorer] [39m[32mMapped {/auth/login, POST} route[39m[38;5;3m +0ms[39m
[32m[Nest] 22632  - [39m30/04/2026, 1:10:39 [32m    LOG[39m [38;5;3m[RoutesResolver] [39m[32mUsuariosController {/usuarios}:[39m[38;5;3m +0ms[39m
[32m[Nest] 22632  - [39m30/04/2026, 1:10:39 [32m    LOG[39m [38;5;3m[RouterExplorer] [39m[32mMapped {/usuarios, POST} route[39m[38;5;3m +1ms[39m
[32m[Nest] 22632  - [39m30/04/2026, 1:10:39 [32m    LOG[39m [38;5;3m[RouterExplorer] [39m[32mMapped {/usuarios, GET} route[39m[38;5;3m +0ms[39m
[32m[Nest] 22632  - [39m30/04/2026, 1:10:39 [32m    LOG[39m [38;5;3m[RouterExplorer] [39m[32mMapped {/usuarios/:id, GET} route[39m[38;5;3m +1ms[39m
[32m[Nest] 22632  - [39m30/04/2026, 1:10:39 [32m    LOG[39m [38;5;3m[RoutesResolver] [39m[32mProductosController {/productos}:[39m[38;5;3m +0ms[39m
[32m[Nest] 22632  - [39m30/04/2026, 1:10:39 [32m    LOG[39m [38;5;3m[RouterExplorer] [39m[32mMapped {/productos/inventario, GET} route[39m[38;5;3m +0ms[39m
[32m[Nest] 22632  - [39m30/04/2026, 1:10:39 [32m    LOG[39m [38;5;3m[RouterExplorer] [39m[32mMapped {/productos, GET} route[39m[38;5;3m +0ms[39m
[32m[Nest] 22632  - [39m30/04/2026, 1:10:39 [32m    LOG[39m [38;5;3m[RouterExplorer] [39m[32mMapped {/productos/:id, GET} route[39m[38;5;3m +1ms[39m
[32m[Nest] 22632  - [39m30/04/2026, 1:10:39 [32m    LOG[39m [38;5;3m[RouterExplorer] [39m[32mMapped {/productos, POST} route[39m[38;5;3m +0ms[39m
[32m[Nest] 22632  - [39m30/04/2026, 1:10:39 [32m    LOG[39m [38;5;3m[RouterExplorer] [39m[32mMapped {/productos/:id, PATCH} route[39m[38;5;3m +0ms[39m
[32m[Nest] 22632  - [39m30/04/2026, 1:10:39 [32m    LOG[39m [38;5;3m[RouterExplorer] [39m[32mMapped {/productos/:id, DELETE} route[39m[38;5;3m +1ms[39m
[32m[Nest] 22632  - [39m30/04/2026, 1:10:39 [32m    LOG[39m [38;5;3m[RoutesResolver] [39m[32mKitsController {/kits}:[39m[38;5;3m +0ms[39m
[32m[Nest] 22632  - [39m30/04/2026, 1:10:39 [32m    LOG[39m [38;5;3m[RouterExplorer] [39m[32mMapped {/kits, GET} route[39m[38;5;3m +0ms[39m
[32m[Nest] 22632  - [39m30/04/2026, 1:10:39 [32m    LOG[39m [38;5;3m[RouterExplorer] [39m[32mMapped {/kits/:id, GET} route[39m[38;5;3m +0ms[39m
[32m[Nest] 22632  - [39m30/04/2026, 1:10:39 [32m    LOG[39m [38;5;3m[RouterExplorer] [39m[32mMapped {/kits, POST} route[39m[38;5;3m +1ms[39m
[32m[Nest] 22632  - [39m30/04/2026, 1:10:39 [32m    LOG[39m [38;5;3m[RouterExplorer] [39m[32mMapped {/kits/:id, DELETE} route[39m[38;5;3m +0ms[39m
[32m[Nest] 22632  - [39m30/04/2026, 1:10:39 [32m    LOG[39m [38;5;3m[RoutesResolver] [39m[32mLotesController {/lotes}:[39m[38;5;3m +0ms[39m
[32m[Nest] 22632  - [39m30/04/2026, 1:10:39 [32m    LOG[39m [38;5;3m[RouterExplorer] [39m[32mMapped {/lotes, POST} route[39m[38;5;3m +0ms[39m
[32m[Nest] 22632  - [39m30/04/2026, 1:10:39 [32m    LOG[39m [38;5;3m[RouterExplorer] [39m[32mMapped {/lotes/producto/:id_producto, GET} route[39m[38;5;3m +3ms[39m
[32m[Nest] 22632  - [39m30/04/2026, 1:10:39 [32m    LOG[39m [38;5;3m[RoutesResolver] [39m[32mMovimientosController {/movimientos}:[39m[38;5;3m +0ms[39m
[32m[Nest] 22632  - [39m30/04/2026, 1:10:39 [32m    LOG[39m [38;5;3m[RouterExplorer] [39m[32mMapped {/movimientos, GET} route[39m[38;5;3m +0ms[39m
[32m[Nest] 22632  - [39m30/04/2026, 1:10:39 [32m    LOG[39m [38;5;3m[RouterExplorer] [39m[32mMapped {/movimientos/despachar-kit, POST} route[39m[38;5;3m +0ms[39m
[32m[Nest] 22632  - [39m30/04/2026, 1:10:39 [32m    LOG[39m [38;5;3m[RoutesResolver] [39m[32mTransferenciasController {/transferencias}:[39m[38;5;3m +0ms[39m
[32m[Nest] 22632  - [39m30/04/2026, 1:10:39 [32m    LOG[39m [38;5;3m[RouterExplorer] [39m[32mMapped {/transferencias, GET} route[39m[38;5;3m +0ms[39m
[32m[Nest] 22632  - [39m30/04/2026, 1:10:39 [32m    LOG[39m [38;5;3m[RouterExplorer] [39m[32mMapped {/transferencias/:id, GET} route[39m[38;5;3m +1ms[39m
[32m[Nest] 22632  - [39m30/04/2026, 1:10:39 [32m    LOG[39m [38;5;3m[RouterExplorer] [39m[32mMapped {/transferencias/enviar, POST} route[39m[38;5;3m +0ms[39m
[32m[Nest] 22632  - [39m30/04/2026, 1:10:39 [32m    LOG[39m [38;5;3m[RouterExplorer] [39m[32mMapped {/transferencias/recibir, POST} route[39m[38;5;3m +0ms[39m
[32m[Nest] 22632  - [39m30/04/2026, 1:10:39 [32m    LOG[39m [38;5;3m[RoutesResolver] [39m[32mNotificacionesController {/notificaciones}:[39m[38;5;3m +0ms[39m
[32m[Nest] 22632  - [39m30/04/2026, 1:10:39 [32m    LOG[39m [38;5;3m[RouterExplorer] [39m[32mMapped {/notificaciones/revisar, POST} route[39m[38;5;3m +0ms[39m
[32m[Nest] 22632  - [39m30/04/2026, 1:10:39 [32m    LOG[39m [38;5;3m[RoutesResolver] [39m[32mAnaliticaController {/analitica}:[39m[38;5;3m +0ms[39m
[32m[Nest] 22632  - [39m30/04/2026, 1:10:39 [32m    LOG[39m [38;5;3m[RouterExplorer] [39m[32mMapped {/analitica/entrenar/:id_sucursal, GET} route[39m[38;5;3m +1ms[39m
[32m[Nest] 22632  - [39m30/04/2026, 1:10:39 [32m    LOG[39m [38;5;3m[RouterExplorer] [39m[32mMapped {/analitica/prediccion/:id_sucursal, GET} route[39m[38;5;3m +0ms[39m
[32m[Nest] 22632  - [39m30/04/2026, 1:10:39 [32m    LOG[39m [38;5;3m[NestApplication] [39m[32mNest application successfully started[39m[38;5;3m +62ms[39m
[31m[Nest] 22632  - [39m30/04/2026, 1:10:39 [31m  ERROR[39m [38;5;3m[NestApplication] [39m[31mError: listen EADDRINUSE: address already in use :::3000[39m[38;5;3m +2ms[39m
node:internal/errors:491
    ErrorCaptureStackTrace(err);
    ^

Error: listen EADDRINUSE: address already in use :::3000
    at __node_internal_captureLargerStackTrace (node:internal/errors:491:5)
    at __node_internal_uvExceptionWithHostPort (node:internal/errors:590:12)
    at Server.setupListenHandle [as _listen2] (node:net:1733:16)
    at listenInCluster (node:net:1781:12)
    at Server.listen (node:net:1869:7)
    at ExpressAdapter.listen (C:\Users\Crist\Desktop\ProyectoCedent\cendent-backend\node_modules\@nestjs\platform-express\adapters\express-adapter.js:115:32)
    at C:\Users\Crist\Desktop\ProyectoCedent\cendent-backend\node_modules\@nestjs\core\nest-application.js:188:30
    at new Promise (<anonymous>)
    at NestApplication.listen (C:\Users\Crist\Desktop\ProyectoCedent\cendent-backend\node_modules\@nestjs\core\nest-application.js:178:16)
    at bootstrap (C:\Users\Crist\Desktop\ProyectoCedent\cendent-backend\src\main.ts:27:3) {
  code: 'EADDRINUSE',
  errno: -4091,
  syscall: 'listen',
  address: '::',
  port: 3000
}

Node.js v18.13.0
[2J[3J[H[[90m1:47:29[0m] File change detected. Starting incremental compilation...

[[90m1:47:29[0m] Found 0 errors. Watching for file changes.

[2J[3J[H[[90m1:47:30[0m] File change detected. Starting incremental compilation...

[[90m1:47:32[0m] Found 0 errors. Watching for file changes.

[2J[3J[H[[90m1:47:32[0m] File change detected. Starting incremental compilation...

[[90m1:47:33[0m] Found 0 errors. Watching for file changes.

[32m[Nest] 14456  - [39m30/04/2026, 1:47:35 [32m    LOG[39m [38;5;3m[NestFactory] [39m[32mStarting Nest application...[39m
[32m[Nest] 14456  - [39m30/04/2026, 1:47:35 [32m    LOG[39m [38;5;3m[InstanceLoader] [39m[32mPrismaModule dependencies initialized[39m[38;5;3m +48ms[39m
[32m[Nest] 14456  - [39m30/04/2026, 1:47:35 [32m    LOG[39m [38;5;3m[InstanceLoader] [39m[32mPassportModule dependencies initialized[39m[38;5;3m +1ms[39m
[32m[Nest] 14456  - [39m30/04/2026, 1:47:35 [32m    LOG[39m [38;5;3m[InstanceLoader] [39m[32mJwtModule dependencies initialized[39m[38;5;3m +5ms[39m
[32m[Nest] 14456  - [39m30/04/2026, 1:47:35 [32m    LOG[39m [38;5;3m[InstanceLoader] [39m[32mDiscoveryModule dependencies initialized[39m[38;5;3m +1ms[39m
[32m[Nest] 14456  - [39m30/04/2026, 1:47:35 [32m    LOG[39m [38;5;3m[InstanceLoader] [39m[32mAppModule dependencies initialized[39m[38;5;3m +3ms[39m
[32m[Nest] 14456  - [39m30/04/2026, 1:47:35 [32m    LOG[39m [38;5;3m[InstanceLoader] [39m[32mScheduleModule dependencies initialized[39m[38;5;3m +1ms[39m
[32m[Nest] 14456  - [39m30/04/2026, 1:47:35 [32m    LOG[39m [38;5;3m[InstanceLoader] [39m[32mAuthModule dependencies initialized[39m[38;5;3m +2ms[39m
[32m[Nest] 14456  - [39m30/04/2026, 1:47:35 [32m    LOG[39m [38;5;3m[InstanceLoader] [39m[32mUsuariosModule dependencies initialized[39m[38;5;3m +0ms[39m
[32m[Nest] 14456  - [39m30/04/2026, 1:47:35 [32m    LOG[39m [38;5;3m[InstanceLoader] [39m[32mProductosModule dependencies initialized[39m[38;5;3m +0ms[39m
[32m[Nest] 14456  - [39m30/04/2026, 1:47:35 [32m    LOG[39m [38;5;3m[InstanceLoader] [39m[32mKitsModule dependencies initialized[39m[38;5;3m +0ms[39m
[32m[Nest] 14456  - [39m30/04/2026, 1:47:35 [32m    LOG[39m [38;5;3m[InstanceLoader] [39m[32mLotesModule dependencies initialized[39m[38;5;3m +0ms[39m
[32m[Nest] 14456  - [39m30/04/2026, 1:47:35 [32m    LOG[39m [38;5;3m[InstanceLoader] [39m[32mMovimientosModule dependencies initialized[39m[38;5;3m +0ms[39m
[32m[Nest] 14456  - [39m30/04/2026, 1:47:35 [32m    LOG[39m [38;5;3m[InstanceLoader] [39m[32mTransferenciasModule dependencies initialized[39m[38;5;3m +1ms[39m
[32m[Nest] 14456  - [39m30/04/2026, 1:47:35 [32m    LOG[39m [38;5;3m[InstanceLoader] [39m[32mNotificacionesModule dependencies initialized[39m[38;5;3m +0ms[39m
[32m[Nest] 14456  - [39m30/04/2026, 1:47:35 [32m    LOG[39m [38;5;3m[InstanceLoader] [39m[32mAnaliticaModule dependencies initialized[39m[38;5;3m +0ms[39m
[32m[Nest] 14456  - [39m30/04/2026, 1:47:35 [32m    LOG[39m [38;5;3m[RoutesResolver] [39m[32mAppController {/}:[39m[38;5;3m +52ms[39m
[32m[Nest] 14456  - [39m30/04/2026, 1:47:35 [32m    LOG[39m [38;5;3m[RouterExplorer] [39m[32mMapped {/, GET} route[39m[38;5;3m +4ms[39m
[32m[Nest] 14456  - [39m30/04/2026, 1:47:35 [32m    LOG[39m [38;5;3m[RoutesResolver] [39m[32mAuthController {/auth}:[39m[38;5;3m +0ms[39m
[32m[Nest] 14456  - [39m30/04/2026, 1:47:35 [32m    LOG[39m [38;5;3m[RouterExplorer] [39m[32mMapped {/auth/login, POST} route[39m[38;5;3m +1ms[39m
[32m[Nest] 14456  - [39m30/04/2026, 1:47:35 [32m    LOG[39m [38;5;3m[RoutesResolver] [39m[32mUsuariosController {/usuarios}:[39m[38;5;3m +0ms[39m
[32m[Nest] 14456  - [39m30/04/2026, 1:47:35 [32m    LOG[39m [38;5;3m[RouterExplorer] [39m[32mMapped {/usuarios, POST} route[39m[38;5;3m +0ms[39m
[32m[Nest] 14456  - [39m30/04/2026, 1:47:35 [32m    LOG[39m [38;5;3m[RouterExplorer] [39m[32mMapped {/usuarios, GET} route[39m[38;5;3m +1ms[39m
[32m[Nest] 14456  - [39m30/04/2026, 1:47:35 [32m    LOG[39m [38;5;3m[RouterExplorer] [39m[32mMapped {/usuarios/:id, GET} route[39m[38;5;3m +1ms[39m
[32m[Nest] 14456  - [39m30/04/2026, 1:47:35 [32m    LOG[39m [38;5;3m[RoutesResolver] [39m[32mProductosController {/productos}:[39m[38;5;3m +0ms[39m
[32m[Nest] 14456  - [39m30/04/2026, 1:47:35 [32m    LOG[39m [38;5;3m[RouterExplorer] [39m[32mMapped {/productos/inventario, GET} route[39m[38;5;3m +1ms[39m
[32m[Nest] 14456  - [39m30/04/2026, 1:47:35 [32m    LOG[39m [38;5;3m[RouterExplorer] [39m[32mMapped {/productos, GET} route[39m[38;5;3m +0ms[39m
[32m[Nest] 14456  - [39m30/04/2026, 1:47:35 [32m    LOG[39m [38;5;3m[RouterExplorer] [39m[32mMapped {/productos/:id, GET} route[39m[38;5;3m +0ms[39m
[32m[Nest] 14456  - [39m30/04/2026, 1:47:35 [32m    LOG[39m [38;5;3m[RouterExplorer] [39m[32mMapped {/productos, POST} route[39m[38;5;3m +1ms[39m
[32m[Nest] 14456  - [39m30/04/2026, 1:47:35 [32m    LOG[39m [38;5;3m[RouterExplorer] [39m[32mMapped {/productos/:id, PATCH} route[39m[38;5;3m +0ms[39m
[32m[Nest] 14456  - [39m30/04/2026, 1:47:35 [32m    LOG[39m [38;5;3m[RouterExplorer] [39m[32mMapped {/productos/:id, DELETE} route[39m[38;5;3m +1ms[39m
[32m[Nest] 14456  - [39m30/04/2026, 1:47:35 [32m    LOG[39m [38;5;3m[RoutesResolver] [39m[32mKitsController {/kits}:[39m[38;5;3m +0ms[39m
[32m[Nest] 14456  - [39m30/04/2026, 1:47:35 [32m    LOG[39m [38;5;3m[RouterExplorer] [39m[32mMapped {/kits, GET} route[39m[38;5;3m +0ms[39m
[32m[Nest] 14456  - [39m30/04/2026, 1:47:35 [32m    LOG[39m [38;5;3m[RouterExplorer] [39m[32mMapped {/kits/:id, GET} route[39m[38;5;3m +3ms[39m
[32m[Nest] 14456  - [39m30/04/2026, 1:47:35 [32m    LOG[39m [38;5;3m[RouterExplorer] [39m[32mMapped {/kits, POST} route[39m[38;5;3m +0ms[39m
[32m[Nest] 14456  - [39m30/04/2026, 1:47:35 [32m    LOG[39m [38;5;3m[RouterExplorer] [39m[32mMapped {/kits/:id, DELETE} route[39m[38;5;3m +1ms[39m
[32m[Nest] 14456  - [39m30/04/2026, 1:47:35 [32m    LOG[39m [38;5;3m[RoutesResolver] [39m[32mLotesController {/lotes}:[39m[38;5;3m +0ms[39m
[32m[Nest] 14456  - [39m30/04/2026, 1:47:35 [32m    LOG[39m [38;5;3m[RouterExplorer] [39m[32mMapped {/lotes, POST} route[39m[38;5;3m +0ms[39m
[32m[Nest] 14456  - [39m30/04/2026, 1:47:35 [32m    LOG[39m [38;5;3m[RouterExplorer] [39m[32mMapped {/lotes/producto/:id_producto, GET} route[39m[38;5;3m +1ms[39m
[32m[Nest] 14456  - [39m30/04/2026, 1:47:35 [32m    LOG[39m [38;5;3m[RoutesResolver] [39m[32mMovimientosController {/movimientos}:[39m[38;5;3m +0ms[39m
[32m[Nest] 14456  - [39m30/04/2026, 1:47:35 [32m    LOG[39m [38;5;3m[RouterExplorer] [39m[32mMapped {/movimientos, GET} route[39m[38;5;3m +0ms[39m
[32m[Nest] 14456  - [39m30/04/2026, 1:47:35 [32m    LOG[39m [38;5;3m[RouterExplorer] [39m[32mMapped {/movimientos/despachar-kit, POST} route[39m[38;5;3m +0ms[39m
[32m[Nest] 14456  - [39m30/04/2026, 1:47:35 [32m    LOG[39m [38;5;3m[RoutesResolver] [39m[32mTransferenciasController {/transferencias}:[39m[38;5;3m +0ms[39m
[32m[Nest] 14456  - [39m30/04/2026, 1:47:35 [32m    LOG[39m [38;5;3m[RouterExplorer] [39m[32mMapped {/transferencias, GET} route[39m[38;5;3m +1ms[39m
[32m[Nest] 14456  - [39m30/04/2026, 1:47:35 [32m    LOG[39m [38;5;3m[RouterExplorer] [39m[32mMapped {/transferencias/:id, GET} route[39m[38;5;3m +0ms[39m
[32m[Nest] 14456  - [39m30/04/2026, 1:47:35 [32m    LOG[39m [38;5;3m[RouterExplorer] [39m[32mMapped {/transferencias/enviar, POST} route[39m[38;5;3m +0ms[39m
[32m[Nest] 14456  - [39m30/04/2026, 1:47:35 [32m    LOG[39m [38;5;3m[RouterExplorer] [39m[32mMapped {/transferencias/recibir, POST} route[39m[38;5;3m +0ms[39m
[32m[Nest] 14456  - [39m30/04/2026, 1:47:35 [32m    LOG[39m [38;5;3m[RoutesResolver] [39m[32mNotificacionesController {/notificaciones}:[39m[38;5;3m +0ms[39m
[32m[Nest] 14456  - [39m30/04/2026, 1:47:35 [32m    LOG[39m [38;5;3m[RouterExplorer] [39m[32mMapped {/notificaciones/revisar, POST} route[39m[38;5;3m +1ms[39m
[32m[Nest] 14456  - [39m30/04/2026, 1:47:35 [32m    LOG[39m [38;5;3m[RoutesResolver] [39m[32mAnaliticaController {/analitica}:[39m[38;5;3m +0ms[39m
[32m[Nest] 14456  - [39m30/04/2026, 1:47:35 [32m    LOG[39m [38;5;3m[RouterExplorer] [39m[32mMapped {/analitica/entrenar/:id_sucursal, GET} route[39m[38;5;3m +0ms[39m
[32m[Nest] 14456  - [39m30/04/2026, 1:47:35 [32m    LOG[39m [38;5;3m[RouterExplorer] [39m[32mMapped {/analitica/prediccion/:id_sucursal, GET} route[39m[38;5;3m +0ms[39m
[32m[Nest] 14456  - [39m30/04/2026, 1:47:35 [32m    LOG[39m [38;5;3m[NestApplication] [39m[32mNest application successfully started[39m[38;5;3m +68ms[39m
[31m[Nest] 14456  - [39m30/04/2026, 1:47:35 [31m  ERROR[39m [38;5;3m[NestApplication] [39m[31mError: listen EADDRINUSE: address already in use :::3000[39m[38;5;3m +2ms[39m
node:internal/errors:491
    ErrorCaptureStackTrace(err);
    ^

Error: listen EADDRINUSE: address already in use :::3000
    at __node_internal_captureLargerStackTrace (node:internal/errors:491:5)
    at __node_internal_uvExceptionWithHostPort (node:internal/errors:590:12)
    at Server.setupListenHandle [as _listen2] (node:net:1733:16)
    at listenInCluster (node:net:1781:12)
    at Server.listen (node:net:1869:7)
    at ExpressAdapter.listen (C:\Users\Crist\Desktop\ProyectoCedent\cendent-backend\node_modules\@nestjs\platform-express\adapters\express-adapter.js:115:32)
    at C:\Users\Crist\Desktop\ProyectoCedent\cendent-backend\node_modules\@nestjs\core\nest-application.js:188:30
    at new Promise (<anonymous>)
    at NestApplication.listen (C:\Users\Crist\Desktop\ProyectoCedent\cendent-backend\node_modules\@nestjs\core\nest-application.js:178:16)
    at bootstrap (C:\Users\Crist\Desktop\ProyectoCedent\cendent-backend\src\main.ts:27:3) {
  code: 'EADDRINUSE',
  errno: -4091,
  syscall: 'listen',
  address: '::',
  port: 3000
}

Node.js v18.13.0
[2J[3J[H[[90m1:47:36[0m] File change detected. Starting incremental compilation...

[[90m1:47:36[0m] Found 0 errors. Watching for file changes.

[32m[Nest] 22612  - [39m30/04/2026, 1:47:38 [32m    LOG[39m [38;5;3m[NestFactory] [39m[32mStarting Nest application...[39m
[32m[Nest] 22612  - [39m30/04/2026, 1:47:38 [32m    LOG[39m [38;5;3m[InstanceLoader] [39m[32mPrismaModule dependencies initialized[39m[38;5;3m +26ms[39m
[32m[Nest] 22612  - [39m30/04/2026, 1:47:38 [32m    LOG[39m [38;5;3m[InstanceLoader] [39m[32mPassportModule dependencies initialized[39m[38;5;3m +1ms[39m
[32m[Nest] 22612  - [39m30/04/2026, 1:47:38 [32m    LOG[39m [38;5;3m[InstanceLoader] [39m[32mJwtModule dependencies initialized[39m[38;5;3m +3ms[39m
[32m[Nest] 22612  - [39m30/04/2026, 1:47:38 [32m    LOG[39m [38;5;3m[InstanceLoader] [39m[32mDiscoveryModule dependencies initialized[39m[38;5;3m +1ms[39m
[32m[Nest] 22612  - [39m30/04/2026, 1:47:38 [32m    LOG[39m [38;5;3m[InstanceLoader] [39m[32mAppModule dependencies initialized[39m[38;5;3m +1ms[39m
[32m[Nest] 22612  - [39m30/04/2026, 1:47:38 [32m    LOG[39m [38;5;3m[InstanceLoader] [39m[32mScheduleModule dependencies initialized[39m[38;5;3m +1ms[39m
[32m[Nest] 22612  - [39m30/04/2026, 1:47:38 [32m    LOG[39m [38;5;3m[InstanceLoader] [39m[32mAuthModule dependencies initialized[39m[38;5;3m +1ms[39m
[32m[Nest] 22612  - [39m30/04/2026, 1:47:38 [32m    LOG[39m [38;5;3m[InstanceLoader] [39m[32mUsuariosModule dependencies initialized[39m[38;5;3m +0ms[39m
[32m[Nest] 22612  - [39m30/04/2026, 1:47:38 [32m    LOG[39m [38;5;3m[InstanceLoader] [39m[32mProductosModule dependencies initialized[39m[38;5;3m +0ms[39m
[32m[Nest] 22612  - [39m30/04/2026, 1:47:38 [32m    LOG[39m [38;5;3m[InstanceLoader] [39m[32mKitsModule dependencies initialized[39m[38;5;3m +0ms[39m
[32m[Nest] 22612  - [39m30/04/2026, 1:47:38 [32m    LOG[39m [38;5;3m[InstanceLoader] [39m[32mLotesModule dependencies initialized[39m[38;5;3m +0ms[39m
[32m[Nest] 22612  - [39m30/04/2026, 1:47:38 [32m    LOG[39m [38;5;3m[InstanceLoader] [39m[32mMovimientosModule dependencies initialized[39m[38;5;3m +0ms[39m
[32m[Nest] 22612  - [39m30/04/2026, 1:47:38 [32m    LOG[39m [38;5;3m[InstanceLoader] [39m[32mTransferenciasModule dependencies initialized[39m[38;5;3m +0ms[39m
[32m[Nest] 22612  - [39m30/04/2026, 1:47:38 [32m    LOG[39m [38;5;3m[InstanceLoader] [39m[32mNotificacionesModule dependencies initialized[39m[38;5;3m +1ms[39m
[32m[Nest] 22612  - [39m30/04/2026, 1:47:38 [32m    LOG[39m [38;5;3m[InstanceLoader] [39m[32mAnaliticaModule dependencies initialized[39m[38;5;3m +0ms[39m
[32m[Nest] 22612  - [39m30/04/2026, 1:47:38 [32m    LOG[39m [38;5;3m[RoutesResolver] [39m[32mAppController {/}:[39m[38;5;3m +47ms[39m
[32m[Nest] 22612  - [39m30/04/2026, 1:47:38 [32m    LOG[39m [38;5;3m[RouterExplorer] [39m[32mMapped {/, GET} route[39m[38;5;3m +3ms[39m
[32m[Nest] 22612  - [39m30/04/2026, 1:47:38 [32m    LOG[39m [38;5;3m[RoutesResolver] [39m[32mAuthController {/auth}:[39m[38;5;3m +0ms[39m
[32m[Nest] 22612  - [39m30/04/2026, 1:47:38 [32m    LOG[39m [38;5;3m[RouterExplorer] [39m[32mMapped {/auth/login, POST} route[39m[38;5;3m +1ms[39m
[32m[Nest] 22612  - [39m30/04/2026, 1:47:38 [32m    LOG[39m [38;5;3m[RoutesResolver] [39m[32mUsuariosController {/usuarios}:[39m[38;5;3m +0ms[39m
[32m[Nest] 22612  - [39m30/04/2026, 1:47:38 [32m    LOG[39m [38;5;3m[RouterExplorer] [39m[32mMapped {/usuarios, POST} route[39m[38;5;3m +1ms[39m
[32m[Nest] 22612  - [39m30/04/2026, 1:47:38 [32m    LOG[39m [38;5;3m[RouterExplorer] [39m[32mMapped {/usuarios, GET} route[39m[38;5;3m +0ms[39m
[32m[Nest] 22612  - [39m30/04/2026, 1:47:38 [32m    LOG[39m [38;5;3m[RouterExplorer] [39m[32mMapped {/usuarios/:id, GET} route[39m[38;5;3m +1ms[39m
[32m[Nest] 22612  - [39m30/04/2026, 1:47:38 [32m    LOG[39m [38;5;3m[RoutesResolver] [39m[32mProductosController {/productos}:[39m[38;5;3m +0ms[39m
[32m[Nest] 22612  - [39m30/04/2026, 1:47:38 [32m    LOG[39m [38;5;3m[RouterExplorer] [39m[32mMapped {/productos/inventario, GET} route[39m[38;5;3m +1ms[39m
[32m[Nest] 22612  - [39m30/04/2026, 1:47:38 [32m    LOG[39m [38;5;3m[RouterExplorer] [39m[32mMapped {/productos, GET} route[39m[38;5;3m +0ms[39m
[32m[Nest] 22612  - [39m30/04/2026, 1:47:38 [32m    LOG[39m [38;5;3m[RouterExplorer] [39m[32mMapped {/productos/:id, GET} route[39m[38;5;3m +3ms[39m
[32m[Nest] 22612  - [39m30/04/2026, 1:47:38 [32m    LOG[39m [38;5;3m[RouterExplorer] [39m[32mMapped {/productos, POST} route[39m[38;5;3m +1ms[39m
[32m[Nest] 22612  - [39m30/04/2026, 1:47:38 [32m    LOG[39m [38;5;3m[RouterExplorer] [39m[32mMapped {/productos/:id, PATCH} route[39m[38;5;3m +0ms[39m
[32m[Nest] 22612  - [39m30/04/2026, 1:47:38 [32m    LOG[39m [38;5;3m[RouterExplorer] [39m[32mMapped {/productos/:id, DELETE} route[39m[38;5;3m +0ms[39m
[32m[Nest] 22612  - [39m30/04/2026, 1:47:38 [32m    LOG[39m [38;5;3m[RoutesResolver] [39m[32mKitsController {/kits}:[39m[38;5;3m +0ms[39m
[32m[Nest] 22612  - [39m30/04/2026, 1:47:38 [32m    LOG[39m [38;5;3m[RouterExplorer] [39m[32mMapped {/kits, GET} route[39m[38;5;3m +1ms[39m
[32m[Nest] 22612  - [39m30/04/2026, 1:47:38 [32m    LOG[39m [38;5;3m[RouterExplorer] [39m[32mMapped {/kits/:id, GET} route[39m[38;5;3m +0ms[39m
[32m[Nest] 22612  - [39m30/04/2026, 1:47:38 [32m    LOG[39m [38;5;3m[RouterExplorer] [39m[32mMapped {/kits, POST} route[39m[38;5;3m +0ms[39m
[32m[Nest] 22612  - [39m30/04/2026, 1:47:38 [32m    LOG[39m [38;5;3m[RouterExplorer] [39m[32mMapped {/kits/:id, DELETE} route[39m[38;5;3m +1ms[39m
[32m[Nest] 22612  - [39m30/04/2026, 1:47:38 [32m    LOG[39m [38;5;3m[RoutesResolver] [39m[32mLotesController {/lotes}:[39m[38;5;3m +0ms[39m
[32m[Nest] 22612  - [39m30/04/2026, 1:47:38 [32m    LOG[39m [38;5;3m[RouterExplorer] [39m[32mMapped {/lotes, POST} route[39m[38;5;3m +0ms[39m
[32m[Nest] 22612  - [39m30/04/2026, 1:47:38 [32m    LOG[39m [38;5;3m[RouterExplorer] [39m[32mMapped {/lotes/producto/:id_producto, GET} route[39m[38;5;3m +0ms[39m
[32m[Nest] 22612  - [39m30/04/2026, 1:47:38 [32m    LOG[39m [38;5;3m[RoutesResolver] [39m[32mMovimientosController {/movimientos}:[39m[38;5;3m +0ms[39m
[32m[Nest] 22612  - [39m30/04/2026, 1:47:38 [32m    LOG[39m [38;5;3m[RouterExplorer] [39m[32mMapped {/movimientos, GET} route[39m[38;5;3m +0ms[39m
[32m[Nest] 22612  - [39m30/04/2026, 1:47:38 [32m    LOG[39m [38;5;3m[RouterExplorer] [39m[32mMapped {/movimientos/despachar-kit, POST} route[39m[38;5;3m +1ms[39m
[32m[Nest] 22612  - [39m30/04/2026, 1:47:38 [32m    LOG[39m [38;5;3m[RoutesResolver] [39m[32mTransferenciasController {/transferencias}:[39m[38;5;3m +0ms[39m
[32m[Nest] 22612  - [39m30/04/2026, 1:47:38 [32m    LOG[39m [38;5;3m[RouterExplorer] [39m[32mMapped {/transferencias, GET} route[39m[38;5;3m +0ms[39m
[32m[Nest] 22612  - [39m30/04/2026, 1:47:38 [32m    LOG[39m [38;5;3m[RouterExplorer] [39m[32mMapped {/transferencias/:id, GET} route[39m[38;5;3m +0ms[39m
[32m[Nest] 22612  - [39m30/04/2026, 1:47:38 [32m    LOG[39m [38;5;3m[RouterExplorer] [39m[32mMapped {/transferencias/enviar, POST} route[39m[38;5;3m +0ms[39m
[32m[Nest] 22612  - [39m30/04/2026, 1:47:38 [32m    LOG[39m [38;5;3m[RouterExplorer] [39m[32mMapped {/transferencias/recibir, POST} route[39m[38;5;3m +0ms[39m
[32m[Nest] 22612  - [39m30/04/2026, 1:47:38 [32m    LOG[39m [38;5;3m[RoutesResolver] [39m[32mNotificacionesController {/notificaciones}:[39m[38;5;3m +1ms[39m
[32m[Nest] 22612  - [39m30/04/2026, 1:47:38 [32m    LOG[39m [38;5;3m[RouterExplorer] [39m[32mMapped {/notificaciones/revisar, POST} route[39m[38;5;3m +0ms[39m
[32m[Nest] 22612  - [39m30/04/2026, 1:47:38 [32m    LOG[39m [38;5;3m[RoutesResolver] [39m[32mAnaliticaController {/analitica}:[39m[38;5;3m +0ms[39m
[32m[Nest] 22612  - [39m30/04/2026, 1:47:38 [32m    LOG[39m [38;5;3m[RouterExplorer] [39m[32mMapped {/analitica/entrenar/:id_sucursal, GET} route[39m[38;5;3m +0ms[39m
[32m[Nest] 22612  - [39m30/04/2026, 1:47:38 [32m    LOG[39m [38;5;3m[RouterExplorer] [39m[32mMapped {/analitica/prediccion/:id_sucursal, GET} route[39m[38;5;3m +0ms[39m
[32m[Nest] 22612  - [39m30/04/2026, 1:47:38 [32m    LOG[39m [38;5;3m[NestApplication] [39m[32mNest application successfully started[39m[38;5;3m +69ms[39m
[2J[3J[H[[90m1:47:47[0m] File change detected. Starting incremental compilation...

[[90m1:47:48[0m] Found 0 errors. Watching for file changes.

[32m[Nest] 31684  - [39m30/04/2026, 1:47:50 [32m    LOG[39m [38;5;3m[NestFactory] [39m[32mStarting Nest application...[39m
[32m[Nest] 31684  - [39m30/04/2026, 1:47:50 [32m    LOG[39m [38;5;3m[InstanceLoader] [39m[32mPrismaModule dependencies initialized[39m[38;5;3m +42ms[39m
[32m[Nest] 31684  - [39m30/04/2026, 1:47:50 [32m    LOG[39m [38;5;3m[InstanceLoader] [39m[32mPassportModule dependencies initialized[39m[38;5;3m +1ms[39m
[32m[Nest] 31684  - [39m30/04/2026, 1:47:50 [32m    LOG[39m [38;5;3m[InstanceLoader] [39m[32mJwtModule dependencies initialized[39m[38;5;3m +3ms[39m
[32m[Nest] 31684  - [39m30/04/2026, 1:47:50 [32m    LOG[39m [38;5;3m[InstanceLoader] [39m[32mDiscoveryModule dependencies initialized[39m[38;5;3m +1ms[39m
[32m[Nest] 31684  - [39m30/04/2026, 1:47:50 [32m    LOG[39m [38;5;3m[InstanceLoader] [39m[32mAppModule dependencies initialized[39m[38;5;3m +1ms[39m
[32m[Nest] 31684  - [39m30/04/2026, 1:47:50 [32m    LOG[39m [38;5;3m[InstanceLoader] [39m[32mScheduleModule dependencies initialized[39m[38;5;3m +0ms[39m
[32m[Nest] 31684  - [39m30/04/2026, 1:47:50 [32m    LOG[39m [38;5;3m[InstanceLoader] [39m[32mAuthModule dependencies initialized[39m[38;5;3m +1ms[39m
[32m[Nest] 31684  - [39m30/04/2026, 1:47:50 [32m    LOG[39m [38;5;3m[InstanceLoader] [39m[32mUsuariosModule dependencies initialized[39m[38;5;3m +0ms[39m
[32m[Nest] 31684  - [39m30/04/2026, 1:47:50 [32m    LOG[39m [38;5;3m[InstanceLoader] [39m[32mProductosModule dependencies initialized[39m[38;5;3m +0ms[39m
[32m[Nest] 31684  - [39m30/04/2026, 1:47:50 [32m    LOG[39m [38;5;3m[InstanceLoader] [39m[32mKitsModule dependencies initialized[39m[38;5;3m +1ms[39m
[32m[Nest] 31684  - [39m30/04/2026, 1:47:50 [32m    LOG[39m [38;5;3m[InstanceLoader] [39m[32mLotesModule dependencies initialized[39m[38;5;3m +0ms[39m
[32m[Nest] 31684  - [39m30/04/2026, 1:47:50 [32m    LOG[39m [38;5;3m[InstanceLoader] [39m[32mMovimientosModule dependencies initialized[39m[38;5;3m +0ms[39m
[32m[Nest] 31684  - [39m30/04/2026, 1:47:50 [32m    LOG[39m [38;5;3m[InstanceLoader] [39m[32mTransferenciasModule dependencies initialized[39m[38;5;3m +0ms[39m
[32m[Nest] 31684  - [39m30/04/2026, 1:47:50 [32m    LOG[39m [38;5;3m[InstanceLoader] [39m[32mNotificacionesModule dependencies initialized[39m[38;5;3m +0ms[39m
[32m[Nest] 31684  - [39m30/04/2026, 1:47:50 [32m    LOG[39m [38;5;3m[InstanceLoader] [39m[32mAnaliticaModule dependencies initialized[39m[38;5;3m +0ms[39m
[32m[Nest] 31684  - [39m30/04/2026, 1:47:50 [32m    LOG[39m [38;5;3m[RoutesResolver] [39m[32mAppController {/}:[39m[38;5;3m +42ms[39m
[32m[Nest] 31684  - [39m30/04/2026, 1:47:50 [32m    LOG[39m [38;5;3m[RouterExplorer] [39m[32mMapped {/, GET} route[39m[38;5;3m +2ms[39m
[32m[Nest] 31684  - [39m30/04/2026, 1:47:50 [32m    LOG[39m [38;5;3m[RoutesResolver] [39m[32mAuthController {/auth}:[39m[38;5;3m +0ms[39m
[32m[Nest] 31684  - [39m30/04/2026, 1:47:50 [32m    LOG[39m [38;5;3m[RouterExplorer] [39m[32mMapped {/auth/login, POST} route[39m[38;5;3m +1ms[39m
[32m[Nest] 31684  - [39m30/04/2026, 1:47:50 [32m    LOG[39m [38;5;3m[RoutesResolver] [39m[32mUsuariosController {/usuarios}:[39m[38;5;3m +0ms[39m
[32m[Nest] 31684  - [39m30/04/2026, 1:47:50 [32m    LOG[39m [38;5;3m[RouterExplorer] [39m[32mMapped {/usuarios, POST} route[39m[38;5;3m +1ms[39m
[32m[Nest] 31684  - [39m30/04/2026, 1:47:50 [32m    LOG[39m [38;5;3m[RouterExplorer] [39m[32mMapped {/usuarios, GET} route[39m[38;5;3m +3ms[39m
[32m[Nest] 31684  - [39m30/04/2026, 1:47:50 [32m    LOG[39m [38;5;3m[RouterExplorer] [39m[32mMapped {/usuarios/:id, GET} route[39m[38;5;3m +1ms[39m
[32m[Nest] 31684  - [39m30/04/2026, 1:47:50 [32m    LOG[39m [38;5;3m[RoutesResolver] [39m[32mProductosController {/productos}:[39m[38;5;3m +1ms[39m
[32m[Nest] 31684  - [39m30/04/2026, 1:47:50 [32m    LOG[39m [38;5;3m[RouterExplorer] [39m[32mMapped {/productos/inventario, GET} route[39m[38;5;3m +0ms[39m
[32m[Nest] 31684  - [39m30/04/2026, 1:47:50 [32m    LOG[39m [38;5;3m[RouterExplorer] [39m[32mMapped {/productos, GET} route[39m[38;5;3m +0ms[39m
[32m[Nest] 31684  - [39m30/04/2026, 1:47:50 [32m    LOG[39m [38;5;3m[RouterExplorer] [39m[32mMapped {/productos/:id, GET} route[39m[38;5;3m +1ms[39m
[32m[Nest] 31684  - [39m30/04/2026, 1:47:50 [32m    LOG[39m [38;5;3m[RouterExplorer] [39m[32mMapped {/productos, POST} route[39m[38;5;3m +1ms[39m
[32m[Nest] 31684  - [39m30/04/2026, 1:47:50 [32m    LOG[39m [38;5;3m[RouterExplorer] [39m[32mMapped {/productos/:id, PATCH} route[39m[38;5;3m +4ms[39m
[32m[Nest] 31684  - [39m30/04/2026, 1:47:50 [32m    LOG[39m [38;5;3m[RouterExplorer] [39m[32mMapped {/productos/:id, DELETE} route[39m[38;5;3m +1ms[39m
[32m[Nest] 31684  - [39m30/04/2026, 1:47:50 [32m    LOG[39m [38;5;3m[RoutesResolver] [39m[32mKitsController {/kits}:[39m[38;5;3m +0ms[39m
[32m[Nest] 31684  - [39m30/04/2026, 1:47:50 [32m    LOG[39m [38;5;3m[RouterExplorer] [39m[32mMapped {/kits, GET} route[39m[38;5;3m +0ms[39m
[32m[Nest] 31684  - [39m30/04/2026, 1:47:50 [32m    LOG[39m [38;5;3m[RouterExplorer] [39m[32mMapped {/kits/:id, GET} route[39m[38;5;3m +0ms[39m
[32m[Nest] 31684  - [39m30/04/2026, 1:47:50 [32m    LOG[39m [38;5;3m[RouterExplorer] [39m[32mMapped {/kits, POST} route[39m[38;5;3m +1ms[39m
[32m[Nest] 31684  - [39m30/04/2026, 1:47:50 [32m    LOG[39m [38;5;3m[RouterExplorer] [39m[32mMapped {/kits/:id, DELETE} route[39m[38;5;3m +0ms[39m
[32m[Nest] 31684  - [39m30/04/2026, 1:47:50 [32m    LOG[39m [38;5;3m[RoutesResolver] [39m[32mLotesController {/lotes}:[39m[38;5;3m +0ms[39m
[32m[Nest] 31684  - [39m30/04/2026, 1:47:50 [32m    LOG[39m [38;5;3m[RouterExplorer] [39m[32mMapped {/lotes, POST} route[39m[38;5;3m +0ms[39m
[32m[Nest] 31684  - [39m30/04/2026, 1:47:50 [32m    LOG[39m [38;5;3m[RouterExplorer] [39m[32mMapped {/lotes/producto/:id_producto, GET} route[39m[38;5;3m +0ms[39m
[32m[Nest] 31684  - [39m30/04/2026, 1:47:50 [32m    LOG[39m [38;5;3m[RoutesResolver] [39m[32mMovimientosController {/movimientos}:[39m[38;5;3m +0ms[39m
[32m[Nest] 31684  - [39m30/04/2026, 1:47:50 [32m    LOG[39m [38;5;3m[RouterExplorer] [39m[32mMapped {/movimientos, GET} route[39m[38;5;3m +0ms[39m
[32m[Nest] 31684  - [39m30/04/2026, 1:47:50 [32m    LOG[39m [38;5;3m[RouterExplorer] [39m[32mMapped {/movimientos/despachar-kit, POST} route[39m[38;5;3m +1ms[39m
[32m[Nest] 31684  - [39m30/04/2026, 1:47:50 [32m    LOG[39m [38;5;3m[RoutesResolver] [39m[32mTransferenciasController {/transferencias}:[39m[38;5;3m +0ms[39m
[32m[Nest] 31684  - [39m30/04/2026, 1:47:50 [32m    LOG[39m [38;5;3m[RouterExplorer] [39m[32mMapped {/transferencias, GET} route[39m[38;5;3m +0ms[39m
[32m[Nest] 31684  - [39m30/04/2026, 1:47:50 [32m    LOG[39m [38;5;3m[RouterExplorer] [39m[32mMapped {/transferencias/:id, GET} route[39m[38;5;3m +0ms[39m
[32m[Nest] 31684  - [39m30/04/2026, 1:47:50 [32m    LOG[39m [38;5;3m[RouterExplorer] [39m[32mMapped {/transferencias/enviar, POST} route[39m[38;5;3m +0ms[39m
[32m[Nest] 31684  - [39m30/04/2026, 1:47:50 [32m    LOG[39m [38;5;3m[RouterExplorer] [39m[32mMapped {/transferencias/recibir, POST} route[39m[38;5;3m +0ms[39m
[32m[Nest] 31684  - [39m30/04/2026, 1:47:50 [32m    LOG[39m [38;5;3m[RoutesResolver] [39m[32mNotificacionesController {/notificaciones}:[39m[38;5;3m +1ms[39m
[32m[Nest] 31684  - [39m30/04/2026, 1:47:50 [32m    LOG[39m [38;5;3m[RouterExplorer] [39m[32mMapped {/notificaciones/revisar, POST} route[39m[38;5;3m +0ms[39m
[32m[Nest] 31684  - [39m30/04/2026, 1:47:50 [32m    LOG[39m [38;5;3m[RoutesResolver] [39m[32mAnaliticaController {/analitica}:[39m[38;5;3m +0ms[39m
[32m[Nest] 31684  - [39m30/04/2026, 1:47:50 [32m    LOG[39m [38;5;3m[RouterExplorer] [39m[32mMapped {/analitica/entrenar/:id_sucursal, GET} route[39m[38;5;3m +0ms[39m
[32m[Nest] 31684  - [39m30/04/2026, 1:47:50 [32m    LOG[39m [38;5;3m[RouterExplorer] [39m[32mMapped {/analitica/prediccion/:id_sucursal, GET} route[39m[38;5;3m +0ms[39m
[32m[Nest] 31684  - [39m30/04/2026, 1:47:50 [32m    LOG[39m [38;5;3m[NestApplication] [39m[32mNest application successfully started[39m[38;5;3m +60ms[39m
[31m[Nest] 31684  - [39m30/04/2026, 1:47:50 [31m  ERROR[39m [38;5;3m[NestApplication] [39m[31mError: listen EADDRINUSE: address already in use :::3000[39m[38;5;3m +2ms[39m
node:internal/errors:491
    ErrorCaptureStackTrace(err);
    ^

Error: listen EADDRINUSE: address already in use :::3000
    at __node_internal_captureLargerStackTrace (node:internal/errors:491:5)
    at __node_internal_uvExceptionWithHostPort (node:internal/errors:590:12)
    at Server.setupListenHandle [as _listen2] (node:net:1733:16)
    at listenInCluster (node:net:1781:12)
    at Server.listen (node:net:1869:7)
    at ExpressAdapter.listen (C:\Users\Crist\Desktop\ProyectoCedent\cendent-backend\node_modules\@nestjs\platform-express\adapters\express-adapter.js:115:32)
    at C:\Users\Crist\Desktop\ProyectoCedent\cendent-backend\node_modules\@nestjs\core\nest-application.js:188:30
    at new Promise (<anonymous>)
    at NestApplication.listen (C:\Users\Crist\Desktop\ProyectoCedent\cendent-backend\node_modules\@nestjs\core\nest-application.js:178:16)
    at bootstrap (C:\Users\Crist\Desktop\ProyectoCedent\cendent-backend\src\main.ts:27:3) {
  code: 'EADDRINUSE',
  errno: -4091,
  syscall: 'listen',
  address: '::',
  port: 3000
}

Node.js v18.13.0
[2J[3J[H[[90m1:47:52[0m] File change detected. Starting incremental compilation...

[2J[3J[H[[90m2:02:46[0m] File change detected. Starting incremental compilation...

[[90m2:02:47[0m] Found 0 errors. Watching for file changes.

[2J[3J[H[[90m2:02:48[0m] File change detected. Starting incremental compilation...

[[90m2:02:49[0m] Found 0 errors. Watching for file changes.

[32m[Nest] 11476  - [39m30/04/2026, 2:02:51 [32m    LOG[39m [38;5;3m[NestFactory] [39m[32mStarting Nest application...[39m
[32m[Nest] 11476  - [39m30/04/2026, 2:02:51 [32m    LOG[39m [38;5;3m[InstanceLoader] [39m[32mPrismaModule dependencies initialized[39m[38;5;3m +33ms[39m
[32m[Nest] 11476  - [39m30/04/2026, 2:02:51 [32m    LOG[39m [38;5;3m[InstanceLoader] [39m[32mPassportModule dependencies initialized[39m[38;5;3m +1ms[39m
[32m[Nest] 11476  - [39m30/04/2026, 2:02:51 [32m    LOG[39m [38;5;3m[InstanceLoader] [39m[32mJwtModule dependencies initialized[39m[38;5;3m +3ms[39m
[32m[Nest] 11476  - [39m30/04/2026, 2:02:51 [32m    LOG[39m [38;5;3m[InstanceLoader] [39m[32mDiscoveryModule dependencies initialized[39m[38;5;3m +0ms[39m
[32m[Nest] 11476  - [39m30/04/2026, 2:02:51 [32m    LOG[39m [38;5;3m[InstanceLoader] [39m[32mAppModule dependencies initialized[39m[38;5;3m +2ms[39m
[32m[Nest] 11476  - [39m30/04/2026, 2:02:51 [32m    LOG[39m [38;5;3m[InstanceLoader] [39m[32mScheduleModule dependencies initialized[39m[38;5;3m +1ms[39m
[32m[Nest] 11476  - [39m30/04/2026, 2:02:51 [32m    LOG[39m [38;5;3m[InstanceLoader] [39m[32mAuthModule dependencies initialized[39m[38;5;3m +1ms[39m
[32m[Nest] 11476  - [39m30/04/2026, 2:02:51 [32m    LOG[39m [38;5;3m[InstanceLoader] [39m[32mUsuariosModule dependencies initialized[39m[38;5;3m +0ms[39m
[32m[Nest] 11476  - [39m30/04/2026, 2:02:51 [32m    LOG[39m [38;5;3m[InstanceLoader] [39m[32mProductosModule dependencies initialized[39m[38;5;3m +0ms[39m
[32m[Nest] 11476  - [39m30/04/2026, 2:02:51 [32m    LOG[39m [38;5;3m[InstanceLoader] [39m[32mKitsModule dependencies initialized[39m[38;5;3m +0ms[39m
[32m[Nest] 11476  - [39m30/04/2026, 2:02:51 [32m    LOG[39m [38;5;3m[InstanceLoader] [39m[32mLotesModule dependencies initialized[39m[38;5;3m +0ms[39m
[32m[Nest] 11476  - [39m30/04/2026, 2:02:51 [32m    LOG[39m [38;5;3m[InstanceLoader] [39m[32mMovimientosModule dependencies initialized[39m[38;5;3m +0ms[39m
[32m[Nest] 11476  - [39m30/04/2026, 2:02:51 [32m    LOG[39m [38;5;3m[InstanceLoader] [39m[32mTransferenciasModule dependencies initialized[39m[38;5;3m +0ms[39m
[32m[Nest] 11476  - [39m30/04/2026, 2:02:51 [32m    LOG[39m [38;5;3m[InstanceLoader] [39m[32mNotificacionesModule dependencies initialized[39m[38;5;3m +1ms[39m
[32m[Nest] 11476  - [39m30/04/2026, 2:02:51 [32m    LOG[39m [38;5;3m[InstanceLoader] [39m[32mAnaliticaModule dependencies initialized[39m[38;5;3m +0ms[39m
[32m[Nest] 11476  - [39m30/04/2026, 2:02:51 [32m    LOG[39m [38;5;3m[RoutesResolver] [39m[32mAppController {/}:[39m[38;5;3m +57ms[39m
[32m[Nest] 11476  - [39m30/04/2026, 2:02:51 [32m    LOG[39m [38;5;3m[RouterExplorer] [39m[32mMapped {/, GET} route[39m[38;5;3m +3ms[39m
[32m[Nest] 11476  - [39m30/04/2026, 2:02:51 [32m    LOG[39m [38;5;3m[RoutesResolver] [39m[32mAuthController {/auth}:[39m[38;5;3m +1ms[39m
[32m[Nest] 11476  - [39m30/04/2026, 2:02:51 [32m    LOG[39m [38;5;3m[RouterExplorer] [39m[32mMapped {/auth/login, POST} route[39m[38;5;3m +0ms[39m
[32m[Nest] 11476  - [39m30/04/2026, 2:02:51 [32m    LOG[39m [38;5;3m[RoutesResolver] [39m[32mUsuariosController {/usuarios}:[39m[38;5;3m +1ms[39m
[32m[Nest] 11476  - [39m30/04/2026, 2:02:51 [32m    LOG[39m [38;5;3m[RouterExplorer] [39m[32mMapped {/usuarios, POST} route[39m[38;5;3m +0ms[39m
[32m[Nest] 11476  - [39m30/04/2026, 2:02:51 [32m    LOG[39m [38;5;3m[RouterExplorer] [39m[32mMapped {/usuarios, GET} route[39m[38;5;3m +1ms[39m
[32m[Nest] 11476  - [39m30/04/2026, 2:02:51 [32m    LOG[39m [38;5;3m[RouterExplorer] [39m[32mMapped {/usuarios/:id, GET} route[39m[38;5;3m +1ms[39m
[32m[Nest] 11476  - [39m30/04/2026, 2:02:51 [32m    LOG[39m [38;5;3m[RoutesResolver] [39m[32mProductosController {/productos}:[39m[38;5;3m +0ms[39m
[32m[Nest] 11476  - [39m30/04/2026, 2:02:51 [32m    LOG[39m [38;5;3m[RouterExplorer] [39m[32mMapped {/productos/inventario, GET} route[39m[38;5;3m +0ms[39m
[32m[Nest] 11476  - [39m30/04/2026, 2:02:51 [32m    LOG[39m [38;5;3m[RouterExplorer] [39m[32mMapped {/productos, GET} route[39m[38;5;3m +1ms[39m
[32m[Nest] 11476  - [39m30/04/2026, 2:02:51 [32m    LOG[39m [38;5;3m[RouterExplorer] [39m[32mMapped {/productos/:id, GET} route[39m[38;5;3m +0ms[39m
[32m[Nest] 11476  - [39m30/04/2026, 2:02:51 [32m    LOG[39m [38;5;3m[RouterExplorer] [39m[32mMapped {/productos, POST} route[39m[38;5;3m +5ms[39m
[32m[Nest] 11476  - [39m30/04/2026, 2:02:51 [32m    LOG[39m [38;5;3m[RouterExplorer] [39m[32mMapped {/productos/:id, PATCH} route[39m[38;5;3m +1ms[39m
[32m[Nest] 11476  - [39m30/04/2026, 2:02:51 [32m    LOG[39m [38;5;3m[RouterExplorer] [39m[32mMapped {/productos/:id, DELETE} route[39m[38;5;3m +0ms[39m
[32m[Nest] 11476  - [39m30/04/2026, 2:02:51 [32m    LOG[39m [38;5;3m[RoutesResolver] [39m[32mKitsController {/kits}:[39m[38;5;3m +0ms[39m
[32m[Nest] 11476  - [39m30/04/2026, 2:02:51 [32m    LOG[39m [38;5;3m[RouterExplorer] [39m[32mMapped {/kits, GET} route[39m[38;5;3m +1ms[39m
[32m[Nest] 11476  - [39m30/04/2026, 2:02:51 [32m    LOG[39m [38;5;3m[RouterExplorer] [39m[32mMapped {/kits/:id, GET} route[39m[38;5;3m +0ms[39m
[32m[Nest] 11476  - [39m30/04/2026, 2:02:51 [32m    LOG[39m [38;5;3m[RouterExplorer] [39m[32mMapped {/kits, POST} route[39m[38;5;3m +0ms[39m
[32m[Nest] 11476  - [39m30/04/2026, 2:02:51 [32m    LOG[39m [38;5;3m[RouterExplorer] [39m[32mMapped {/kits/:id, DELETE} route[39m[38;5;3m +0ms[39m
[32m[Nest] 11476  - [39m30/04/2026, 2:02:51 [32m    LOG[39m [38;5;3m[RoutesResolver] [39m[32mLotesController {/lotes}:[39m[38;5;3m +1ms[39m
[32m[Nest] 11476  - [39m30/04/2026, 2:02:51 [32m    LOG[39m [38;5;3m[RouterExplorer] [39m[32mMapped {/lotes, POST} route[39m[38;5;3m +0ms[39m
[32m[Nest] 11476  - [39m30/04/2026, 2:02:51 [32m    LOG[39m [38;5;3m[RouterExplorer] [39m[32mMapped {/lotes/producto/:id_producto, GET} route[39m[38;5;3m +0ms[39m
[32m[Nest] 11476  - [39m30/04/2026, 2:02:51 [32m    LOG[39m [38;5;3m[RoutesResolver] [39m[32mMovimientosController {/movimientos}:[39m[38;5;3m +0ms[39m
[32m[Nest] 11476  - [39m30/04/2026, 2:02:51 [32m    LOG[39m [38;5;3m[RouterExplorer] [39m[32mMapped {/movimientos, GET} route[39m[38;5;3m +0ms[39m
[32m[Nest] 11476  - [39m30/04/2026, 2:02:51 [32m    LOG[39m [38;5;3m[RouterExplorer] [39m[32mMapped {/movimientos/despachar-kit, POST} route[39m[38;5;3m +1ms[39m
[32m[Nest] 11476  - [39m30/04/2026, 2:02:51 [32m    LOG[39m [38;5;3m[RoutesResolver] [39m[32mTransferenciasController {/transferencias}:[39m[38;5;3m +0ms[39m
[32m[Nest] 11476  - [39m30/04/2026, 2:02:51 [32m    LOG[39m [38;5;3m[RouterExplorer] [39m[32mMapped {/transferencias, GET} route[39m[38;5;3m +0ms[39m
[32m[Nest] 11476  - [39m30/04/2026, 2:02:51 [32m    LOG[39m [38;5;3m[RouterExplorer] [39m[32mMapped {/transferencias/:id, GET} route[39m[38;5;3m +0ms[39m
[32m[Nest] 11476  - [39m30/04/2026, 2:02:51 [32m    LOG[39m [38;5;3m[RouterExplorer] [39m[32mMapped {/transferencias/enviar, POST} route[39m[38;5;3m +0ms[39m
[32m[Nest] 11476  - [39m30/04/2026, 2:02:51 [32m    LOG[39m [38;5;3m[RouterExplorer] [39m[32mMapped {/transferencias/recibir, POST} route[39m[38;5;3m +1ms[39m
[32m[Nest] 11476  - [39m30/04/2026, 2:02:51 [32m    LOG[39m [38;5;3m[RoutesResolver] [39m[32mNotificacionesController {/notificaciones}:[39m[38;5;3m +0ms[39m
[32m[Nest] 11476  - [39m30/04/2026, 2:02:51 [32m    LOG[39m [38;5;3m[RouterExplorer] [39m[32mMapped {/notificaciones/revisar, POST} route[39m[38;5;3m +0ms[39m
[32m[Nest] 11476  - [39m30/04/2026, 2:02:51 [32m    LOG[39m [38;5;3m[RoutesResolver] [39m[32mAnaliticaController {/analitica}:[39m[38;5;3m +0ms[39m
[32m[Nest] 11476  - [39m30/04/2026, 2:02:51 [32m    LOG[39m [38;5;3m[RouterExplorer] [39m[32mMapped {/analitica/entrenar/:id_sucursal, GET} route[39m[38;5;3m +0ms[39m
[32m[Nest] 11476  - [39m30/04/2026, 2:02:51 [32m    LOG[39m [38;5;3m[RouterExplorer] [39m[32mMapped {/analitica/prediccion/:id_sucursal, GET} route[39m[38;5;3m +1ms[39m
[32m[Nest] 11476  - [39m30/04/2026, 2:02:51 [32m    LOG[39m [38;5;3m[NestApplication] [39m[32mNest application successfully started[39m[38;5;3m +80ms[39m
[2J[3J[H[[90m2:03:03[0m] File change detected. Starting incremental compilation...

[[90m2:03:05[0m] Found 0 errors. Watching for file changes.

[32m[Nest] 34952  - [39m30/04/2026, 2:03:06 [32m    LOG[39m [38;5;3m[NestFactory] [39m[32mStarting Nest application...[39m
[32m[Nest] 34952  - [39m30/04/2026, 2:03:06 [32m    LOG[39m [38;5;3m[InstanceLoader] [39m[32mPrismaModule dependencies initialized[39m[38;5;3m +31ms[39m
[32m[Nest] 34952  - [39m30/04/2026, 2:03:06 [32m    LOG[39m [38;5;3m[InstanceLoader] [39m[32mPassportModule dependencies initialized[39m[38;5;3m +0ms[39m
[32m[Nest] 34952  - [39m30/04/2026, 2:03:06 [32m    LOG[39m [38;5;3m[InstanceLoader] [39m[32mJwtModule dependencies initialized[39m[38;5;3m +3ms[39m
[32m[Nest] 34952  - [39m30/04/2026, 2:03:06 [32m    LOG[39m [38;5;3m[InstanceLoader] [39m[32mDiscoveryModule dependencies initialized[39m[38;5;3m +0ms[39m
[32m[Nest] 34952  - [39m30/04/2026, 2:03:06 [32m    LOG[39m [38;5;3m[InstanceLoader] [39m[32mAppModule dependencies initialized[39m[38;5;3m +2ms[39m
[32m[Nest] 34952  - [39m30/04/2026, 2:03:06 [32m    LOG[39m [38;5;3m[InstanceLoader] [39m[32mScheduleModule dependencies initialized[39m[38;5;3m +0ms[39m
[32m[Nest] 34952  - [39m30/04/2026, 2:03:06 [32m    LOG[39m [38;5;3m[InstanceLoader] [39m[32mAuthModule dependencies initialized[39m[38;5;3m +1ms[39m
[32m[Nest] 34952  - [39m30/04/2026, 2:03:06 [32m    LOG[39m [38;5;3m[InstanceLoader] [39m[32mUsuariosModule dependencies initialized[39m[38;5;3m +1ms[39m
[32m[Nest] 34952  - [39m30/04/2026, 2:03:06 [32m    LOG[39m [38;5;3m[InstanceLoader] [39m[32mProductosModule dependencies initialized[39m[38;5;3m +0ms[39m
[32m[Nest] 34952  - [39m30/04/2026, 2:03:06 [32m    LOG[39m [38;5;3m[InstanceLoader] [39m[32mKitsModule dependencies initialized[39m[38;5;3m +0ms[39m
[32m[Nest] 34952  - [39m30/04/2026, 2:03:06 [32m    LOG[39m [38;5;3m[InstanceLoader] [39m[32mLotesModule dependencies initialized[39m[38;5;3m +0ms[39m
[32m[Nest] 34952  - [39m30/04/2026, 2:03:06 [32m    LOG[39m [38;5;3m[InstanceLoader] [39m[32mMovimientosModule dependencies initialized[39m[38;5;3m +0ms[39m
[32m[Nest] 34952  - [39m30/04/2026, 2:03:06 [32m    LOG[39m [38;5;3m[InstanceLoader] [39m[32mTransferenciasModule dependencies initialized[39m[38;5;3m +0ms[39m
[32m[Nest] 34952  - [39m30/04/2026, 2:03:06 [32m    LOG[39m [38;5;3m[InstanceLoader] [39m[32mNotificacionesModule dependencies initialized[39m[38;5;3m +0ms[39m
[32m[Nest] 34952  - [39m30/04/2026, 2:03:06 [32m    LOG[39m [38;5;3m[InstanceLoader] [39m[32mAnaliticaModule dependencies initialized[39m[38;5;3m +0ms[39m
[32m[Nest] 34952  - [39m30/04/2026, 2:03:06 [32m    LOG[39m [38;5;3m[RoutesResolver] [39m[32mAppController {/}:[39m[38;5;3m +41ms[39m
[32m[Nest] 34952  - [39m30/04/2026, 2:03:06 [32m    LOG[39m [38;5;3m[RouterExplorer] [39m[32mMapped {/, GET} route[39m[38;5;3m +3ms[39m
[32m[Nest] 34952  - [39m30/04/2026, 2:03:06 [32m    LOG[39m [38;5;3m[RoutesResolver] [39m[32mAuthController {/auth}:[39m[38;5;3m +0ms[39m
[32m[Nest] 34952  - [39m30/04/2026, 2:03:06 [32m    LOG[39m [38;5;3m[RouterExplorer] [39m[32mMapped {/auth/login, POST} route[39m[38;5;3m +1ms[39m
[32m[Nest] 34952  - [39m30/04/2026, 2:03:06 [32m    LOG[39m [38;5;3m[RoutesResolver] [39m[32mUsuariosController {/usuarios}:[39m[38;5;3m +0ms[39m
[32m[Nest] 34952  - [39m30/04/2026, 2:03:06 [32m    LOG[39m [38;5;3m[RouterExplorer] [39m[32mMapped {/usuarios, POST} route[39m[38;5;3m +0ms[39m
[32m[Nest] 34952  - [39m30/04/2026, 2:03:06 [32m    LOG[39m [38;5;3m[RouterExplorer] [39m[32mMapped {/usuarios, GET} route[39m[38;5;3m +1ms[39m
[32m[Nest] 34952  - [39m30/04/2026, 2:03:06 [32m    LOG[39m [38;5;3m[RouterExplorer] [39m[32mMapped {/usuarios/:id, GET} route[39m[38;5;3m +0ms[39m
[32m[Nest] 34952  - [39m30/04/2026, 2:03:06 [32m    LOG[39m [38;5;3m[RoutesResolver] [39m[32mProductosController {/productos}:[39m[38;5;3m +0ms[39m
[32m[Nest] 34952  - [39m30/04/2026, 2:03:06 [32m    LOG[39m [38;5;3m[RouterExplorer] [39m[32mMapped {/productos/inventario, GET} route[39m[38;5;3m +1ms[39m
[32m[Nest] 34952  - [39m30/04/2026, 2:03:06 [32m    LOG[39m [38;5;3m[RouterExplorer] [39m[32mMapped {/productos, GET} route[39m[38;5;3m +0ms[39m
[32m[Nest] 34952  - [39m30/04/2026, 2:03:06 [32m    LOG[39m [38;5;3m[RouterExplorer] [39m[32mMapped {/productos/:id, GET} route[39m[38;5;3m +0ms[39m
[32m[Nest] 34952  - [39m30/04/2026, 2:03:06 [32m    LOG[39m [38;5;3m[RouterExplorer] [39m[32mMapped {/productos, POST} route[39m[38;5;3m +1ms[39m
[32m[Nest] 34952  - [39m30/04/2026, 2:03:06 [32m    LOG[39m [38;5;3m[RouterExplorer] [39m[32mMapped {/productos/:id, PATCH} route[39m[38;5;3m +0ms[39m
[32m[Nest] 34952  - [39m30/04/2026, 2:03:06 [32m    LOG[39m [38;5;3m[RouterExplorer] [39m[32mMapped {/productos/:id, DELETE} route[39m[38;5;3m +0ms[39m
[32m[Nest] 34952  - [39m30/04/2026, 2:03:06 [32m    LOG[39m [38;5;3m[RoutesResolver] [39m[32mKitsController {/kits}:[39m[38;5;3m +0ms[39m
[32m[Nest] 34952  - [39m30/04/2026, 2:03:06 [32m    LOG[39m [38;5;3m[RouterExplorer] [39m[32mMapped {/kits, GET} route[39m[38;5;3m +1ms[39m
[32m[Nest] 34952  - [39m30/04/2026, 2:03:06 [32m    LOG[39m [38;5;3m[RouterExplorer] [39m[32mMapped {/kits/:id, GET} route[39m[38;5;3m +0ms[39m
[32m[Nest] 34952  - [39m30/04/2026, 2:03:06 [32m    LOG[39m [38;5;3m[RouterExplorer] [39m[32mMapped {/kits, POST} route[39m[38;5;3m +0ms[39m
[32m[Nest] 34952  - [39m30/04/2026, 2:03:06 [32m    LOG[39m [38;5;3m[RouterExplorer] [39m[32mMapped {/kits/:id, DELETE} route[39m[38;5;3m +3ms[39m
[32m[Nest] 34952  - [39m30/04/2026, 2:03:06 [32m    LOG[39m [38;5;3m[RoutesResolver] [39m[32mLotesController {/lotes}:[39m[38;5;3m +0ms[39m
[32m[Nest] 34952  - [39m30/04/2026, 2:03:06 [32m    LOG[39m [38;5;3m[RouterExplorer] [39m[32mMapped {/lotes, POST} route[39m[38;5;3m +1ms[39m
[32m[Nest] 34952  - [39m30/04/2026, 2:03:06 [32m    LOG[39m [38;5;3m[RouterExplorer] [39m[32mMapped {/lotes/producto/:id_producto, GET} route[39m[38;5;3m +0ms[39m
[32m[Nest] 34952  - [39m30/04/2026, 2:03:06 [32m    LOG[39m [38;5;3m[RoutesResolver] [39m[32mMovimientosController {/movimientos}:[39m[38;5;3m +0ms[39m
[32m[Nest] 34952  - [39m30/04/2026, 2:03:06 [32m    LOG[39m [38;5;3m[RouterExplorer] [39m[32mMapped {/movimientos, GET} route[39m[38;5;3m +0ms[39m
[32m[Nest] 34952  - [39m30/04/2026, 2:03:06 [32m    LOG[39m [38;5;3m[RouterExplorer] [39m[32mMapped {/movimientos/despachar-kit, POST} route[39m[38;5;3m +0ms[39m
[32m[Nest] 34952  - [39m30/04/2026, 2:03:06 [32m    LOG[39m [38;5;3m[RoutesResolver] [39m[32mTransferenciasController {/transferencias}:[39m[38;5;3m +1ms[39m
[32m[Nest] 34952  - [39m30/04/2026, 2:03:06 [32m    LOG[39m [38;5;3m[RouterExplorer] [39m[32mMapped {/transferencias, GET} route[39m[38;5;3m +0ms[39m
[32m[Nest] 34952  - [39m30/04/2026, 2:03:06 [32m    LOG[39m [38;5;3m[RouterExplorer] [39m[32mMapped {/transferencias/:id, GET} route[39m[38;5;3m +0ms[39m
[32m[Nest] 34952  - [39m30/04/2026, 2:03:06 [32m    LOG[39m [38;5;3m[RouterExplorer] [39m[32mMapped {/transferencias/enviar, POST} route[39m[38;5;3m +0ms[39m
[32m[Nest] 34952  - [39m30/04/2026, 2:03:06 [32m    LOG[39m [38;5;3m[RouterExplorer] [39m[32mMapped {/transferencias/recibir, POST} route[39m[38;5;3m +1ms[39m
[32m[Nest] 34952  - [39m30/04/2026, 2:03:06 [32m    LOG[39m [38;5;3m[RoutesResolver] [39m[32mNotificacionesController {/notificaciones}:[39m[38;5;3m +0ms[39m
[32m[Nest] 34952  - [39m30/04/2026, 2:03:06 [32m    LOG[39m [38;5;3m[RouterExplorer] [39m[32mMapped {/notificaciones/revisar, POST} route[39m[38;5;3m +0ms[39m
[32m[Nest] 34952  - [39m30/04/2026, 2:03:06 [32m    LOG[39m [38;5;3m[RoutesResolver] [39m[32mAnaliticaController {/analitica}:[39m[38;5;3m +0ms[39m
[32m[Nest] 34952  - [39m30/04/2026, 2:03:06 [32m    LOG[39m [38;5;3m[RouterExplorer] [39m[32mMapped {/analitica/entrenar/:id_sucursal, GET} route[39m[38;5;3m +1ms[39m
[32m[Nest] 34952  - [39m30/04/2026, 2:03:06 [32m    LOG[39m [38;5;3m[RouterExplorer] [39m[32mMapped {/analitica/prediccion/:id_sucursal, GET} route[39m[38;5;3m +0ms[39m
[32m[Nest] 34952  - [39m30/04/2026, 2:03:06 [32m    LOG[39m [38;5;3m[NestApplication] [39m[32mNest application successfully started[39m[38;5;3m +59ms[39m
[31m[Nest] 34952  - [39m30/04/2026, 2:03:06 [31m  ERROR[39m [38;5;3m[NestApplication] [39m[31mError: listen EADDRINUSE: address already in use :::3000[39m[38;5;3m +1ms[39m
node:internal/errors:491
    ErrorCaptureStackTrace(err);
    ^

Error: listen EADDRINUSE: address already in use :::3000
    at __node_internal_captureLargerStackTrace (node:internal/errors:491:5)
    at __node_internal_uvExceptionWithHostPort (node:internal/errors:590:12)
    at Server.setupListenHandle [as _listen2] (node:net:1733:16)
    at listenInCluster (node:net:1781:12)
    at Server.listen (node:net:1869:7)
    at ExpressAdapter.listen (C:\Users\Crist\Desktop\ProyectoCedent\cendent-backend\node_modules\@nestjs\platform-express\adapters\express-adapter.js:115:32)
    at C:\Users\Crist\Desktop\ProyectoCedent\cendent-backend\node_modules\@nestjs\core\nest-application.js:188:30
    at new Promise (<anonymous>)
    at NestApplication.listen (C:\Users\Crist\Desktop\ProyectoCedent\cendent-backend\node_modules\@nestjs\core\nest-application.js:178:16)
    at bootstrap (C:\Users\Crist\Desktop\ProyectoCedent\cendent-backend\src\main.ts:27:3) {
  code: 'EADDRINUSE',
  errno: -4091,
  syscall: 'listen',
  address: '::',
  port: 3000
}

Node.js v18.13.0
[2J[3J[H[[90m2:04:37[0m] File change detected. Starting incremental compilation...

[96msrc/transferencias/transferencias.service.ts[0m:[93m203[0m:[93m34[0m - [91merror[0m[90m TS2339: [0mProperty 'id_usuario_recibe' does not exist on type 'RecibirTransferenciaDto'.

[7m203[0m           id_usuario_recibe: dto.id_usuario_recibe,
[7m   [0m [91m                                 ~~~~~~~~~~~~~~~~~[0m

[96msrc/transferencias/transferencias.service.ts[0m:[93m249[0m:[93m29[0m - [91merror[0m[90m TS2339: [0mProperty 'id_usuario_recibe' does not exist on type 'RecibirTransferenciaDto'.

[7m249[0m             id_usuario: dto.id_usuario_recibe,
[7m   [0m [91m                            ~~~~~~~~~~~~~~~~~[0m

[[90m2:04:38[0m] Found 2 errors. Watching for file changes.

[2J[3J[H[[90m2:04:40[0m] File change detected. Starting incremental compilation...

[96msrc/transferencias/transferencias.controller.ts[0m:[93m49[0m:[93m39[0m - [91merror[0m[90m TS2554: [0mExpected 2 arguments, but got 1.

[7m49[0m     return this.transferenciasService.recibirTransferencia(dto);
[7m  [0m [91m                                      ~~~~~~~~~~~~~~~~~~~~[0m

  [96msrc/transferencias/transferencias.service.ts[0m:[93m175[0m:[93m60[0m
    [7m175[0m   async recibirTransferencia(dto: RecibirTransferenciaDto, idUsuarioRecibe: number) {
    [7m   [0m [96m                                                           ~~~~~~~~~~~~~~~~~~~~~~~[0m
    An argument for 'idUsuarioRecibe' was not provided.

[96msrc/transferencias/transferencias.service.ts[0m:[93m203[0m:[93m34[0m - [91merror[0m[90m TS2339: [0mProperty 'id_usuario_recibe' does not exist on type 'RecibirTransferenciaDto'.

[7m203[0m           id_usuario_recibe: dto.id_usuario_recibe,
[7m   [0m [91m                                 ~~~~~~~~~~~~~~~~~[0m

[96msrc/transferencias/transferencias.service.ts[0m:[93m249[0m:[93m29[0m - [91merror[0m[90m TS2339: [0mProperty 'id_usuario_recibe' does not exist on type 'RecibirTransferenciaDto'.

[7m249[0m             id_usuario: dto.id_usuario_recibe,
[7m   [0m [91m                            ~~~~~~~~~~~~~~~~~[0m

[[90m2:04:41[0m] Found 3 errors. Watching for file changes.

[2J[3J[H[[90m2:04:44[0m] File change detected. Starting incremental compilation...

[96msrc/transferencias/transferencias.controller.ts[0m:[93m49[0m:[93m39[0m - [91merror[0m[90m TS2554: [0mExpected 2 arguments, but got 1.

[7m49[0m     return this.transferenciasService.recibirTransferencia(dto);
[7m  [0m [91m                                      ~~~~~~~~~~~~~~~~~~~~[0m

  [96msrc/transferencias/transferencias.service.ts[0m:[93m175[0m:[93m60[0m
    [7m175[0m   async recibirTransferencia(dto: RecibirTransferenciaDto, idUsuarioRecibe: number) {
    [7m   [0m [96m                                                           ~~~~~~~~~~~~~~~~~~~~~~~[0m
    An argument for 'idUsuarioRecibe' was not provided.

[[90m2:04:44[0m] Found 1 error. Watching for file changes.

[2J[3J[H[[90m2:04:48[0m] File change detected. Starting incremental compilation...

[[90m2:04:49[0m] Found 0 errors. Watching for file changes.

[32m[Nest] 1168  - [39m30/04/2026, 2:04:51 [32m    LOG[39m [38;5;3m[NestFactory] [39m[32mStarting Nest application...[39m
[32m[Nest] 1168  - [39m30/04/2026, 2:04:51 [32m    LOG[39m [38;5;3m[InstanceLoader] [39m[32mPrismaModule dependencies initialized[39m[38;5;3m +33ms[39m
[32m[Nest] 1168  - [39m30/04/2026, 2:04:51 [32m    LOG[39m [38;5;3m[InstanceLoader] [39m[32mPassportModule dependencies initialized[39m[38;5;3m +0ms[39m
[32m[Nest] 1168  - [39m30/04/2026, 2:04:51 [32m    LOG[39m [38;5;3m[InstanceLoader] [39m[32mJwtModule dependencies initialized[39m[38;5;3m +4ms[39m
[32m[Nest] 1168  - [39m30/04/2026, 2:04:51 [32m    LOG[39m [38;5;3m[InstanceLoader] [39m[32mDiscoveryModule dependencies initialized[39m[38;5;3m +0ms[39m
[32m[Nest] 1168  - [39m30/04/2026, 2:04:51 [32m    LOG[39m [38;5;3m[InstanceLoader] [39m[32mAppModule dependencies initialized[39m[38;5;3m +3ms[39m
[32m[Nest] 1168  - [39m30/04/2026, 2:04:51 [32m    LOG[39m [38;5;3m[InstanceLoader] [39m[32mScheduleModule dependencies initialized[39m[38;5;3m +0ms[39m
[32m[Nest] 1168  - [39m30/04/2026, 2:04:51 [32m    LOG[39m [38;5;3m[InstanceLoader] [39m[32mAuthModule dependencies initialized[39m[38;5;3m +1ms[39m
[32m[Nest] 1168  - [39m30/04/2026, 2:04:51 [32m    LOG[39m [38;5;3m[InstanceLoader] [39m[32mUsuariosModule dependencies initialized[39m[38;5;3m +0ms[39m
[32m[Nest] 1168  - [39m30/04/2026, 2:04:51 [32m    LOG[39m [38;5;3m[InstanceLoader] [39m[32mProductosModule dependencies initialized[39m[38;5;3m +0ms[39m
[32m[Nest] 1168  - [39m30/04/2026, 2:04:51 [32m    LOG[39m [38;5;3m[InstanceLoader] [39m[32mKitsModule dependencies initialized[39m[38;5;3m +1ms[39m
[32m[Nest] 1168  - [39m30/04/2026, 2:04:51 [32m    LOG[39m [38;5;3m[InstanceLoader] [39m[32mLotesModule dependencies initialized[39m[38;5;3m +0ms[39m
[32m[Nest] 1168  - [39m30/04/2026, 2:04:51 [32m    LOG[39m [38;5;3m[InstanceLoader] [39m[32mMovimientosModule dependencies initialized[39m[38;5;3m +0ms[39m
[32m[Nest] 1168  - [39m30/04/2026, 2:04:51 [32m    LOG[39m [38;5;3m[InstanceLoader] [39m[32mTransferenciasModule dependencies initialized[39m[38;5;3m +0ms[39m
[32m[Nest] 1168  - [39m30/04/2026, 2:04:51 [32m    LOG[39m [38;5;3m[InstanceLoader] [39m[32mNotificacionesModule dependencies initialized[39m[38;5;3m +0ms[39m
[32m[Nest] 1168  - [39m30/04/2026, 2:04:51 [32m    LOG[39m [38;5;3m[InstanceLoader] [39m[32mAnaliticaModule dependencies initialized[39m[38;5;3m +0ms[39m
[32m[Nest] 1168  - [39m30/04/2026, 2:04:51 [32m    LOG[39m [38;5;3m[RoutesResolver] [39m[32mAppController {/}:[39m[38;5;3m +47ms[39m
[32m[Nest] 1168  - [39m30/04/2026, 2:04:51 [32m    LOG[39m [38;5;3m[RouterExplorer] [39m[32mMapped {/, GET} route[39m[38;5;3m +3ms[39m
[32m[Nest] 1168  - [39m30/04/2026, 2:04:51 [32m    LOG[39m [38;5;3m[RoutesResolver] [39m[32mAuthController {/auth}:[39m[38;5;3m +0ms[39m
[32m[Nest] 1168  - [39m30/04/2026, 2:04:51 [32m    LOG[39m [38;5;3m[RouterExplorer] [39m[32mMapped {/auth/login, POST} route[39m[38;5;3m +1ms[39m
[32m[Nest] 1168  - [39m30/04/2026, 2:04:51 [32m    LOG[39m [38;5;3m[RoutesResolver] [39m[32mUsuariosController {/usuarios}:[39m[38;5;3m +0ms[39m
[32m[Nest] 1168  - [39m30/04/2026, 2:04:51 [32m    LOG[39m [38;5;3m[RouterExplorer] [39m[32mMapped {/usuarios, POST} route[39m[38;5;3m +0ms[39m
[32m[Nest] 1168  - [39m30/04/2026, 2:04:51 [32m    LOG[39m [38;5;3m[RouterExplorer] [39m[32mMapped {/usuarios, GET} route[39m[38;5;3m +1ms[39m
[32m[Nest] 1168  - [39m30/04/2026, 2:04:51 [32m    LOG[39m [38;5;3m[RouterExplorer] [39m[32mMapped {/usuarios/:id, GET} route[39m[38;5;3m +0ms[39m
[32m[Nest] 1168  - [39m30/04/2026, 2:04:51 [32m    LOG[39m [38;5;3m[RoutesResolver] [39m[32mProductosController {/productos}:[39m[38;5;3m +1ms[39m
[32m[Nest] 1168  - [39m30/04/2026, 2:04:51 [32m    LOG[39m [38;5;3m[RouterExplorer] [39m[32mMapped {/productos/inventario, GET} route[39m[38;5;3m +0ms[39m
[32m[Nest] 1168  - [39m30/04/2026, 2:04:51 [32m    LOG[39m [38;5;3m[RouterExplorer] [39m[32mMapped {/productos, GET} route[39m[38;5;3m +1ms[39m
[32m[Nest] 1168  - [39m30/04/2026, 2:04:51 [32m    LOG[39m [38;5;3m[RouterExplorer] [39m[32mMapped {/productos/:id, GET} route[39m[38;5;3m +0ms[39m
[32m[Nest] 1168  - [39m30/04/2026, 2:04:51 [32m    LOG[39m [38;5;3m[RouterExplorer] [39m[32mMapped {/productos, POST} route[39m[38;5;3m +1ms[39m
[32m[Nest] 1168  - [39m30/04/2026, 2:04:51 [32m    LOG[39m [38;5;3m[RouterExplorer] [39m[32mMapped {/productos/:id, PATCH} route[39m[38;5;3m +1ms[39m
[32m[Nest] 1168  - [39m30/04/2026, 2:04:51 [32m    LOG[39m [38;5;3m[RouterExplorer] [39m[32mMapped {/productos/:id, DELETE} route[39m[38;5;3m +0ms[39m
[32m[Nest] 1168  - [39m30/04/2026, 2:04:51 [32m    LOG[39m [38;5;3m[RoutesResolver] [39m[32mKitsController {/kits}:[39m[38;5;3m +0ms[39m
[32m[Nest] 1168  - [39m30/04/2026, 2:04:51 [32m    LOG[39m [38;5;3m[RouterExplorer] [39m[32mMapped {/kits, GET} route[39m[38;5;3m +5ms[39m
[32m[Nest] 1168  - [39m30/04/2026, 2:04:51 [32m    LOG[39m [38;5;3m[RouterExplorer] [39m[32mMapped {/kits/:id, GET} route[39m[38;5;3m +1ms[39m
[32m[Nest] 1168  - [39m30/04/2026, 2:04:51 [32m    LOG[39m [38;5;3m[RouterExplorer] [39m[32mMapped {/kits, POST} route[39m[38;5;3m +0ms[39m
[32m[Nest] 1168  - [39m30/04/2026, 2:04:51 [32m    LOG[39m [38;5;3m[RouterExplorer] [39m[32mMapped {/kits/:id, DELETE} route[39m[38;5;3m +1ms[39m
[32m[Nest] 1168  - [39m30/04/2026, 2:04:51 [32m    LOG[39m [38;5;3m[RoutesResolver] [39m[32mLotesController {/lotes}:[39m[38;5;3m +0ms[39m
[32m[Nest] 1168  - [39m30/04/2026, 2:04:51 [32m    LOG[39m [38;5;3m[RouterExplorer] [39m[32mMapped {/lotes, POST} route[39m[38;5;3m +0ms[39m
[32m[Nest] 1168  - [39m30/04/2026, 2:04:51 [32m    LOG[39m [38;5;3m[RouterExplorer] [39m[32mMapped {/lotes/producto/:id_producto, GET} route[39m[38;5;3m +0ms[39m
[32m[Nest] 1168  - [39m30/04/2026, 2:04:51 [32m    LOG[39m [38;5;3m[RoutesResolver] [39m[32mMovimientosController {/movimientos}:[39m[38;5;3m +0ms[39m
[32m[Nest] 1168  - [39m30/04/2026, 2:04:51 [32m    LOG[39m [38;5;3m[RouterExplorer] [39m[32mMapped {/movimientos, GET} route[39m[38;5;3m +1ms[39m
[32m[Nest] 1168  - [39m30/04/2026, 2:04:51 [32m    LOG[39m [38;5;3m[RouterExplorer] [39m[32mMapped {/movimientos/despachar-kit, POST} route[39m[38;5;3m +0ms[39m
[32m[Nest] 1168  - [39m30/04/2026, 2:04:51 [32m    LOG[39m [38;5;3m[RoutesResolver] [39m[32mTransferenciasController {/transferencias}:[39m[38;5;3m +0ms[39m
[32m[Nest] 1168  - [39m30/04/2026, 2:04:51 [32m    LOG[39m [38;5;3m[RouterExplorer] [39m[32mMapped {/transferencias, GET} route[39m[38;5;3m +0ms[39m
[32m[Nest] 1168  - [39m30/04/2026, 2:04:51 [32m    LOG[39m [38;5;3m[RouterExplorer] [39m[32mMapped {/transferencias/:id, GET} route[39m[38;5;3m +1ms[39m
[32m[Nest] 1168  - [39m30/04/2026, 2:04:51 [32m    LOG[39m [38;5;3m[RouterExplorer] [39m[32mMapped {/transferencias/enviar, POST} route[39m[38;5;3m +0ms[39m
[32m[Nest] 1168  - [39m30/04/2026, 2:04:51 [32m    LOG[39m [38;5;3m[RouterExplorer] [39m[32mMapped {/transferencias/recibir, POST} route[39m[38;5;3m +0ms[39m
[32m[Nest] 1168  - [39m30/04/2026, 2:04:51 [32m    LOG[39m [38;5;3m[RoutesResolver] [39m[32mNotificacionesController {/notificaciones}:[39m[38;5;3m +0ms[39m
[32m[Nest] 1168  - [39m30/04/2026, 2:04:51 [32m    LOG[39m [38;5;3m[RouterExplorer] [39m[32mMapped {/notificaciones/revisar, POST} route[39m[38;5;3m +0ms[39m
[32m[Nest] 1168  - [39m30/04/2026, 2:04:51 [32m    LOG[39m [38;5;3m[RoutesResolver] [39m[32mAnaliticaController {/analitica}:[39m[38;5;3m +0ms[39m
[32m[Nest] 1168  - [39m30/04/2026, 2:04:51 [32m    LOG[39m [38;5;3m[RouterExplorer] [39m[32mMapped {/analitica/entrenar/:id_sucursal, GET} route[39m[38;5;3m +1ms[39m
[32m[Nest] 1168  - [39m30/04/2026, 2:04:51 [32m    LOG[39m [38;5;3m[RouterExplorer] [39m[32mMapped {/analitica/prediccion/:id_sucursal, GET} route[39m[38;5;3m +0ms[39m
[32m[Nest] 1168  - [39m30/04/2026, 2:04:51 [32m    LOG[39m [38;5;3m[NestApplication] [39m[32mNest application successfully started[39m[38;5;3m +73ms[39m
[31m[Nest] 1168  - [39m30/04/2026, 2:04:51 [31m  ERROR[39m [38;5;3m[NestApplication] [39m[31mError: listen EADDRINUSE: address already in use :::3000[39m[38;5;3m +2ms[39m
node:internal/errors:491
    ErrorCaptureStackTrace(err);
    ^

Error: listen EADDRINUSE: address already in use :::3000
    at __node_internal_captureLargerStackTrace (node:internal/errors:491:5)
    at __node_internal_uvExceptionWithHostPort (node:internal/errors:590:12)
    at Server.setupListenHandle [as _listen2] (node:net:1733:16)
    at listenInCluster (node:net:1781:12)
    at Server.listen (node:net:1869:7)
    at ExpressAdapter.listen (C:\Users\Crist\Desktop\ProyectoCedent\cendent-backend\node_modules\@nestjs\platform-express\adapters\express-adapter.js:115:32)
    at C:\Users\Crist\Desktop\ProyectoCedent\cendent-backend\node_modules\@nestjs\core\nest-application.js:188:30
    at new Promise (<anonymous>)
    at NestApplication.listen (C:\Users\Crist\Desktop\ProyectoCedent\cendent-backend\node_modules\@nestjs\core\nest-application.js:178:16)
    at bootstrap (C:\Users\Crist\Desktop\ProyectoCedent\cendent-backend\src\main.ts:27:3) {
  code: 'EADDRINUSE',
  errno: -4091,
  syscall: 'listen',
  address: '::',
  port: 3000
}

Node.js v18.13.0
[2J[3J[H[[90m2:04:53[0m] File change detected. Starting incremental compilation...

[[90m2:04:53[0m] Found 0 errors. Watching for file changes.

[32m[Nest] 36948  - [39m30/04/2026, 2:04:55 [32m    LOG[39m [38;5;3m[NestFactory] [39m[32mStarting Nest application...[39m
[32m[Nest] 36948  - [39m30/04/2026, 2:04:55 [32m    LOG[39m [38;5;3m[InstanceLoader] [39m[32mPrismaModule dependencies initialized[39m[38;5;3m +36ms[39m
[32m[Nest] 36948  - [39m30/04/2026, 2:04:55 [32m    LOG[39m [38;5;3m[InstanceLoader] [39m[32mPassportModule dependencies initialized[39m[38;5;3m +1ms[39m
[32m[Nest] 36948  - [39m30/04/2026, 2:04:55 [32m    LOG[39m [38;5;3m[InstanceLoader] [39m[32mJwtModule dependencies initialized[39m[38;5;3m +5ms[39m
[32m[Nest] 36948  - [39m30/04/2026, 2:04:55 [32m    LOG[39m [38;5;3m[InstanceLoader] [39m[32mDiscoveryModule dependencies initialized[39m[38;5;3m +1ms[39m
[32m[Nest] 36948  - [39m30/04/2026, 2:04:55 [32m    LOG[39m [38;5;3m[InstanceLoader] [39m[32mAppModule dependencies initialized[39m[38;5;3m +2ms[39m
[32m[Nest] 36948  - [39m30/04/2026, 2:04:55 [32m    LOG[39m [38;5;3m[InstanceLoader] [39m[32mScheduleModule dependencies initialized[39m[38;5;3m +0ms[39m
[32m[Nest] 36948  - [39m30/04/2026, 2:04:55 [32m    LOG[39m [38;5;3m[InstanceLoader] [39m[32mAuthModule dependencies initialized[39m[38;5;3m +1ms[39m
[32m[Nest] 36948  - [39m30/04/2026, 2:04:55 [32m    LOG[39m [38;5;3m[InstanceLoader] [39m[32mUsuariosModule dependencies initialized[39m[38;5;3m +1ms[39m
[32m[Nest] 36948  - [39m30/04/2026, 2:04:55 [32m    LOG[39m [38;5;3m[InstanceLoader] [39m[32mProductosModule dependencies initialized[39m[38;5;3m +0ms[39m
[32m[Nest] 36948  - [39m30/04/2026, 2:04:55 [32m    LOG[39m [38;5;3m[InstanceLoader] [39m[32mKitsModule dependencies initialized[39m[38;5;3m +0ms[39m
[32m[Nest] 36948  - [39m30/04/2026, 2:04:55 [32m    LOG[39m [38;5;3m[InstanceLoader] [39m[32mLotesModule dependencies initialized[39m[38;5;3m +0ms[39m
[32m[Nest] 36948  - [39m30/04/2026, 2:04:55 [32m    LOG[39m [38;5;3m[InstanceLoader] [39m[32mMovimientosModule dependencies initialized[39m[38;5;3m +0ms[39m
[32m[Nest] 36948  - [39m30/04/2026, 2:04:55 [32m    LOG[39m [38;5;3m[InstanceLoader] [39m[32mTransferenciasModule dependencies initialized[39m[38;5;3m +0ms[39m
[32m[Nest] 36948  - [39m30/04/2026, 2:04:55 [32m    LOG[39m [38;5;3m[InstanceLoader] [39m[32mNotificacionesModule dependencies initialized[39m[38;5;3m +0ms[39m
[32m[Nest] 36948  - [39m30/04/2026, 2:04:55 [32m    LOG[39m [38;5;3m[InstanceLoader] [39m[32mAnaliticaModule dependencies initialized[39m[38;5;3m +0ms[39m
[32m[Nest] 36948  - [39m30/04/2026, 2:04:55 [32m    LOG[39m [38;5;3m[RoutesResolver] [39m[32mAppController {/}:[39m[38;5;3m +52ms[39m
[32m[Nest] 36948  - [39m30/04/2026, 2:04:55 [32m    LOG[39m [38;5;3m[RouterExplorer] [39m[32mMapped {/, GET} route[39m[38;5;3m +3ms[39m
[32m[Nest] 36948  - [39m30/04/2026, 2:04:55 [32m    LOG[39m [38;5;3m[RoutesResolver] [39m[32mAuthController {/auth}:[39m[38;5;3m +0ms[39m
[32m[Nest] 36948  - [39m30/04/2026, 2:04:55 [32m    LOG[39m [38;5;3m[RouterExplorer] [39m[32mMapped {/auth/login, POST} route[39m[38;5;3m +1ms[39m
[32m[Nest] 36948  - [39m30/04/2026, 2:04:55 [32m    LOG[39m [38;5;3m[RoutesResolver] [39m[32mUsuariosController {/usuarios}:[39m[38;5;3m +0ms[39m
[32m[Nest] 36948  - [39m30/04/2026, 2:04:55 [32m    LOG[39m [38;5;3m[RouterExplorer] [39m[32mMapped {/usuarios, POST} route[39m[38;5;3m +0ms[39m
[32m[Nest] 36948  - [39m30/04/2026, 2:04:55 [32m    LOG[39m [38;5;3m[RouterExplorer] [39m[32mMapped {/usuarios, GET} route[39m[38;5;3m +1ms[39m
[32m[Nest] 36948  - [39m30/04/2026, 2:04:55 [32m    LOG[39m [38;5;3m[RouterExplorer] [39m[32mMapped {/usuarios/:id, GET} route[39m[38;5;3m +0ms[39m
[32m[Nest] 36948  - [39m30/04/2026, 2:04:55 [32m    LOG[39m [38;5;3m[RoutesResolver] [39m[32mProductosController {/productos}:[39m[38;5;3m +0ms[39m
[32m[Nest] 36948  - [39m30/04/2026, 2:04:55 [32m    LOG[39m [38;5;3m[RouterExplorer] [39m[32mMapped {/productos/inventario, GET} route[39m[38;5;3m +1ms[39m
[32m[Nest] 36948  - [39m30/04/2026, 2:04:55 [32m    LOG[39m [38;5;3m[RouterExplorer] [39m[32mMapped {/productos, GET} route[39m[38;5;3m +0ms[39m
[32m[Nest] 36948  - [39m30/04/2026, 2:04:55 [32m    LOG[39m [38;5;3m[RouterExplorer] [39m[32mMapped {/productos/:id, GET} route[39m[38;5;3m +0ms[39m
[32m[Nest] 36948  - [39m30/04/2026, 2:04:55 [32m    LOG[39m [38;5;3m[RouterExplorer] [39m[32mMapped {/productos, POST} route[39m[38;5;3m +1ms[39m
[32m[Nest] 36948  - [39m30/04/2026, 2:04:55 [32m    LOG[39m [38;5;3m[RouterExplorer] [39m[32mMapped {/productos/:id, PATCH} route[39m[38;5;3m +3ms[39m
[32m[Nest] 36948  - [39m30/04/2026, 2:04:55 [32m    LOG[39m [38;5;3m[RouterExplorer] [39m[32mMapped {/productos/:id, DELETE} route[39m[38;5;3m +1ms[39m
[32m[Nest] 36948  - [39m30/04/2026, 2:04:55 [32m    LOG[39m [38;5;3m[RoutesResolver] [39m[32mKitsController {/kits}:[39m[38;5;3m +0ms[39m
[32m[Nest] 36948  - [39m30/04/2026, 2:04:55 [32m    LOG[39m [38;5;3m[RouterExplorer] [39m[32mMapped {/kits, GET} route[39m[38;5;3m +1ms[39m
[32m[Nest] 36948  - [39m30/04/2026, 2:04:55 [32m    LOG[39m [38;5;3m[RouterExplorer] [39m[32mMapped {/kits/:id, GET} route[39m[38;5;3m +0ms[39m
[32m[Nest] 36948  - [39m30/04/2026, 2:04:55 [32m    LOG[39m [38;5;3m[RouterExplorer] [39m[32mMapped {/kits, POST} route[39m[38;5;3m +1ms[39m
[32m[Nest] 36948  - [39m30/04/2026, 2:04:55 [32m    LOG[39m [38;5;3m[RouterExplorer] [39m[32mMapped {/kits/:id, DELETE} route[39m[38;5;3m +0ms[39m
[32m[Nest] 36948  - [39m30/04/2026, 2:04:55 [32m    LOG[39m [38;5;3m[RoutesResolver] [39m[32mLotesController {/lotes}:[39m[38;5;3m +0ms[39m
[32m[Nest] 36948  - [39m30/04/2026, 2:04:55 [32m    LOG[39m [38;5;3m[RouterExplorer] [39m[32mMapped {/lotes, POST} route[39m[38;5;3m +1ms[39m
[32m[Nest] 36948  - [39m30/04/2026, 2:04:55 [32m    LOG[39m [38;5;3m[RouterExplorer] [39m[32mMapped {/lotes/producto/:id_producto, GET} route[39m[38;5;3m +0ms[39m
[32m[Nest] 36948  - [39m30/04/2026, 2:04:55 [32m    LOG[39m [38;5;3m[RoutesResolver] [39m[32mMovimientosController {/movimientos}:[39m[38;5;3m +0ms[39m
[32m[Nest] 36948  - [39m30/04/2026, 2:04:55 [32m    LOG[39m [38;5;3m[RouterExplorer] [39m[32mMapped {/movimientos, GET} route[39m[38;5;3m +0ms[39m
[32m[Nest] 36948  - [39m30/04/2026, 2:04:55 [32m    LOG[39m [38;5;3m[RouterExplorer] [39m[32mMapped {/movimientos/despachar-kit, POST} route[39m[38;5;3m +1ms[39m
[32m[Nest] 36948  - [39m30/04/2026, 2:04:55 [32m    LOG[39m [38;5;3m[RoutesResolver] [39m[32mTransferenciasController {/transferencias}:[39m[38;5;3m +0ms[39m
[32m[Nest] 36948  - [39m30/04/2026, 2:04:55 [32m    LOG[39m [38;5;3m[RouterExplorer] [39m[32mMapped {/transferencias, GET} route[39m[38;5;3m +0ms[39m
[32m[Nest] 36948  - [39m30/04/2026, 2:04:55 [32m    LOG[39m [38;5;3m[RouterExplorer] [39m[32mMapped {/transferencias/:id, GET} route[39m[38;5;3m +1ms[39m
[32m[Nest] 36948  - [39m30/04/2026, 2:04:55 [32m    LOG[39m [38;5;3m[RouterExplorer] [39m[32mMapped {/transferencias/enviar, POST} route[39m[38;5;3m +0ms[39m
[32m[Nest] 36948  - [39m30/04/2026, 2:04:55 [32m    LOG[39m [38;5;3m[RouterExplorer] [39m[32mMapped {/transferencias/recibir, POST} route[39m[38;5;3m +0ms[39m
[32m[Nest] 36948  - [39m30/04/2026, 2:04:55 [32m    LOG[39m [38;5;3m[RoutesResolver] [39m[32mNotificacionesController {/notificaciones}:[39m[38;5;3m +1ms[39m
[32m[Nest] 36948  - [39m30/04/2026, 2:04:55 [32m    LOG[39m [38;5;3m[RouterExplorer] [39m[32mMapped {/notificaciones/revisar, POST} route[39m[38;5;3m +0ms[39m
[32m[Nest] 36948  - [39m30/04/2026, 2:04:55 [32m    LOG[39m [38;5;3m[RoutesResolver] [39m[32mAnaliticaController {/analitica}:[39m[38;5;3m +0ms[39m
[32m[Nest] 36948  - [39m30/04/2026, 2:04:55 [32m    LOG[39m [38;5;3m[RouterExplorer] [39m[32mMapped {/analitica/entrenar/:id_sucursal, GET} route[39m[38;5;3m +1ms[39m
[32m[Nest] 36948  - [39m30/04/2026, 2:04:55 [32m    LOG[39m [38;5;3m[RouterExplorer] [39m[32mMapped {/analitica/prediccion/:id_sucursal, GET} route[39m[38;5;3m +0ms[39m
[32m[Nest] 36948  - [39m30/04/2026, 2:04:56 [32m    LOG[39m [38;5;3m[NestApplication] [39m[32mNest application successfully started[39m[38;5;3m +82ms[39m
[31m[Nest] 36948  - [39m30/04/2026, 2:04:56 [31m  ERROR[39m [38;5;3m[NestApplication] [39m[31mError: listen EADDRINUSE: address already in use :::3000[39m[38;5;3m +2ms[39m
node:internal/errors:491
    ErrorCaptureStackTrace(err);
    ^

Error: listen EADDRINUSE: address already in use :::3000
    at __node_internal_captureLargerStackTrace (node:internal/errors:491:5)
    at __node_internal_uvExceptionWithHostPort (node:internal/errors:590:12)
    at Server.setupListenHandle [as _listen2] (node:net:1733:16)
    at listenInCluster (node:net:1781:12)
    at Server.listen (node:net:1869:7)
    at ExpressAdapter.listen (C:\Users\Crist\Desktop\ProyectoCedent\cendent-backend\node_modules\@nestjs\platform-express\adapters\express-adapter.js:115:32)
    at C:\Users\Crist\Desktop\ProyectoCedent\cendent-backend\node_modules\@nestjs\core\nest-application.js:188:30
    at new Promise (<anonymous>)
    at NestApplication.listen (C:\Users\Crist\Desktop\ProyectoCedent\cendent-backend\node_modules\@nestjs\core\nest-application.js:178:16)
    at bootstrap (C:\Users\Crist\Desktop\ProyectoCedent\cendent-backend\src\main.ts:27:3) {
  code: 'EADDRINUSE',
  errno: -4091,
  syscall: 'listen',
  address: '::',
  port: 3000
}

Node.js v18.13.0
[2J[3J[H[[90m2:37:06[0m] File change detected. Starting incremental compilation...

[[90m2:37:07[0m] Found 0 errors. Watching for file changes.

[32m[Nest] 17356  - [39m30/04/2026, 2:37:09 [32m    LOG[39m [38;5;3m[NestFactory] [39m[32mStarting Nest application...[39m
[32m[Nest] 17356  - [39m30/04/2026, 2:37:09 [32m    LOG[39m [38;5;3m[InstanceLoader] [39m[32mPrismaModule dependencies initialized[39m[38;5;3m +30ms[39m
[32m[Nest] 17356  - [39m30/04/2026, 2:37:09 [32m    LOG[39m [38;5;3m[InstanceLoader] [39m[32mPassportModule dependencies initialized[39m[38;5;3m +1ms[39m
[32m[Nest] 17356  - [39m30/04/2026, 2:37:09 [32m    LOG[39m [38;5;3m[InstanceLoader] [39m[32mJwtModule dependencies initialized[39m[38;5;3m +3ms[39m
[32m[Nest] 17356  - [39m30/04/2026, 2:37:09 [32m    LOG[39m [38;5;3m[InstanceLoader] [39m[32mDiscoveryModule dependencies initialized[39m[38;5;3m +0ms[39m
[32m[Nest] 17356  - [39m30/04/2026, 2:37:09 [32m    LOG[39m [38;5;3m[InstanceLoader] [39m[32mAppModule dependencies initialized[39m[38;5;3m +3ms[39m
[32m[Nest] 17356  - [39m30/04/2026, 2:37:09 [32m    LOG[39m [38;5;3m[InstanceLoader] [39m[32mScheduleModule dependencies initialized[39m[38;5;3m +0ms[39m
[32m[Nest] 17356  - [39m30/04/2026, 2:37:09 [32m    LOG[39m [38;5;3m[InstanceLoader] [39m[32mAuthModule dependencies initialized[39m[38;5;3m +2ms[39m
[32m[Nest] 17356  - [39m30/04/2026, 2:37:09 [32m    LOG[39m [38;5;3m[InstanceLoader] [39m[32mUsuariosModule dependencies initialized[39m[38;5;3m +0ms[39m
[32m[Nest] 17356  - [39m30/04/2026, 2:37:09 [32m    LOG[39m [38;5;3m[InstanceLoader] [39m[32mProductosModule dependencies initialized[39m[38;5;3m +1ms[39m
[32m[Nest] 17356  - [39m30/04/2026, 2:37:09 [32m    LOG[39m [38;5;3m[InstanceLoader] [39m[32mKitsModule dependencies initialized[39m[38;5;3m +0ms[39m
[32m[Nest] 17356  - [39m30/04/2026, 2:37:09 [32m    LOG[39m [38;5;3m[InstanceLoader] [39m[32mLotesModule dependencies initialized[39m[38;5;3m +0ms[39m
[32m[Nest] 17356  - [39m30/04/2026, 2:37:09 [32m    LOG[39m [38;5;3m[InstanceLoader] [39m[32mMovimientosModule dependencies initialized[39m[38;5;3m +0ms[39m
[32m[Nest] 17356  - [39m30/04/2026, 2:37:09 [32m    LOG[39m [38;5;3m[InstanceLoader] [39m[32mTransferenciasModule dependencies initialized[39m[38;5;3m +0ms[39m
[32m[Nest] 17356  - [39m30/04/2026, 2:37:09 [32m    LOG[39m [38;5;3m[InstanceLoader] [39m[32mNotificacionesModule dependencies initialized[39m[38;5;3m +0ms[39m
[32m[Nest] 17356  - [39m30/04/2026, 2:37:09 [32m    LOG[39m [38;5;3m[InstanceLoader] [39m[32mAnaliticaModule dependencies initialized[39m[38;5;3m +0ms[39m
[32m[Nest] 17356  - [39m30/04/2026, 2:37:09 [32m    LOG[39m [38;5;3m[RoutesResolver] [39m[32mAppController {/}:[39m[38;5;3m +52ms[39m
[32m[Nest] 17356  - [39m30/04/2026, 2:37:09 [32m    LOG[39m [38;5;3m[RouterExplorer] [39m[32mMapped {/, GET} route[39m[38;5;3m +2ms[39m
[32m[Nest] 17356  - [39m30/04/2026, 2:37:09 [32m    LOG[39m [38;5;3m[RoutesResolver] [39m[32mAuthController {/auth}:[39m[38;5;3m +1ms[39m
[32m[Nest] 17356  - [39m30/04/2026, 2:37:09 [32m    LOG[39m [38;5;3m[RouterExplorer] [39m[32mMapped {/auth/login, POST} route[39m[38;5;3m +0ms[39m
[32m[Nest] 17356  - [39m30/04/2026, 2:37:09 [32m    LOG[39m [38;5;3m[RoutesResolver] [39m[32mUsuariosController {/usuarios}:[39m[38;5;3m +0ms[39m
[32m[Nest] 17356  - [39m30/04/2026, 2:37:09 [32m    LOG[39m [38;5;3m[RouterExplorer] [39m[32mMapped {/usuarios, POST} route[39m[38;5;3m +1ms[39m
[32m[Nest] 17356  - [39m30/04/2026, 2:37:09 [32m    LOG[39m [38;5;3m[RouterExplorer] [39m[32mMapped {/usuarios, GET} route[39m[38;5;3m +0ms[39m
[32m[Nest] 17356  - [39m30/04/2026, 2:37:09 [32m    LOG[39m [38;5;3m[RouterExplorer] [39m[32mMapped {/usuarios/:id, GET} route[39m[38;5;3m +1ms[39m
[32m[Nest] 17356  - [39m30/04/2026, 2:37:09 [32m    LOG[39m [38;5;3m[RoutesResolver] [39m[32mProductosController {/productos}:[39m[38;5;3m +0ms[39m
[32m[Nest] 17356  - [39m30/04/2026, 2:37:09 [32m    LOG[39m [38;5;3m[RouterExplorer] [39m[32mMapped {/productos/inventario, GET} route[39m[38;5;3m +0ms[39m
[32m[Nest] 17356  - [39m30/04/2026, 2:37:09 [32m    LOG[39m [38;5;3m[RouterExplorer] [39m[32mMapped {/productos, GET} route[39m[38;5;3m +0ms[39m
[32m[Nest] 17356  - [39m30/04/2026, 2:37:09 [32m    LOG[39m [38;5;3m[RouterExplorer] [39m[32mMapped {/productos/:id, GET} route[39m[38;5;3m +1ms[39m
[32m[Nest] 17356  - [39m30/04/2026, 2:37:09 [32m    LOG[39m [38;5;3m[RouterExplorer] [39m[32mMapped {/productos, POST} route[39m[38;5;3m +0ms[39m
[32m[Nest] 17356  - [39m30/04/2026, 2:37:09 [32m    LOG[39m [38;5;3m[RouterExplorer] [39m[32mMapped {/productos/:id, PATCH} route[39m[38;5;3m +0ms[39m
[32m[Nest] 17356  - [39m30/04/2026, 2:37:09 [32m    LOG[39m [38;5;3m[RouterExplorer] [39m[32mMapped {/productos/:id, DELETE} route[39m[38;5;3m +1ms[39m
[32m[Nest] 17356  - [39m30/04/2026, 2:37:09 [32m    LOG[39m [38;5;3m[RoutesResolver] [39m[32mKitsController {/kits}:[39m[38;5;3m +0ms[39m
[32m[Nest] 17356  - [39m30/04/2026, 2:37:09 [32m    LOG[39m [38;5;3m[RouterExplorer] [39m[32mMapped {/kits, GET} route[39m[38;5;3m +0ms[39m
[32m[Nest] 17356  - [39m30/04/2026, 2:37:09 [32m    LOG[39m [38;5;3m[RouterExplorer] [39m[32mMapped {/kits/:id, GET} route[39m[38;5;3m +3ms[39m
[32m[Nest] 17356  - [39m30/04/2026, 2:37:09 [32m    LOG[39m [38;5;3m[RouterExplorer] [39m[32mMapped {/kits, POST} route[39m[38;5;3m +1ms[39m
[32m[Nest] 17356  - [39m30/04/2026, 2:37:09 [32m    LOG[39m [38;5;3m[RouterExplorer] [39m[32mMapped {/kits/:id, DELETE} route[39m[38;5;3m +0ms[39m
[32m[Nest] 17356  - [39m30/04/2026, 2:37:09 [32m    LOG[39m [38;5;3m[RoutesResolver] [39m[32mLotesController {/lotes}:[39m[38;5;3m +0ms[39m
[32m[Nest] 17356  - [39m30/04/2026, 2:37:09 [32m    LOG[39m [38;5;3m[RouterExplorer] [39m[32mMapped {/lotes, POST} route[39m[38;5;3m +0ms[39m
[32m[Nest] 17356  - [39m30/04/2026, 2:37:09 [32m    LOG[39m [38;5;3m[RouterExplorer] [39m[32mMapped {/lotes/producto/:id_producto, GET} route[39m[38;5;3m +0ms[39m
[32m[Nest] 17356  - [39m30/04/2026, 2:37:09 [32m    LOG[39m [38;5;3m[RoutesResolver] [39m[32mMovimientosController {/movimientos}:[39m[38;5;3m +0ms[39m
[32m[Nest] 17356  - [39m30/04/2026, 2:37:09 [32m    LOG[39m [38;5;3m[RouterExplorer] [39m[32mMapped {/movimientos, GET} route[39m[38;5;3m +1ms[39m
[32m[Nest] 17356  - [39m30/04/2026, 2:37:09 [32m    LOG[39m [38;5;3m[RouterExplorer] [39m[32mMapped {/movimientos/despachar-kit, POST} route[39m[38;5;3m +0ms[39m
[32m[Nest] 17356  - [39m30/04/2026, 2:37:09 [32m    LOG[39m [38;5;3m[RoutesResolver] [39m[32mTransferenciasController {/transferencias}:[39m[38;5;3m +0ms[39m
[32m[Nest] 17356  - [39m30/04/2026, 2:37:09 [32m    LOG[39m [38;5;3m[RouterExplorer] [39m[32mMapped {/transferencias, GET} route[39m[38;5;3m +0ms[39m
[32m[Nest] 17356  - [39m30/04/2026, 2:37:09 [32m    LOG[39m [38;5;3m[RouterExplorer] [39m[32mMapped {/transferencias/:id, GET} route[39m[38;5;3m +0ms[39m
[32m[Nest] 17356  - [39m30/04/2026, 2:37:09 [32m    LOG[39m [38;5;3m[RouterExplorer] [39m[32mMapped {/transferencias/enviar, POST} route[39m[38;5;3m +1ms[39m
[32m[Nest] 17356  - [39m30/04/2026, 2:37:09 [32m    LOG[39m [38;5;3m[RouterExplorer] [39m[32mMapped {/transferencias/recibir, POST} route[39m[38;5;3m +0ms[39m
[32m[Nest] 17356  - [39m30/04/2026, 2:37:09 [32m    LOG[39m [38;5;3m[RoutesResolver] [39m[32mNotificacionesController {/notificaciones}:[39m[38;5;3m +0ms[39m
[32m[Nest] 17356  - [39m30/04/2026, 2:37:09 [32m    LOG[39m [38;5;3m[RouterExplorer] [39m[32mMapped {/notificaciones/revisar, POST} route[39m[38;5;3m +0ms[39m
[32m[Nest] 17356  - [39m30/04/2026, 2:37:09 [32m    LOG[39m [38;5;3m[RoutesResolver] [39m[32mAnaliticaController {/analitica}:[39m[38;5;3m +0ms[39m
[32m[Nest] 17356  - [39m30/04/2026, 2:37:09 [32m    LOG[39m [38;5;3m[RouterExplorer] [39m[32mMapped {/analitica/entrenar/:id_sucursal, GET} route[39m[38;5;3m +0ms[39m
[32m[Nest] 17356  - [39m30/04/2026, 2:37:09 [32m    LOG[39m [38;5;3m[RouterExplorer] [39m[32mMapped {/analitica/prediccion/:id_sucursal, GET} route[39m[38;5;3m +1ms[39m
[32m[Nest] 17356  - [39m30/04/2026, 2:37:09 [32m    LOG[39m [38;5;3m[NestApplication] [39m[32mNest application successfully started[39m[38;5;3m +63ms[39m
[2J[3J[H[[90m2:37:11[0m] File change detected. Starting incremental compilation...

[[90m2:37:11[0m] Found 0 errors. Watching for file changes.

[32m[Nest] 20676  - [39m30/04/2026, 2:37:13 [32m    LOG[39m [38;5;3m[NestFactory] [39m[32mStarting Nest application...[39m
[32m[Nest] 20676  - [39m30/04/2026, 2:37:13 [32m    LOG[39m [38;5;3m[InstanceLoader] [39m[32mPrismaModule dependencies initialized[39m[38;5;3m +34ms[39m
[32m[Nest] 20676  - [39m30/04/2026, 2:37:13 [32m    LOG[39m [38;5;3m[InstanceLoader] [39m[32mPassportModule dependencies initialized[39m[38;5;3m +0ms[39m
[32m[Nest] 20676  - [39m30/04/2026, 2:37:13 [32m    LOG[39m [38;5;3m[InstanceLoader] [39m[32mJwtModule dependencies initialized[39m[38;5;3m +4ms[39m
[32m[Nest] 20676  - [39m30/04/2026, 2:37:13 [32m    LOG[39m [38;5;3m[InstanceLoader] [39m[32mDiscoveryModule dependencies initialized[39m[38;5;3m +0ms[39m
[32m[Nest] 20676  - [39m30/04/2026, 2:37:13 [32m    LOG[39m [38;5;3m[InstanceLoader] [39m[32mAppModule dependencies initialized[39m[38;5;3m +2ms[39m
[32m[Nest] 20676  - [39m30/04/2026, 2:37:13 [32m    LOG[39m [38;5;3m[InstanceLoader] [39m[32mScheduleModule dependencies initialized[39m[38;5;3m +0ms[39m
[32m[Nest] 20676  - [39m30/04/2026, 2:37:13 [32m    LOG[39m [38;5;3m[InstanceLoader] [39m[32mAuthModule dependencies initialized[39m[38;5;3m +1ms[39m
[32m[Nest] 20676  - [39m30/04/2026, 2:37:13 [32m    LOG[39m [38;5;3m[InstanceLoader] [39m[32mUsuariosModule dependencies initialized[39m[38;5;3m +0ms[39m
[32m[Nest] 20676  - [39m30/04/2026, 2:37:13 [32m    LOG[39m [38;5;3m[InstanceLoader] [39m[32mProductosModule dependencies initialized[39m[38;5;3m +0ms[39m
[32m[Nest] 20676  - [39m30/04/2026, 2:37:13 [32m    LOG[39m [38;5;3m[InstanceLoader] [39m[32mKitsModule dependencies initialized[39m[38;5;3m +0ms[39m
[32m[Nest] 20676  - [39m30/04/2026, 2:37:13 [32m    LOG[39m [38;5;3m[InstanceLoader] [39m[32mLotesModule dependencies initialized[39m[38;5;3m +1ms[39m
[32m[Nest] 20676  - [39m30/04/2026, 2:37:13 [32m    LOG[39m [38;5;3m[InstanceLoader] [39m[32mMovimientosModule dependencies initialized[39m[38;5;3m +0ms[39m
[32m[Nest] 20676  - [39m30/04/2026, 2:37:13 [32m    LOG[39m [38;5;3m[InstanceLoader] [39m[32mTransferenciasModule dependencies initialized[39m[38;5;3m +0ms[39m
[32m[Nest] 20676  - [39m30/04/2026, 2:37:13 [32m    LOG[39m [38;5;3m[InstanceLoader] [39m[32mNotificacionesModule dependencies initialized[39m[38;5;3m +0ms[39m
[32m[Nest] 20676  - [39m30/04/2026, 2:37:13 [32m    LOG[39m [38;5;3m[InstanceLoader] [39m[32mAnaliticaModule dependencies initialized[39m[38;5;3m +0ms[39m
[32m[Nest] 20676  - [39m30/04/2026, 2:37:13 [32m    LOG[39m [38;5;3m[RoutesResolver] [39m[32mAppController {/}:[39m[38;5;3m +44ms[39m
[32m[Nest] 20676  - [39m30/04/2026, 2:37:13 [32m    LOG[39m [38;5;3m[RouterExplorer] [39m[32mMapped {/, GET} route[39m[38;5;3m +3ms[39m
[32m[Nest] 20676  - [39m30/04/2026, 2:37:13 [32m    LOG[39m [38;5;3m[RoutesResolver] [39m[32mAuthController {/auth}:[39m[38;5;3m +0ms[39m
[32m[Nest] 20676  - [39m30/04/2026, 2:37:13 [32m    LOG[39m [38;5;3m[RouterExplorer] [39m[32mMapped {/auth/login, POST} route[39m[38;5;3m +0ms[39m
[32m[Nest] 20676  - [39m30/04/2026, 2:37:13 [32m    LOG[39m [38;5;3m[RoutesResolver] [39m[32mUsuariosController {/usuarios}:[39m[38;5;3m +1ms[39m
[32m[Nest] 20676  - [39m30/04/2026, 2:37:13 [32m    LOG[39m [38;5;3m[RouterExplorer] [39m[32mMapped {/usuarios, POST} route[39m[38;5;3m +0ms[39m
[32m[Nest] 20676  - [39m30/04/2026, 2:37:13 [32m    LOG[39m [38;5;3m[RouterExplorer] [39m[32mMapped {/usuarios, GET} route[39m[38;5;3m +1ms[39m
[32m[Nest] 20676  - [39m30/04/2026, 2:37:13 [32m    LOG[39m [38;5;3m[RouterExplorer] [39m[32mMapped {/usuarios/:id, GET} route[39m[38;5;3m +0ms[39m
[32m[Nest] 20676  - [39m30/04/2026, 2:37:13 [32m    LOG[39m [38;5;3m[RoutesResolver] [39m[32mProductosController {/productos}:[39m[38;5;3m +0ms[39m
[32m[Nest] 20676  - [39m30/04/2026, 2:37:13 [32m    LOG[39m [38;5;3m[RouterExplorer] [39m[32mMapped {/productos/inventario, GET} route[39m[38;5;3m +4ms[39m
[32m[Nest] 20676  - [39m30/04/2026, 2:37:13 [32m    LOG[39m [38;5;3m[RouterExplorer] [39m[32mMapped {/productos, GET} route[39m[38;5;3m +0ms[39m
[32m[Nest] 20676  - [39m30/04/2026, 2:37:13 [32m    LOG[39m [38;5;3m[RouterExplorer] [39m[32mMapped {/productos/:id, GET} route[39m[38;5;3m +0ms[39m
[32m[Nest] 20676  - [39m30/04/2026, 2:37:13 [32m    LOG[39m [38;5;3m[RouterExplorer] [39m[32mMapped {/productos, POST} route[39m[38;5;3m +1ms[39m
[32m[Nest] 20676  - [39m30/04/2026, 2:37:13 [32m    LOG[39m [38;5;3m[RouterExplorer] [39m[32mMapped {/productos/:id, PATCH} route[39m[38;5;3m +0ms[39m
[32m[Nest] 20676  - [39m30/04/2026, 2:37:13 [32m    LOG[39m [38;5;3m[RouterExplorer] [39m[32mMapped {/productos/:id, DELETE} route[39m[38;5;3m +1ms[39m
[32m[Nest] 20676  - [39m30/04/2026, 2:37:13 [32m    LOG[39m [38;5;3m[RoutesResolver] [39m[32mKitsController {/kits}:[39m[38;5;3m +0ms[39m
[32m[Nest] 20676  - [39m30/04/2026, 2:37:13 [32m    LOG[39m [38;5;3m[RouterExplorer] [39m[32mMapped {/kits, GET} route[39m[38;5;3m +0ms[39m
[32m[Nest] 20676  - [39m30/04/2026, 2:37:13 [32m    LOG[39m [38;5;3m[RouterExplorer] [39m[32mMapped {/kits/:id, GET} route[39m[38;5;3m +0ms[39m
[32m[Nest] 20676  - [39m30/04/2026, 2:37:13 [32m    LOG[39m [38;5;3m[RouterExplorer] [39m[32mMapped {/kits, POST} route[39m[38;5;3m +1ms[39m
[32m[Nest] 20676  - [39m30/04/2026, 2:37:13 [32m    LOG[39m [38;5;3m[RouterExplorer] [39m[32mMapped {/kits/:id, DELETE} route[39m[38;5;3m +0ms[39m
[32m[Nest] 20676  - [39m30/04/2026, 2:37:13 [32m    LOG[39m [38;5;3m[RoutesResolver] [39m[32mLotesController {/lotes}:[39m[38;5;3m +0ms[39m
[32m[Nest] 20676  - [39m30/04/2026, 2:37:13 [32m    LOG[39m [38;5;3m[RouterExplorer] [39m[32mMapped {/lotes, POST} route[39m[38;5;3m +0ms[39m
[32m[Nest] 20676  - [39m30/04/2026, 2:37:13 [32m    LOG[39m [38;5;3m[RouterExplorer] [39m[32mMapped {/lotes/producto/:id_producto, GET} route[39m[38;5;3m +0ms[39m
[32m[Nest] 20676  - [39m30/04/2026, 2:37:13 [32m    LOG[39m [38;5;3m[RoutesResolver] [39m[32mMovimientosController {/movimientos}:[39m[38;5;3m +0ms[39m
[32m[Nest] 20676  - [39m30/04/2026, 2:37:13 [32m    LOG[39m [38;5;3m[RouterExplorer] [39m[32mMapped {/movimientos, GET} route[39m[38;5;3m +0ms[39m
[32m[Nest] 20676  - [39m30/04/2026, 2:37:13 [32m    LOG[39m [38;5;3m[RouterExplorer] [39m[32mMapped {/movimientos/despachar-kit, POST} route[39m[38;5;3m +1ms[39m
[32m[Nest] 20676  - [39m30/04/2026, 2:37:13 [32m    LOG[39m [38;5;3m[RoutesResolver] [39m[32mTransferenciasController {/transferencias}:[39m[38;5;3m +0ms[39m
[32m[Nest] 20676  - [39m30/04/2026, 2:37:13 [32m    LOG[39m [38;5;3m[RouterExplorer] [39m[32mMapped {/transferencias, GET} route[39m[38;5;3m +0ms[39m
[32m[Nest] 20676  - [39m30/04/2026, 2:37:13 [32m    LOG[39m [38;5;3m[RouterExplorer] [39m[32mMapped {/transferencias/:id, GET} route[39m[38;5;3m +0ms[39m
[32m[Nest] 20676  - [39m30/04/2026, 2:37:13 [32m    LOG[39m [38;5;3m[RouterExplorer] [39m[32mMapped {/transferencias/enviar, POST} route[39m[38;5;3m +0ms[39m
[32m[Nest] 20676  - [39m30/04/2026, 2:37:13 [32m    LOG[39m [38;5;3m[RouterExplorer] [39m[32mMapped {/transferencias/recibir, POST} route[39m[38;5;3m +0ms[39m
[32m[Nest] 20676  - [39m30/04/2026, 2:37:13 [32m    LOG[39m [38;5;3m[RoutesResolver] [39m[32mNotificacionesController {/notificaciones}:[39m[38;5;3m +0ms[39m
[32m[Nest] 20676  - [39m30/04/2026, 2:37:13 [32m    LOG[39m [38;5;3m[RouterExplorer] [39m[32mMapped {/notificaciones/revisar, POST} route[39m[38;5;3m +1ms[39m
[32m[Nest] 20676  - [39m30/04/2026, 2:37:13 [32m    LOG[39m [38;5;3m[RoutesResolver] [39m[32mAnaliticaController {/analitica}:[39m[38;5;3m +0ms[39m
[32m[Nest] 20676  - [39m30/04/2026, 2:37:13 [32m    LOG[39m [38;5;3m[RouterExplorer] [39m[32mMapped {/analitica/entrenar/:id_sucursal, GET} route[39m[38;5;3m +0ms[39m
[32m[Nest] 20676  - [39m30/04/2026, 2:37:13 [32m    LOG[39m [38;5;3m[RouterExplorer] [39m[32mMapped {/analitica/prediccion/:id_sucursal, GET} route[39m[38;5;3m +0ms[39m
[32m[Nest] 20676  - [39m30/04/2026, 2:37:13 [32m    LOG[39m [38;5;3m[NestApplication] [39m[32mNest application successfully started[39m[38;5;3m +63ms[39m
[31m[Nest] 20676  - [39m30/04/2026, 2:37:13 [31m  ERROR[39m [38;5;3m[NestApplication] [39m[31mError: listen EADDRINUSE: address already in use :::3000[39m[38;5;3m +2ms[39m
node:internal/errors:491
    ErrorCaptureStackTrace(err);
    ^

Error: listen EADDRINUSE: address already in use :::3000
    at __node_internal_captureLargerStackTrace (node:internal/errors:491:5)
    at __node_internal_uvExceptionWithHostPort (node:internal/errors:590:12)
    at Server.setupListenHandle [as _listen2] (node:net:1733:16)
    at listenInCluster (node:net:1781:12)
    at Server.listen (node:net:1869:7)
    at ExpressAdapter.listen (C:\Users\Crist\Desktop\ProyectoCedent\cendent-backend\node_modules\@nestjs\platform-express\adapters\express-adapter.js:115:32)
    at C:\Users\Crist\Desktop\ProyectoCedent\cendent-backend\node_modules\@nestjs\core\nest-application.js:188:30
    at new Promise (<anonymous>)
    at NestApplication.listen (C:\Users\Crist\Desktop\ProyectoCedent\cendent-backend\node_modules\@nestjs\core\nest-application.js:178:16)
    at bootstrap (C:\Users\Crist\Desktop\ProyectoCedent\cendent-backend\src\main.ts:27:3) {
  code: 'EADDRINUSE',
  errno: -4091,
  syscall: 'listen',
  address: '::',
  port: 3000
}

Node.js v18.13.0
[2J[3J[H[[90m2:37:21[0m] File change detected. Starting incremental compilation...

[[90m2:37:21[0m] Found 0 errors. Watching for file changes.

[32m[Nest] 35824  - [39m30/04/2026, 2:37:23 [32m    LOG[39m [38;5;3m[NestFactory] [39m[32mStarting Nest application...[39m
[32m[Nest] 35824  - [39m30/04/2026, 2:37:23 [32m    LOG[39m [38;5;3m[InstanceLoader] [39m[32mPrismaModule dependencies initialized[39m[38;5;3m +35ms[39m
[32m[Nest] 35824  - [39m30/04/2026, 2:37:23 [32m    LOG[39m [38;5;3m[InstanceLoader] [39m[32mPassportModule dependencies initialized[39m[38;5;3m +0ms[39m
[32m[Nest] 35824  - [39m30/04/2026, 2:37:23 [32m    LOG[39m [38;5;3m[InstanceLoader] [39m[32mJwtModule dependencies initialized[39m[38;5;3m +3ms[39m
[32m[Nest] 35824  - [39m30/04/2026, 2:37:23 [32m    LOG[39m [38;5;3m[InstanceLoader] [39m[32mDiscoveryModule dependencies initialized[39m[38;5;3m +0ms[39m
[32m[Nest] 35824  - [39m30/04/2026, 2:37:23 [32m    LOG[39m [38;5;3m[InstanceLoader] [39m[32mAppModule dependencies initialized[39m[38;5;3m +2ms[39m
[32m[Nest] 35824  - [39m30/04/2026, 2:37:23 [32m    LOG[39m [38;5;3m[InstanceLoader] [39m[32mScheduleModule dependencies initialized[39m[38;5;3m +1ms[39m
[32m[Nest] 35824  - [39m30/04/2026, 2:37:23 [32m    LOG[39m [38;5;3m[InstanceLoader] [39m[32mAuthModule dependencies initialized[39m[38;5;3m +1ms[39m
[32m[Nest] 35824  - [39m30/04/2026, 2:37:23 [32m    LOG[39m [38;5;3m[InstanceLoader] [39m[32mUsuariosModule dependencies initialized[39m[38;5;3m +0ms[39m
[32m[Nest] 35824  - [39m30/04/2026, 2:37:23 [32m    LOG[39m [38;5;3m[InstanceLoader] [39m[32mProductosModule dependencies initialized[39m[38;5;3m +0ms[39m
[32m[Nest] 35824  - [39m30/04/2026, 2:37:23 [32m    LOG[39m [38;5;3m[InstanceLoader] [39m[32mKitsModule dependencies initialized[39m[38;5;3m +0ms[39m
[32m[Nest] 35824  - [39m30/04/2026, 2:37:23 [32m    LOG[39m [38;5;3m[InstanceLoader] [39m[32mLotesModule dependencies initialized[39m[38;5;3m +0ms[39m
[32m[Nest] 35824  - [39m30/04/2026, 2:37:23 [32m    LOG[39m [38;5;3m[InstanceLoader] [39m[32mMovimientosModule dependencies initialized[39m[38;5;3m +0ms[39m
[32m[Nest] 35824  - [39m30/04/2026, 2:37:23 [32m    LOG[39m [38;5;3m[InstanceLoader] [39m[32mTransferenciasModule dependencies initialized[39m[38;5;3m +1ms[39m
[32m[Nest] 35824  - [39m30/04/2026, 2:37:23 [32m    LOG[39m [38;5;3m[InstanceLoader] [39m[32mNotificacionesModule dependencies initialized[39m[38;5;3m +0ms[39m
[32m[Nest] 35824  - [39m30/04/2026, 2:37:23 [32m    LOG[39m [38;5;3m[InstanceLoader] [39m[32mAnaliticaModule dependencies initialized[39m[38;5;3m +0ms[39m
[32m[Nest] 35824  - [39m30/04/2026, 2:37:23 [32m    LOG[39m [38;5;3m[RoutesResolver] [39m[32mAppController {/}:[39m[38;5;3m +48ms[39m
[32m[Nest] 35824  - [39m30/04/2026, 2:37:23 [32m    LOG[39m [38;5;3m[RouterExplorer] [39m[32mMapped {/, GET} route[39m[38;5;3m +2ms[39m
[32m[Nest] 35824  - [39m30/04/2026, 2:37:23 [32m    LOG[39m [38;5;3m[RoutesResolver] [39m[32mAuthController {/auth}:[39m[38;5;3m +0ms[39m
[32m[Nest] 35824  - [39m30/04/2026, 2:37:23 [32m    LOG[39m [38;5;3m[RouterExplorer] [39m[32mMapped {/auth/login, POST} route[39m[38;5;3m +1ms[39m
[32m[Nest] 35824  - [39m30/04/2026, 2:37:23 [32m    LOG[39m [38;5;3m[RoutesResolver] [39m[32mUsuariosController {/usuarios}:[39m[38;5;3m +0ms[39m
[32m[Nest] 35824  - [39m30/04/2026, 2:37:23 [32m    LOG[39m [38;5;3m[RouterExplorer] [39m[32mMapped {/usuarios, POST} route[39m[38;5;3m +0ms[39m
[32m[Nest] 35824  - [39m30/04/2026, 2:37:23 [32m    LOG[39m [38;5;3m[RouterExplorer] [39m[32mMapped {/usuarios, GET} route[39m[38;5;3m +1ms[39m
[32m[Nest] 35824  - [39m30/04/2026, 2:37:23 [32m    LOG[39m [38;5;3m[RouterExplorer] [39m[32mMapped {/usuarios/:id, GET} route[39m[38;5;3m +0ms[39m
[32m[Nest] 35824  - [39m30/04/2026, 2:37:23 [32m    LOG[39m [38;5;3m[RoutesResolver] [39m[32mProductosController {/productos}:[39m[38;5;3m +0ms[39m
[32m[Nest] 35824  - [39m30/04/2026, 2:37:23 [32m    LOG[39m [38;5;3m[RouterExplorer] [39m[32mMapped {/productos/inventario, GET} route[39m[38;5;3m +1ms[39m
[32m[Nest] 35824  - [39m30/04/2026, 2:37:23 [32m    LOG[39m [38;5;3m[RouterExplorer] [39m[32mMapped {/productos, GET} route[39m[38;5;3m +0ms[39m
[32m[Nest] 35824  - [39m30/04/2026, 2:37:23 [32m    LOG[39m [38;5;3m[RouterExplorer] [39m[32mMapped {/productos/:id, GET} route[39m[38;5;3m +0ms[39m
[32m[Nest] 35824  - [39m30/04/2026, 2:37:23 [32m    LOG[39m [38;5;3m[RouterExplorer] [39m[32mMapped {/productos, POST} route[39m[38;5;3m +1ms[39m
[32m[Nest] 35824  - [39m30/04/2026, 2:37:23 [32m    LOG[39m [38;5;3m[RouterExplorer] [39m[32mMapped {/productos/:id, PATCH} route[39m[38;5;3m +0ms[39m
[32m[Nest] 35824  - [39m30/04/2026, 2:37:23 [32m    LOG[39m [38;5;3m[RouterExplorer] [39m[32mMapped {/productos/:id, DELETE} route[39m[38;5;3m +1ms[39m
[32m[Nest] 35824  - [39m30/04/2026, 2:37:23 [32m    LOG[39m [38;5;3m[RoutesResolver] [39m[32mKitsController {/kits}:[39m[38;5;3m +0ms[39m
[32m[Nest] 35824  - [39m30/04/2026, 2:37:23 [32m    LOG[39m [38;5;3m[RouterExplorer] [39m[32mMapped {/kits, GET} route[39m[38;5;3m +0ms[39m
[32m[Nest] 35824  - [39m30/04/2026, 2:37:23 [32m    LOG[39m [38;5;3m[RouterExplorer] [39m[32mMapped {/kits/:id, GET} route[39m[38;5;3m +0ms[39m
[32m[Nest] 35824  - [39m30/04/2026, 2:37:23 [32m    LOG[39m [38;5;3m[RouterExplorer] [39m[32mMapped {/kits, POST} route[39m[38;5;3m +1ms[39m
[32m[Nest] 35824  - [39m30/04/2026, 2:37:23 [32m    LOG[39m [38;5;3m[RouterExplorer] [39m[32mMapped {/kits/:id, DELETE} route[39m[38;5;3m +0ms[39m
[32m[Nest] 35824  - [39m30/04/2026, 2:37:23 [32m    LOG[39m [38;5;3m[RoutesResolver] [39m[32mLotesController {/lotes}:[39m[38;5;3m +0ms[39m
[32m[Nest] 35824  - [39m30/04/2026, 2:37:23 [32m    LOG[39m [38;5;3m[RouterExplorer] [39m[32mMapped {/lotes, POST} route[39m[38;5;3m +0ms[39m
[32m[Nest] 35824  - [39m30/04/2026, 2:37:23 [32m    LOG[39m [38;5;3m[RouterExplorer] [39m[32mMapped {/lotes/producto/:id_producto, GET} route[39m[38;5;3m +1ms[39m
[32m[Nest] 35824  - [39m30/04/2026, 2:37:23 [32m    LOG[39m [38;5;3m[RoutesResolver] [39m[32mMovimientosController {/movimientos}:[39m[38;5;3m +0ms[39m
[32m[Nest] 35824  - [39m30/04/2026, 2:37:23 [32m    LOG[39m [38;5;3m[RouterExplorer] [39m[32mMapped {/movimientos, GET} route[39m[38;5;3m +0ms[39m
[32m[Nest] 35824  - [39m30/04/2026, 2:37:23 [32m    LOG[39m [38;5;3m[RouterExplorer] [39m[32mMapped {/movimientos/despachar-kit, POST} route[39m[38;5;3m +0ms[39m
[32m[Nest] 35824  - [39m30/04/2026, 2:37:23 [32m    LOG[39m [38;5;3m[RoutesResolver] [39m[32mTransferenciasController {/transferencias}:[39m[38;5;3m +0ms[39m
[32m[Nest] 35824  - [39m30/04/2026, 2:37:23 [32m    LOG[39m [38;5;3m[RouterExplorer] [39m[32mMapped {/transferencias, GET} route[39m[38;5;3m +0ms[39m
[32m[Nest] 35824  - [39m30/04/2026, 2:37:23 [32m    LOG[39m [38;5;3m[RouterExplorer] [39m[32mMapped {/transferencias/:id, GET} route[39m[38;5;3m +1ms[39m
[32m[Nest] 35824  - [39m30/04/2026, 2:37:23 [32m    LOG[39m [38;5;3m[RouterExplorer] [39m[32mMapped {/transferencias/enviar, POST} route[39m[38;5;3m +0ms[39m
[32m[Nest] 35824  - [39m30/04/2026, 2:37:23 [32m    LOG[39m [38;5;3m[RouterExplorer] [39m[32mMapped {/transferencias/recibir, POST} route[39m[38;5;3m +0ms[39m
[32m[Nest] 35824  - [39m30/04/2026, 2:37:23 [32m    LOG[39m [38;5;3m[RoutesResolver] [39m[32mNotificacionesController {/notificaciones}:[39m[38;5;3m +0ms[39m
[32m[Nest] 35824  - [39m30/04/2026, 2:37:23 [32m    LOG[39m [38;5;3m[RouterExplorer] [39m[32mMapped {/notificaciones/revisar, POST} route[39m[38;5;3m +0ms[39m
[32m[Nest] 35824  - [39m30/04/2026, 2:37:23 [32m    LOG[39m [38;5;3m[RoutesResolver] [39m[32mAnaliticaController {/analitica}:[39m[38;5;3m +0ms[39m
[32m[Nest] 35824  - [39m30/04/2026, 2:37:23 [32m    LOG[39m [38;5;3m[RouterExplorer] [39m[32mMapped {/analitica/entrenar/:id_sucursal, GET} route[39m[38;5;3m +1ms[39m
[32m[Nest] 35824  - [39m30/04/2026, 2:37:23 [32m    LOG[39m [38;5;3m[RouterExplorer] [39m[32mMapped {/analitica/prediccion/:id_sucursal, GET} route[39m[38;5;3m +0ms[39m
[32m[Nest] 35824  - [39m30/04/2026, 2:37:23 [32m    LOG[39m [38;5;3m[NestApplication] [39m[32mNest application successfully started[39m[38;5;3m +59ms[39m
[31m[Nest] 35824  - [39m30/04/2026, 2:37:23 [31m  ERROR[39m [38;5;3m[NestApplication] [39m[31mError: listen EADDRINUSE: address already in use :::3000[39m[38;5;3m +2ms[39m
node:internal/errors:491
    ErrorCaptureStackTrace(err);
    ^

Error: listen EADDRINUSE: address already in use :::3000
    at __node_internal_captureLargerStackTrace (node:internal/errors:491:5)
    at __node_internal_uvExceptionWithHostPort (node:internal/errors:590:12)
    at Server.setupListenHandle [as _listen2] (node:net:1733:16)
    at listenInCluster (node:net:1781:12)
    at Server.listen (node:net:1869:7)
    at ExpressAdapter.listen (C:\Users\Crist\Desktop\ProyectoCedent\cendent-backend\node_modules\@nestjs\platform-express\adapters\express-adapter.js:115:32)
    at C:\Users\Crist\Desktop\ProyectoCedent\cendent-backend\node_modules\@nestjs\core\nest-application.js:188:30
    at new Promise (<anonymous>)
    at NestApplication.listen (C:\Users\Crist\Desktop\ProyectoCedent\cendent-backend\node_modules\@nestjs\core\nest-application.js:178:16)
    at bootstrap (C:\Users\Crist\Desktop\ProyectoCedent\cendent-backend\src\main.ts:27:3) {
  code: 'EADDRINUSE',
  errno: -4091,
  syscall: 'listen',
  address: '::',
  port: 3000
}

Node.js v18.13.0
[2J[3J[H[[90m2:37:27[0m] File change detected. Starting incremental compilation...

[[90m2:37:27[0m] Found 0 errors. Watching for file changes.

[32m[Nest] 20200  - [39m30/04/2026, 2:37:29 [32m    LOG[39m [38;5;3m[NestFactory] [39m[32mStarting Nest application...[39m
[32m[Nest] 20200  - [39m30/04/2026, 2:37:29 [32m    LOG[39m [38;5;3m[InstanceLoader] [39m[32mPrismaModule dependencies initialized[39m[38;5;3m +28ms[39m
[32m[Nest] 20200  - [39m30/04/2026, 2:37:29 [32m    LOG[39m [38;5;3m[InstanceLoader] [39m[32mPassportModule dependencies initialized[39m[38;5;3m +1ms[39m
[32m[Nest] 20200  - [39m30/04/2026, 2:37:29 [32m    LOG[39m [38;5;3m[InstanceLoader] [39m[32mJwtModule dependencies initialized[39m[38;5;3m +3ms[39m
[32m[Nest] 20200  - [39m30/04/2026, 2:37:29 [32m    LOG[39m [38;5;3m[InstanceLoader] [39m[32mDiscoveryModule dependencies initialized[39m[38;5;3m +0ms[39m
[32m[Nest] 20200  - [39m30/04/2026, 2:37:29 [32m    LOG[39m [38;5;3m[InstanceLoader] [39m[32mAppModule dependencies initialized[39m[38;5;3m +2ms[39m
[32m[Nest] 20200  - [39m30/04/2026, 2:37:29 [32m    LOG[39m [38;5;3m[InstanceLoader] [39m[32mScheduleModule dependencies initialized[39m[38;5;3m +1ms[39m
[32m[Nest] 20200  - [39m30/04/2026, 2:37:29 [32m    LOG[39m [38;5;3m[InstanceLoader] [39m[32mAuthModule dependencies initialized[39m[38;5;3m +1ms[39m
[32m[Nest] 20200  - [39m30/04/2026, 2:37:29 [32m    LOG[39m [38;5;3m[InstanceLoader] [39m[32mUsuariosModule dependencies initialized[39m[38;5;3m +1ms[39m
[32m[Nest] 20200  - [39m30/04/2026, 2:37:29 [32m    LOG[39m [38;5;3m[InstanceLoader] [39m[32mProductosModule dependencies initialized[39m[38;5;3m +0ms[39m
[32m[Nest] 20200  - [39m30/04/2026, 2:37:29 [32m    LOG[39m [38;5;3m[InstanceLoader] [39m[32mKitsModule dependencies initialized[39m[38;5;3m +0ms[39m
[32m[Nest] 20200  - [39m30/04/2026, 2:37:29 [32m    LOG[39m [38;5;3m[InstanceLoader] [39m[32mLotesModule dependencies initialized[39m[38;5;3m +0ms[39m
[32m[Nest] 20200  - [39m30/04/2026, 2:37:29 [32m    LOG[39m [38;5;3m[InstanceLoader] [39m[32mMovimientosModule dependencies initialized[39m[38;5;3m +0ms[39m
[32m[Nest] 20200  - [39m30/04/2026, 2:37:29 [32m    LOG[39m [38;5;3m[InstanceLoader] [39m[32mTransferenciasModule dependencies initialized[39m[38;5;3m +0ms[39m
[32m[Nest] 20200  - [39m30/04/2026, 2:37:29 [32m    LOG[39m [38;5;3m[InstanceLoader] [39m[32mNotificacionesModule dependencies initialized[39m[38;5;3m +0ms[39m
[32m[Nest] 20200  - [39m30/04/2026, 2:37:29 [32m    LOG[39m [38;5;3m[InstanceLoader] [39m[32mAnaliticaModule dependencies initialized[39m[38;5;3m +0ms[39m
[32m[Nest] 20200  - [39m30/04/2026, 2:37:29 [32m    LOG[39m [38;5;3m[RoutesResolver] [39m[32mAppController {/}:[39m[38;5;3m +42ms[39m
[32m[Nest] 20200  - [39m30/04/2026, 2:37:29 [32m    LOG[39m [38;5;3m[RouterExplorer] [39m[32mMapped {/, GET} route[39m[38;5;3m +2ms[39m
[32m[Nest] 20200  - [39m30/04/2026, 2:37:29 [32m    LOG[39m [38;5;3m[RoutesResolver] [39m[32mAuthController {/auth}:[39m[38;5;3m +0ms[39m
[32m[Nest] 20200  - [39m30/04/2026, 2:37:29 [32m    LOG[39m [38;5;3m[RouterExplorer] [39m[32mMapped {/auth/login, POST} route[39m[38;5;3m +1ms[39m
[32m[Nest] 20200  - [39m30/04/2026, 2:37:29 [32m    LOG[39m [38;5;3m[RoutesResolver] [39m[32mUsuariosController {/usuarios}:[39m[38;5;3m +0ms[39m
[32m[Nest] 20200  - [39m30/04/2026, 2:37:29 [32m    LOG[39m [38;5;3m[RouterExplorer] [39m[32mMapped {/usuarios, POST} route[39m[38;5;3m +0ms[39m
[32m[Nest] 20200  - [39m30/04/2026, 2:37:29 [32m    LOG[39m [38;5;3m[RouterExplorer] [39m[32mMapped {/usuarios, GET} route[39m[38;5;3m +1ms[39m
[32m[Nest] 20200  - [39m30/04/2026, 2:37:29 [32m    LOG[39m [38;5;3m[RouterExplorer] [39m[32mMapped {/usuarios/:id, GET} route[39m[38;5;3m +0ms[39m
[32m[Nest] 20200  - [39m30/04/2026, 2:37:29 [32m    LOG[39m [38;5;3m[RoutesResolver] [39m[32mProductosController {/productos}:[39m[38;5;3m +1ms[39m
[32m[Nest] 20200  - [39m30/04/2026, 2:37:29 [32m    LOG[39m [38;5;3m[RouterExplorer] [39m[32mMapped {/productos/inventario, GET} route[39m[38;5;3m +0ms[39m
[32m[Nest] 20200  - [39m30/04/2026, 2:37:29 [32m    LOG[39m [38;5;3m[RouterExplorer] [39m[32mMapped {/productos, GET} route[39m[38;5;3m +0ms[39m
[32m[Nest] 20200  - [39m30/04/2026, 2:37:29 [32m    LOG[39m [38;5;3m[RouterExplorer] [39m[32mMapped {/productos/:id, GET} route[39m[38;5;3m +0ms[39m
[32m[Nest] 20200  - [39m30/04/2026, 2:37:29 [32m    LOG[39m [38;5;3m[RouterExplorer] [39m[32mMapped {/productos, POST} route[39m[38;5;3m +1ms[39m
[32m[Nest] 20200  - [39m30/04/2026, 2:37:29 [32m    LOG[39m [38;5;3m[RouterExplorer] [39m[32mMapped {/productos/:id, PATCH} route[39m[38;5;3m +0ms[39m
[32m[Nest] 20200  - [39m30/04/2026, 2:37:29 [32m    LOG[39m [38;5;3m[RouterExplorer] [39m[32mMapped {/productos/:id, DELETE} route[39m[38;5;3m +1ms[39m
[32m[Nest] 20200  - [39m30/04/2026, 2:37:29 [32m    LOG[39m [38;5;3m[RoutesResolver] [39m[32mKitsController {/kits}:[39m[38;5;3m +0ms[39m
[32m[Nest] 20200  - [39m30/04/2026, 2:37:29 [32m    LOG[39m [38;5;3m[RouterExplorer] [39m[32mMapped {/kits, GET} route[39m[38;5;3m +0ms[39m
[32m[Nest] 20200  - [39m30/04/2026, 2:37:29 [32m    LOG[39m [38;5;3m[RouterExplorer] [39m[32mMapped {/kits/:id, GET} route[39m[38;5;3m +0ms[39m
[32m[Nest] 20200  - [39m30/04/2026, 2:37:29 [32m    LOG[39m [38;5;3m[RouterExplorer] [39m[32mMapped {/kits, POST} route[39m[38;5;3m +1ms[39m
[32m[Nest] 20200  - [39m30/04/2026, 2:37:29 [32m    LOG[39m [38;5;3m[RouterExplorer] [39m[32mMapped {/kits/:id, DELETE} route[39m[38;5;3m +0ms[39m
[32m[Nest] 20200  - [39m30/04/2026, 2:37:29 [32m    LOG[39m [38;5;3m[RoutesResolver] [39m[32mLotesController {/lotes}:[39m[38;5;3m +0ms[39m
[32m[Nest] 20200  - [39m30/04/2026, 2:37:29 [32m    LOG[39m [38;5;3m[RouterExplorer] [39m[32mMapped {/lotes, POST} route[39m[38;5;3m +0ms[39m
[32m[Nest] 20200  - [39m30/04/2026, 2:37:29 [32m    LOG[39m [38;5;3m[RouterExplorer] [39m[32mMapped {/lotes/producto/:id_producto, GET} route[39m[38;5;3m +0ms[39m
[32m[Nest] 20200  - [39m30/04/2026, 2:37:29 [32m    LOG[39m [38;5;3m[RoutesResolver] [39m[32mMovimientosController {/movimientos}:[39m[38;5;3m +1ms[39m
[32m[Nest] 20200  - [39m30/04/2026, 2:37:29 [32m    LOG[39m [38;5;3m[RouterExplorer] [39m[32mMapped {/movimientos, GET} route[39m[38;5;3m +0ms[39m
[32m[Nest] 20200  - [39m30/04/2026, 2:37:29 [32m    LOG[39m [38;5;3m[RouterExplorer] [39m[32mMapped {/movimientos/despachar-kit, POST} route[39m[38;5;3m +0ms[39m
[32m[Nest] 20200  - [39m30/04/2026, 2:37:29 [32m    LOG[39m [38;5;3m[RoutesResolver] [39m[32mTransferenciasController {/transferencias}:[39m[38;5;3m +0ms[39m
[32m[Nest] 20200  - [39m30/04/2026, 2:37:29 [32m    LOG[39m [38;5;3m[RouterExplorer] [39m[32mMapped {/transferencias, GET} route[39m[38;5;3m +0ms[39m
[32m[Nest] 20200  - [39m30/04/2026, 2:37:29 [32m    LOG[39m [38;5;3m[RouterExplorer] [39m[32mMapped {/transferencias/:id, GET} route[39m[38;5;3m +1ms[39m
[32m[Nest] 20200  - [39m30/04/2026, 2:37:29 [32m    LOG[39m [38;5;3m[RouterExplorer] [39m[32mMapped {/transferencias/enviar, POST} route[39m[38;5;3m +0ms[39m
[32m[Nest] 20200  - [39m30/04/2026, 2:37:29 [32m    LOG[39m [38;5;3m[RouterExplorer] [39m[32mMapped {/transferencias/recibir, POST} route[39m[38;5;3m +0ms[39m
[32m[Nest] 20200  - [39m30/04/2026, 2:37:29 [32m    LOG[39m [38;5;3m[RoutesResolver] [39m[32mNotificacionesController {/notificaciones}:[39m[38;5;3m +0ms[39m
[32m[Nest] 20200  - [39m30/04/2026, 2:37:29 [32m    LOG[39m [38;5;3m[RouterExplorer] [39m[32mMapped {/notificaciones/revisar, POST} route[39m[38;5;3m +0ms[39m
[32m[Nest] 20200  - [39m30/04/2026, 2:37:29 [32m    LOG[39m [38;5;3m[RoutesResolver] [39m[32mAnaliticaController {/analitica}:[39m[38;5;3m +0ms[39m
[32m[Nest] 20200  - [39m30/04/2026, 2:37:29 [32m    LOG[39m [38;5;3m[RouterExplorer] [39m[32mMapped {/analitica/entrenar/:id_sucursal, GET} route[39m[38;5;3m +1ms[39m
[32m[Nest] 20200  - [39m30/04/2026, 2:37:29 [32m    LOG[39m [38;5;3m[RouterExplorer] [39m[32mMapped {/analitica/prediccion/:id_sucursal, GET} route[39m[38;5;3m +0ms[39m
[32m[Nest] 20200  - [39m30/04/2026, 2:37:29 [32m    LOG[39m [38;5;3m[NestApplication] [39m[32mNest application successfully started[39m[38;5;3m +67ms[39m
[2J[3J[H[[90m2:37:33[0m] File change detected. Starting incremental compilation...

[[90m2:37:33[0m] Found 0 errors. Watching for file changes.

[32m[Nest] 14872  - [39m30/04/2026, 2:37:35 [32m    LOG[39m [38;5;3m[NestFactory] [39m[32mStarting Nest application...[39m
[32m[Nest] 14872  - [39m30/04/2026, 2:37:35 [32m    LOG[39m [38;5;3m[InstanceLoader] [39m[32mPrismaModule dependencies initialized[39m[38;5;3m +31ms[39m
[32m[Nest] 14872  - [39m30/04/2026, 2:37:35 [32m    LOG[39m [38;5;3m[InstanceLoader] [39m[32mPassportModule dependencies initialized[39m[38;5;3m +1ms[39m
[32m[Nest] 14872  - [39m30/04/2026, 2:37:35 [32m    LOG[39m [38;5;3m[InstanceLoader] [39m[32mJwtModule dependencies initialized[39m[38;5;3m +3ms[39m
[32m[Nest] 14872  - [39m30/04/2026, 2:37:35 [32m    LOG[39m [38;5;3m[InstanceLoader] [39m[32mDiscoveryModule dependencies initialized[39m[38;5;3m +0ms[39m
[32m[Nest] 14872  - [39m30/04/2026, 2:37:35 [32m    LOG[39m [38;5;3m[InstanceLoader] [39m[32mAppModule dependencies initialized[39m[38;5;3m +2ms[39m
[32m[Nest] 14872  - [39m30/04/2026, 2:37:35 [32m    LOG[39m [38;5;3m[InstanceLoader] [39m[32mScheduleModule dependencies initialized[39m[38;5;3m +0ms[39m
[32m[Nest] 14872  - [39m30/04/2026, 2:37:35 [32m    LOG[39m [38;5;3m[InstanceLoader] [39m[32mAuthModule dependencies initialized[39m[38;5;3m +1ms[39m
[32m[Nest] 14872  - [39m30/04/2026, 2:37:35 [32m    LOG[39m [38;5;3m[InstanceLoader] [39m[32mUsuariosModule dependencies initialized[39m[38;5;3m +0ms[39m
[32m[Nest] 14872  - [39m30/04/2026, 2:37:35 [32m    LOG[39m [38;5;3m[InstanceLoader] [39m[32mProductosModule dependencies initialized[39m[38;5;3m +0ms[39m
[32m[Nest] 14872  - [39m30/04/2026, 2:37:35 [32m    LOG[39m [38;5;3m[InstanceLoader] [39m[32mKitsModule dependencies initialized[39m[38;5;3m +0ms[39m
[32m[Nest] 14872  - [39m30/04/2026, 2:37:35 [32m    LOG[39m [38;5;3m[InstanceLoader] [39m[32mLotesModule dependencies initialized[39m[38;5;3m +0ms[39m
[32m[Nest] 14872  - [39m30/04/2026, 2:37:35 [32m    LOG[39m [38;5;3m[InstanceLoader] [39m[32mMovimientosModule dependencies initialized[39m[38;5;3m +0ms[39m
[32m[Nest] 14872  - [39m30/04/2026, 2:37:35 [32m    LOG[39m [38;5;3m[InstanceLoader] [39m[32mTransferenciasModule dependencies initialized[39m[38;5;3m +0ms[39m
[32m[Nest] 14872  - [39m30/04/2026, 2:37:35 [32m    LOG[39m [38;5;3m[InstanceLoader] [39m[32mNotificacionesModule dependencies initialized[39m[38;5;3m +0ms[39m
[32m[Nest] 14872  - [39m30/04/2026, 2:37:35 [32m    LOG[39m [38;5;3m[InstanceLoader] [39m[32mAnaliticaModule dependencies initialized[39m[38;5;3m +0ms[39m
[32m[Nest] 14872  - [39m30/04/2026, 2:37:35 [32m    LOG[39m [38;5;3m[RoutesResolver] [39m[32mAppController {/}:[39m[38;5;3m +41ms[39m
[32m[Nest] 14872  - [39m30/04/2026, 2:37:35 [32m    LOG[39m [38;5;3m[RouterExplorer] [39m[32mMapped {/, GET} route[39m[38;5;3m +4ms[39m
[32m[Nest] 14872  - [39m30/04/2026, 2:37:35 [32m    LOG[39m [38;5;3m[RoutesResolver] [39m[32mAuthController {/auth}:[39m[38;5;3m +0ms[39m
[32m[Nest] 14872  - [39m30/04/2026, 2:37:35 [32m    LOG[39m [38;5;3m[RouterExplorer] [39m[32mMapped {/auth/login, POST} route[39m[38;5;3m +3ms[39m
[32m[Nest] 14872  - [39m30/04/2026, 2:37:35 [32m    LOG[39m [38;5;3m[RoutesResolver] [39m[32mUsuariosController {/usuarios}:[39m[38;5;3m +0ms[39m
[32m[Nest] 14872  - [39m30/04/2026, 2:37:35 [32m    LOG[39m [38;5;3m[RouterExplorer] [39m[32mMapped {/usuarios, POST} route[39m[38;5;3m +0ms[39m
[32m[Nest] 14872  - [39m30/04/2026, 2:37:35 [32m    LOG[39m [38;5;3m[RouterExplorer] [39m[32mMapped {/usuarios, GET} route[39m[38;5;3m +1ms[39m
[32m[Nest] 14872  - [39m30/04/2026, 2:37:35 [32m    LOG[39m [38;5;3m[RouterExplorer] [39m[32mMapped {/usuarios/:id, GET} route[39m[38;5;3m +0ms[39m
[32m[Nest] 14872  - [39m30/04/2026, 2:37:35 [32m    LOG[39m [38;5;3m[RoutesResolver] [39m[32mProductosController {/productos}:[39m[38;5;3m +0ms[39m
[32m[Nest] 14872  - [39m30/04/2026, 2:37:35 [32m    LOG[39m [38;5;3m[RouterExplorer] [39m[32mMapped {/productos/inventario, GET} route[39m[38;5;3m +1ms[39m
[32m[Nest] 14872  - [39m30/04/2026, 2:37:35 [32m    LOG[39m [38;5;3m[RouterExplorer] [39m[32mMapped {/productos, GET} route[39m[38;5;3m +0ms[39m
[32m[Nest] 14872  - [39m30/04/2026, 2:37:35 [32m    LOG[39m [38;5;3m[RouterExplorer] [39m[32mMapped {/productos/:id, GET} route[39m[38;5;3m +0ms[39m
[32m[Nest] 14872  - [39m30/04/2026, 2:37:35 [32m    LOG[39m [38;5;3m[RouterExplorer] [39m[32mMapped {/productos, POST} route[39m[38;5;3m +1ms[39m
[32m[Nest] 14872  - [39m30/04/2026, 2:37:35 [32m    LOG[39m [38;5;3m[RouterExplorer] [39m[32mMapped {/productos/:id, PATCH} route[39m[38;5;3m +0ms[39m
[32m[Nest] 14872  - [39m30/04/2026, 2:37:35 [32m    LOG[39m [38;5;3m[RouterExplorer] [39m[32mMapped {/productos/:id, DELETE} route[39m[38;5;3m +1ms[39m
[32m[Nest] 14872  - [39m30/04/2026, 2:37:35 [32m    LOG[39m [38;5;3m[RoutesResolver] [39m[32mKitsController {/kits}:[39m[38;5;3m +0ms[39m
[32m[Nest] 14872  - [39m30/04/2026, 2:37:35 [32m    LOG[39m [38;5;3m[RouterExplorer] [39m[32mMapped {/kits, GET} route[39m[38;5;3m +0ms[39m
[32m[Nest] 14872  - [39m30/04/2026, 2:37:35 [32m    LOG[39m [38;5;3m[RouterExplorer] [39m[32mMapped {/kits/:id, GET} route[39m[38;5;3m +0ms[39m
[32m[Nest] 14872  - [39m30/04/2026, 2:37:35 [32m    LOG[39m [38;5;3m[RouterExplorer] [39m[32mMapped {/kits, POST} route[39m[38;5;3m +0ms[39m
[32m[Nest] 14872  - [39m30/04/2026, 2:37:35 [32m    LOG[39m [38;5;3m[RouterExplorer] [39m[32mMapped {/kits/:id, DELETE} route[39m[38;5;3m +1ms[39m
[32m[Nest] 14872  - [39m30/04/2026, 2:37:35 [32m    LOG[39m [38;5;3m[RoutesResolver] [39m[32mLotesController {/lotes}:[39m[38;5;3m +0ms[39m
[32m[Nest] 14872  - [39m30/04/2026, 2:37:35 [32m    LOG[39m [38;5;3m[RouterExplorer] [39m[32mMapped {/lotes, POST} route[39m[38;5;3m +0ms[39m
[32m[Nest] 14872  - [39m30/04/2026, 2:37:35 [32m    LOG[39m [38;5;3m[RouterExplorer] [39m[32mMapped {/lotes/producto/:id_producto, GET} route[39m[38;5;3m +0ms[39m
[32m[Nest] 14872  - [39m30/04/2026, 2:37:35 [32m    LOG[39m [38;5;3m[RoutesResolver] [39m[32mMovimientosController {/movimientos}:[39m[38;5;3m +0ms[39m
[32m[Nest] 14872  - [39m30/04/2026, 2:37:35 [32m    LOG[39m [38;5;3m[RouterExplorer] [39m[32mMapped {/movimientos, GET} route[39m[38;5;3m +0ms[39m
[32m[Nest] 14872  - [39m30/04/2026, 2:37:35 [32m    LOG[39m [38;5;3m[RouterExplorer] [39m[32mMapped {/movimientos/despachar-kit, POST} route[39m[38;5;3m +0ms[39m
[32m[Nest] 14872  - [39m30/04/2026, 2:37:35 [32m    LOG[39m [38;5;3m[RoutesResolver] [39m[32mTransferenciasController {/transferencias}:[39m[38;5;3m +1ms[39m
[32m[Nest] 14872  - [39m30/04/2026, 2:37:35 [32m    LOG[39m [38;5;3m[RouterExplorer] [39m[32mMapped {/transferencias, GET} route[39m[38;5;3m +0ms[39m
[32m[Nest] 14872  - [39m30/04/2026, 2:37:35 [32m    LOG[39m [38;5;3m[RouterExplorer] [39m[32mMapped {/transferencias/:id, GET} route[39m[38;5;3m +0ms[39m
[32m[Nest] 14872  - [39m30/04/2026, 2:37:35 [32m    LOG[39m [38;5;3m[RouterExplorer] [39m[32mMapped {/transferencias/enviar, POST} route[39m[38;5;3m +0ms[39m
[32m[Nest] 14872  - [39m30/04/2026, 2:37:35 [32m    LOG[39m [38;5;3m[RouterExplorer] [39m[32mMapped {/transferencias/recibir, POST} route[39m[38;5;3m +0ms[39m
[32m[Nest] 14872  - [39m30/04/2026, 2:37:35 [32m    LOG[39m [38;5;3m[RoutesResolver] [39m[32mNotificacionesController {/notificaciones}:[39m[38;5;3m +0ms[39m
[32m[Nest] 14872  - [39m30/04/2026, 2:37:35 [32m    LOG[39m [38;5;3m[RouterExplorer] [39m[32mMapped {/notificaciones/revisar, POST} route[39m[38;5;3m +1ms[39m
[32m[Nest] 14872  - [39m30/04/2026, 2:37:35 [32m    LOG[39m [38;5;3m[RoutesResolver] [39m[32mAnaliticaController {/analitica}:[39m[38;5;3m +0ms[39m
[32m[Nest] 14872  - [39m30/04/2026, 2:37:35 [32m    LOG[39m [38;5;3m[RouterExplorer] [39m[32mMapped {/analitica/entrenar/:id_sucursal, GET} route[39m[38;5;3m +0ms[39m
[32m[Nest] 14872  - [39m30/04/2026, 2:37:35 [32m    LOG[39m [38;5;3m[RouterExplorer] [39m[32mMapped {/analitica/prediccion/:id_sucursal, GET} route[39m[38;5;3m +0ms[39m
[32m[Nest] 14872  - [39m30/04/2026, 2:37:35 [32m    LOG[39m [38;5;3m[NestApplication] [39m[32mNest application successfully started[39m[38;5;3m +60ms[39m
[31m[Nest] 14872  - [39m30/04/2026, 2:37:35 [31m  ERROR[39m [38;5;3m[NestApplication] [39m[31mError: listen EADDRINUSE: address already in use :::3000[39m[38;5;3m +1ms[39m
node:internal/errors:491
    ErrorCaptureStackTrace(err);
    ^

Error: listen EADDRINUSE: address already in use :::3000
    at __node_internal_captureLargerStackTrace (node:internal/errors:491:5)
    at __node_internal_uvExceptionWithHostPort (node:internal/errors:590:12)
    at Server.setupListenHandle [as _listen2] (node:net:1733:16)
    at listenInCluster (node:net:1781:12)
    at Server.listen (node:net:1869:7)
    at ExpressAdapter.listen (C:\Users\Crist\Desktop\ProyectoCedent\cendent-backend\node_modules\@nestjs\platform-express\adapters\express-adapter.js:115:32)
    at C:\Users\Crist\Desktop\ProyectoCedent\cendent-backend\node_modules\@nestjs\core\nest-application.js:188:30
    at new Promise (<anonymous>)
    at NestApplication.listen (C:\Users\Crist\Desktop\ProyectoCedent\cendent-backend\node_modules\@nestjs\core\nest-application.js:178:16)
    at bootstrap (C:\Users\Crist\Desktop\ProyectoCedent\cendent-backend\src\main.ts:27:3) {
  code: 'EADDRINUSE',
  errno: -4091,
  syscall: 'listen',
  address: '::',
  port: 3000
}

Node.js v18.13.0
[2J[3J[H[[90m2:37:37[0m] File change detected. Starting incremental compilation...

[[90m2:37:38[0m] Found 0 errors. Watching for file changes.

[32m[Nest] 23484  - [39m30/04/2026, 2:37:40 [32m    LOG[39m [38;5;3m[NestFactory] [39m[32mStarting Nest application...[39m
[32m[Nest] 23484  - [39m30/04/2026, 2:37:40 [32m    LOG[39m [38;5;3m[InstanceLoader] [39m[32mPrismaModule dependencies initialized[39m[38;5;3m +28ms[39m
[32m[Nest] 23484  - [39m30/04/2026, 2:37:40 [32m    LOG[39m [38;5;3m[InstanceLoader] [39m[32mPassportModule dependencies initialized[39m[38;5;3m +1ms[39m
[32m[Nest] 23484  - [39m30/04/2026, 2:37:40 [32m    LOG[39m [38;5;3m[InstanceLoader] [39m[32mJwtModule dependencies initialized[39m[38;5;3m +3ms[39m
[32m[Nest] 23484  - [39m30/04/2026, 2:37:40 [32m    LOG[39m [38;5;3m[InstanceLoader] [39m[32mDiscoveryModule dependencies initialized[39m[38;5;3m +0ms[39m
[32m[Nest] 23484  - [39m30/04/2026, 2:37:40 [32m    LOG[39m [38;5;3m[InstanceLoader] [39m[32mAppModule dependencies initialized[39m[38;5;3m +2ms[39m
[32m[Nest] 23484  - [39m30/04/2026, 2:37:40 [32m    LOG[39m [38;5;3m[InstanceLoader] [39m[32mScheduleModule dependencies initialized[39m[38;5;3m +1ms[39m
[32m[Nest] 23484  - [39m30/04/2026, 2:37:40 [32m    LOG[39m [38;5;3m[InstanceLoader] [39m[32mAuthModule dependencies initialized[39m[38;5;3m +1ms[39m
[32m[Nest] 23484  - [39m30/04/2026, 2:37:40 [32m    LOG[39m [38;5;3m[InstanceLoader] [39m[32mUsuariosModule dependencies initialized[39m[38;5;3m +0ms[39m
[32m[Nest] 23484  - [39m30/04/2026, 2:37:40 [32m    LOG[39m [38;5;3m[InstanceLoader] [39m[32mProductosModule dependencies initialized[39m[38;5;3m +0ms[39m
[32m[Nest] 23484  - [39m30/04/2026, 2:37:40 [32m    LOG[39m [38;5;3m[InstanceLoader] [39m[32mKitsModule dependencies initialized[39m[38;5;3m +0ms[39m
[32m[Nest] 23484  - [39m30/04/2026, 2:37:40 [32m    LOG[39m [38;5;3m[InstanceLoader] [39m[32mLotesModule dependencies initialized[39m[38;5;3m +1ms[39m
[32m[Nest] 23484  - [39m30/04/2026, 2:37:40 [32m    LOG[39m [38;5;3m[InstanceLoader] [39m[32mMovimientosModule dependencies initialized[39m[38;5;3m +0ms[39m
[32m[Nest] 23484  - [39m30/04/2026, 2:37:40 [32m    LOG[39m [38;5;3m[InstanceLoader] [39m[32mTransferenciasModule dependencies initialized[39m[38;5;3m +0ms[39m
[32m[Nest] 23484  - [39m30/04/2026, 2:37:40 [32m    LOG[39m [38;5;3m[InstanceLoader] [39m[32mNotificacionesModule dependencies initialized[39m[38;5;3m +0ms[39m
[32m[Nest] 23484  - [39m30/04/2026, 2:37:40 [32m    LOG[39m [38;5;3m[InstanceLoader] [39m[32mAnaliticaModule dependencies initialized[39m[38;5;3m +0ms[39m
[32m[Nest] 23484  - [39m30/04/2026, 2:37:40 [32m    LOG[39m [38;5;3m[RoutesResolver] [39m[32mAppController {/}:[39m[38;5;3m +52ms[39m
[32m[Nest] 23484  - [39m30/04/2026, 2:37:40 [32m    LOG[39m [38;5;3m[RouterExplorer] [39m[32mMapped {/, GET} route[39m[38;5;3m +2ms[39m
[32m[Nest] 23484  - [39m30/04/2026, 2:37:40 [32m    LOG[39m [38;5;3m[RoutesResolver] [39m[32mAuthController {/auth}:[39m[38;5;3m +0ms[39m
[32m[Nest] 23484  - [39m30/04/2026, 2:37:40 [32m    LOG[39m [38;5;3m[RouterExplorer] [39m[32mMapped {/auth/login, POST} route[39m[38;5;3m +1ms[39m
[32m[Nest] 23484  - [39m30/04/2026, 2:37:40 [32m    LOG[39m [38;5;3m[RoutesResolver] [39m[32mUsuariosController {/usuarios}:[39m[38;5;3m +0ms[39m
[32m[Nest] 23484  - [39m30/04/2026, 2:37:40 [32m    LOG[39m [38;5;3m[RouterExplorer] [39m[32mMapped {/usuarios, POST} route[39m[38;5;3m +1ms[39m
[32m[Nest] 23484  - [39m30/04/2026, 2:37:40 [32m    LOG[39m [38;5;3m[RouterExplorer] [39m[32mMapped {/usuarios, GET} route[39m[38;5;3m +0ms[39m
[32m[Nest] 23484  - [39m30/04/2026, 2:37:40 [32m    LOG[39m [38;5;3m[RouterExplorer] [39m[32mMapped {/usuarios/:id, GET} route[39m[38;5;3m +1ms[39m
[32m[Nest] 23484  - [39m30/04/2026, 2:37:40 [32m    LOG[39m [38;5;3m[RoutesResolver] [39m[32mProductosController {/productos}:[39m[38;5;3m +0ms[39m
[32m[Nest] 23484  - [39m30/04/2026, 2:37:40 [32m    LOG[39m [38;5;3m[RouterExplorer] [39m[32mMapped {/productos/inventario, GET} route[39m[38;5;3m +0ms[39m
[32m[Nest] 23484  - [39m30/04/2026, 2:37:40 [32m    LOG[39m [38;5;3m[RouterExplorer] [39m[32mMapped {/productos, GET} route[39m[38;5;3m +0ms[39m
[32m[Nest] 23484  - [39m30/04/2026, 2:37:40 [32m    LOG[39m [38;5;3m[RouterExplorer] [39m[32mMapped {/productos/:id, GET} route[39m[38;5;3m +1ms[39m
[32m[Nest] 23484  - [39m30/04/2026, 2:37:40 [32m    LOG[39m [38;5;3m[RouterExplorer] [39m[32mMapped {/productos, POST} route[39m[38;5;3m +0ms[39m
[32m[Nest] 23484  - [39m30/04/2026, 2:37:40 [32m    LOG[39m [38;5;3m[RouterExplorer] [39m[32mMapped {/productos/:id, PATCH} route[39m[38;5;3m +1ms[39m
[32m[Nest] 23484  - [39m30/04/2026, 2:37:40 [32m    LOG[39m [38;5;3m[RouterExplorer] [39m[32mMapped {/productos/:id, DELETE} route[39m[38;5;3m +0ms[39m
[32m[Nest] 23484  - [39m30/04/2026, 2:37:40 [32m    LOG[39m [38;5;3m[RoutesResolver] [39m[32mKitsController {/kits}:[39m[38;5;3m +0ms[39m
[32m[Nest] 23484  - [39m30/04/2026, 2:37:40 [32m    LOG[39m [38;5;3m[RouterExplorer] [39m[32mMapped {/kits, GET} route[39m[38;5;3m +1ms[39m
[32m[Nest] 23484  - [39m30/04/2026, 2:37:40 [32m    LOG[39m [38;5;3m[RouterExplorer] [39m[32mMapped {/kits/:id, GET} route[39m[38;5;3m +0ms[39m
[32m[Nest] 23484  - [39m30/04/2026, 2:37:40 [32m    LOG[39m [38;5;3m[RouterExplorer] [39m[32mMapped {/kits, POST} route[39m[38;5;3m +0ms[39m
[32m[Nest] 23484  - [39m30/04/2026, 2:37:40 [32m    LOG[39m [38;5;3m[RouterExplorer] [39m[32mMapped {/kits/:id, DELETE} route[39m[38;5;3m +0ms[39m
[32m[Nest] 23484  - [39m30/04/2026, 2:37:40 [32m    LOG[39m [38;5;3m[RoutesResolver] [39m[32mLotesController {/lotes}:[39m[38;5;3m +1ms[39m
[32m[Nest] 23484  - [39m30/04/2026, 2:37:40 [32m    LOG[39m [38;5;3m[RouterExplorer] [39m[32mMapped {/lotes, POST} route[39m[38;5;3m +0ms[39m
[32m[Nest] 23484  - [39m30/04/2026, 2:37:40 [32m    LOG[39m [38;5;3m[RouterExplorer] [39m[32mMapped {/lotes/producto/:id_producto, GET} route[39m[38;5;3m +0ms[39m
[32m[Nest] 23484  - [39m30/04/2026, 2:37:40 [32m    LOG[39m [38;5;3m[RoutesResolver] [39m[32mMovimientosController {/movimientos}:[39m[38;5;3m +0ms[39m
[32m[Nest] 23484  - [39m30/04/2026, 2:37:40 [32m    LOG[39m [38;5;3m[RouterExplorer] [39m[32mMapped {/movimientos, GET} route[39m[38;5;3m +0ms[39m
[32m[Nest] 23484  - [39m30/04/2026, 2:37:40 [32m    LOG[39m [38;5;3m[RouterExplorer] [39m[32mMapped {/movimientos/despachar-kit, POST} route[39m[38;5;3m +0ms[39m
[32m[Nest] 23484  - [39m30/04/2026, 2:37:40 [32m    LOG[39m [38;5;3m[RoutesResolver] [39m[32mTransferenciasController {/transferencias}:[39m[38;5;3m +0ms[39m
[32m[Nest] 23484  - [39m30/04/2026, 2:37:40 [32m    LOG[39m [38;5;3m[RouterExplorer] [39m[32mMapped {/transferencias, GET} route[39m[38;5;3m +1ms[39m
[32m[Nest] 23484  - [39m30/04/2026, 2:37:40 [32m    LOG[39m [38;5;3m[RouterExplorer] [39m[32mMapped {/transferencias/:id, GET} route[39m[38;5;3m +0ms[39m
[32m[Nest] 23484  - [39m30/04/2026, 2:37:40 [32m    LOG[39m [38;5;3m[RouterExplorer] [39m[32mMapped {/transferencias/enviar, POST} route[39m[38;5;3m +0ms[39m
[32m[Nest] 23484  - [39m30/04/2026, 2:37:40 [32m    LOG[39m [38;5;3m[RouterExplorer] [39m[32mMapped {/transferencias/recibir, POST} route[39m[38;5;3m +0ms[39m
[32m[Nest] 23484  - [39m30/04/2026, 2:37:40 [32m    LOG[39m [38;5;3m[RoutesResolver] [39m[32mNotificacionesController {/notificaciones}:[39m[38;5;3m +1ms[39m
[32m[Nest] 23484  - [39m30/04/2026, 2:37:40 [32m    LOG[39m [38;5;3m[RouterExplorer] [39m[32mMapped {/notificaciones/revisar, POST} route[39m[38;5;3m +0ms[39m
[32m[Nest] 23484  - [39m30/04/2026, 2:37:40 [32m    LOG[39m [38;5;3m[RoutesResolver] [39m[32mAnaliticaController {/analitica}:[39m[38;5;3m +0ms[39m
[32m[Nest] 23484  - [39m30/04/2026, 2:37:40 [32m    LOG[39m [38;5;3m[RouterExplorer] [39m[32mMapped {/analitica/entrenar/:id_sucursal, GET} route[39m[38;5;3m +0ms[39m
[32m[Nest] 23484  - [39m30/04/2026, 2:37:40 [32m    LOG[39m [38;5;3m[RouterExplorer] [39m[32mMapped {/analitica/prediccion/:id_sucursal, GET} route[39m[38;5;3m +1ms[39m
[32m[Nest] 23484  - [39m30/04/2026, 2:37:40 [32m    LOG[39m [38;5;3m[NestApplication] [39m[32mNest application successfully started[39m[38;5;3m +69ms[39m
[31m[Nest] 23484  - [39m30/04/2026, 2:37:40 [31m  ERROR[39m [38;5;3m[NestApplication] [39m[31mError: listen EADDRINUSE: address already in use :::3000[39m[38;5;3m +3ms[39m
node:internal/errors:491
    ErrorCaptureStackTrace(err);
    ^

Error: listen EADDRINUSE: address already in use :::3000
    at __node_internal_captureLargerStackTrace (node:internal/errors:491:5)
    at __node_internal_uvExceptionWithHostPort (node:internal/errors:590:12)
    at Server.setupListenHandle [as _listen2] (node:net:1733:16)
    at listenInCluster (node:net:1781:12)
    at Server.listen (node:net:1869:7)
    at ExpressAdapter.listen (C:\Users\Crist\Desktop\ProyectoCedent\cendent-backend\node_modules\@nestjs\platform-express\adapters\express-adapter.js:115:32)
    at C:\Users\Crist\Desktop\ProyectoCedent\cendent-backend\node_modules\@nestjs\core\nest-application.js:188:30
    at new Promise (<anonymous>)
    at NestApplication.listen (C:\Users\Crist\Desktop\ProyectoCedent\cendent-backend\node_modules\@nestjs\core\nest-application.js:178:16)
    at bootstrap (C:\Users\Crist\Desktop\ProyectoCedent\cendent-backend\src\main.ts:27:3) {
  code: 'EADDRINUSE',
  errno: -4091,
  syscall: 'listen',
  address: '::',
  port: 3000
}

Node.js v18.13.0
[2J[3J[H[[90m2:37:46[0m] File change detected. Starting incremental compilation...

[[90m2:37:46[0m] Found 0 errors. Watching for file changes.

[32m[Nest] 17204  - [39m30/04/2026, 2:37:48 [32m    LOG[39m [38;5;3m[NestFactory] [39m[32mStarting Nest application...[39m
[32m[Nest] 17204  - [39m30/04/2026, 2:37:48 [32m    LOG[39m [38;5;3m[InstanceLoader] [39m[32mPrismaModule dependencies initialized[39m[38;5;3m +30ms[39m
[32m[Nest] 17204  - [39m30/04/2026, 2:37:48 [32m    LOG[39m [38;5;3m[InstanceLoader] [39m[32mPassportModule dependencies initialized[39m[38;5;3m +0ms[39m
[32m[Nest] 17204  - [39m30/04/2026, 2:37:48 [32m    LOG[39m [38;5;3m[InstanceLoader] [39m[32mJwtModule dependencies initialized[39m[38;5;3m +6ms[39m
[32m[Nest] 17204  - [39m30/04/2026, 2:37:48 [32m    LOG[39m [38;5;3m[InstanceLoader] [39m[32mDiscoveryModule dependencies initialized[39m[38;5;3m +0ms[39m
[32m[Nest] 17204  - [39m30/04/2026, 2:37:48 [32m    LOG[39m [38;5;3m[InstanceLoader] [39m[32mAppModule dependencies initialized[39m[38;5;3m +3ms[39m
[32m[Nest] 17204  - [39m30/04/2026, 2:37:48 [32m    LOG[39m [38;5;3m[InstanceLoader] [39m[32mScheduleModule dependencies initialized[39m[38;5;3m +0ms[39m
[32m[Nest] 17204  - [39m30/04/2026, 2:37:48 [32m    LOG[39m [38;5;3m[InstanceLoader] [39m[32mAuthModule dependencies initialized[39m[38;5;3m +1ms[39m
[32m[Nest] 17204  - [39m30/04/2026, 2:37:48 [32m    LOG[39m [38;5;3m[InstanceLoader] [39m[32mUsuariosModule dependencies initialized[39m[38;5;3m +0ms[39m
[32m[Nest] 17204  - [39m30/04/2026, 2:37:48 [32m    LOG[39m [38;5;3m[InstanceLoader] [39m[32mProductosModule dependencies initialized[39m[38;5;3m +1ms[39m
[32m[Nest] 17204  - [39m30/04/2026, 2:37:48 [32m    LOG[39m [38;5;3m[InstanceLoader] [39m[32mKitsModule dependencies initialized[39m[38;5;3m +0ms[39m
[32m[Nest] 17204  - [39m30/04/2026, 2:37:48 [32m    LOG[39m [38;5;3m[InstanceLoader] [39m[32mLotesModule dependencies initialized[39m[38;5;3m +0ms[39m
[32m[Nest] 17204  - [39m30/04/2026, 2:37:48 [32m    LOG[39m [38;5;3m[InstanceLoader] [39m[32mMovimientosModule dependencies initialized[39m[38;5;3m +0ms[39m
[32m[Nest] 17204  - [39m30/04/2026, 2:37:48 [32m    LOG[39m [38;5;3m[InstanceLoader] [39m[32mTransferenciasModule dependencies initialized[39m[38;5;3m +0ms[39m
[32m[Nest] 17204  - [39m30/04/2026, 2:37:48 [32m    LOG[39m [38;5;3m[InstanceLoader] [39m[32mNotificacionesModule dependencies initialized[39m[38;5;3m +0ms[39m
[32m[Nest] 17204  - [39m30/04/2026, 2:37:48 [32m    LOG[39m [38;5;3m[InstanceLoader] [39m[32mAnaliticaModule dependencies initialized[39m[38;5;3m +0ms[39m
[32m[Nest] 17204  - [39m30/04/2026, 2:37:48 [32m    LOG[39m [38;5;3m[RoutesResolver] [39m[32mAppController {/}:[39m[38;5;3m +43ms[39m
[32m[Nest] 17204  - [39m30/04/2026, 2:37:48 [32m    LOG[39m [38;5;3m[RouterExplorer] [39m[32mMapped {/, GET} route[39m[38;5;3m +3ms[39m
[32m[Nest] 17204  - [39m30/04/2026, 2:37:48 [32m    LOG[39m [38;5;3m[RoutesResolver] [39m[32mAuthController {/auth}:[39m[38;5;3m +0ms[39m
[32m[Nest] 17204  - [39m30/04/2026, 2:37:48 [32m    LOG[39m [38;5;3m[RouterExplorer] [39m[32mMapped {/auth/login, POST} route[39m[38;5;3m +1ms[39m
[32m[Nest] 17204  - [39m30/04/2026, 2:37:48 [32m    LOG[39m [38;5;3m[RoutesResolver] [39m[32mUsuariosController {/usuarios}:[39m[38;5;3m +0ms[39m
[32m[Nest] 17204  - [39m30/04/2026, 2:37:48 [32m    LOG[39m [38;5;3m[RouterExplorer] [39m[32mMapped {/usuarios, POST} route[39m[38;5;3m +0ms[39m
[32m[Nest] 17204  - [39m30/04/2026, 2:37:48 [32m    LOG[39m [38;5;3m[RouterExplorer] [39m[32mMapped {/usuarios, GET} route[39m[38;5;3m +1ms[39m
[32m[Nest] 17204  - [39m30/04/2026, 2:37:48 [32m    LOG[39m [38;5;3m[RouterExplorer] [39m[32mMapped {/usuarios/:id, GET} route[39m[38;5;3m +0ms[39m
[32m[Nest] 17204  - [39m30/04/2026, 2:37:48 [32m    LOG[39m [38;5;3m[RoutesResolver] [39m[32mProductosController {/productos}:[39m[38;5;3m +0ms[39m
[32m[Nest] 17204  - [39m30/04/2026, 2:37:48 [32m    LOG[39m [38;5;3m[RouterExplorer] [39m[32mMapped {/productos/inventario, GET} route[39m[38;5;3m +1ms[39m
[32m[Nest] 17204  - [39m30/04/2026, 2:37:48 [32m    LOG[39m [38;5;3m[RouterExplorer] [39m[32mMapped {/productos, GET} route[39m[38;5;3m +0ms[39m
[32m[Nest] 17204  - [39m30/04/2026, 2:37:48 [32m    LOG[39m [38;5;3m[RouterExplorer] [39m[32mMapped {/productos/:id, GET} route[39m[38;5;3m +0ms[39m
[32m[Nest] 17204  - [39m30/04/2026, 2:37:48 [32m    LOG[39m [38;5;3m[RouterExplorer] [39m[32mMapped {/productos, POST} route[39m[38;5;3m +1ms[39m
[32m[Nest] 17204  - [39m30/04/2026, 2:37:48 [32m    LOG[39m [38;5;3m[RouterExplorer] [39m[32mMapped {/productos/:id, PATCH} route[39m[38;5;3m +1ms[39m
[32m[Nest] 17204  - [39m30/04/2026, 2:37:48 [32m    LOG[39m [38;5;3m[RouterExplorer] [39m[32mMapped {/productos/:id, DELETE} route[39m[38;5;3m +0ms[39m
[32m[Nest] 17204  - [39m30/04/2026, 2:37:48 [32m    LOG[39m [38;5;3m[RoutesResolver] [39m[32mKitsController {/kits}:[39m[38;5;3m +0ms[39m
[32m[Nest] 17204  - [39m30/04/2026, 2:37:48 [32m    LOG[39m [38;5;3m[RouterExplorer] [39m[32mMapped {/kits, GET} route[39m[38;5;3m +0ms[39m
[32m[Nest] 17204  - [39m30/04/2026, 2:37:48 [32m    LOG[39m [38;5;3m[RouterExplorer] [39m[32mMapped {/kits/:id, GET} route[39m[38;5;3m +0ms[39m
[32m[Nest] 17204  - [39m30/04/2026, 2:37:48 [32m    LOG[39m [38;5;3m[RouterExplorer] [39m[32mMapped {/kits, POST} route[39m[38;5;3m +1ms[39m
[32m[Nest] 17204  - [39m30/04/2026, 2:37:48 [32m    LOG[39m [38;5;3m[RouterExplorer] [39m[32mMapped {/kits/:id, DELETE} route[39m[38;5;3m +0ms[39m
[32m[Nest] 17204  - [39m30/04/2026, 2:37:48 [32m    LOG[39m [38;5;3m[RoutesResolver] [39m[32mLotesController {/lotes}:[39m[38;5;3m +0ms[39m
[32m[Nest] 17204  - [39m30/04/2026, 2:37:48 [32m    LOG[39m [38;5;3m[RouterExplorer] [39m[32mMapped {/lotes, POST} route[39m[38;5;3m +1ms[39m
[32m[Nest] 17204  - [39m30/04/2026, 2:37:48 [32m    LOG[39m [38;5;3m[RouterExplorer] [39m[32mMapped {/lotes/producto/:id_producto, GET} route[39m[38;5;3m +0ms[39m
[32m[Nest] 17204  - [39m30/04/2026, 2:37:48 [32m    LOG[39m [38;5;3m[RoutesResolver] [39m[32mMovimientosController {/movimientos}:[39m[38;5;3m +0ms[39m
[32m[Nest] 17204  - [39m30/04/2026, 2:37:48 [32m    LOG[39m [38;5;3m[RouterExplorer] [39m[32mMapped {/movimientos, GET} route[39m[38;5;3m +0ms[39m
[32m[Nest] 17204  - [39m30/04/2026, 2:37:48 [32m    LOG[39m [38;5;3m[RouterExplorer] [39m[32mMapped {/movimientos/despachar-kit, POST} route[39m[38;5;3m +0ms[39m
[32m[Nest] 17204  - [39m30/04/2026, 2:37:48 [32m    LOG[39m [38;5;3m[RoutesResolver] [39m[32mTransferenciasController {/transferencias}:[39m[38;5;3m +1ms[39m
[32m[Nest] 17204  - [39m30/04/2026, 2:37:48 [32m    LOG[39m [38;5;3m[RouterExplorer] [39m[32mMapped {/transferencias, GET} route[39m[38;5;3m +0ms[39m
[32m[Nest] 17204  - [39m30/04/2026, 2:37:48 [32m    LOG[39m [38;5;3m[RouterExplorer] [39m[32mMapped {/transferencias/:id, GET} route[39m[38;5;3m +0ms[39m
[32m[Nest] 17204  - [39m30/04/2026, 2:37:48 [32m    LOG[39m [38;5;3m[RouterExplorer] [39m[32mMapped {/transferencias/enviar, POST} route[39m[38;5;3m +1ms[39m
[32m[Nest] 17204  - [39m30/04/2026, 2:37:48 [32m    LOG[39m [38;5;3m[RouterExplorer] [39m[32mMapped {/transferencias/recibir, POST} route[39m[38;5;3m +0ms[39m
[32m[Nest] 17204  - [39m30/04/2026, 2:37:48 [32m    LOG[39m [38;5;3m[RoutesResolver] [39m[32mNotificacionesController {/notificaciones}:[39m[38;5;3m +0ms[39m
[32m[Nest] 17204  - [39m30/04/2026, 2:37:48 [32m    LOG[39m [38;5;3m[RouterExplorer] [39m[32mMapped {/notificaciones/revisar, POST} route[39m[38;5;3m +0ms[39m
[32m[Nest] 17204  - [39m30/04/2026, 2:37:48 [32m    LOG[39m [38;5;3m[RoutesResolver] [39m[32mAnaliticaController {/analitica}:[39m[38;5;3m +1ms[39m
[32m[Nest] 17204  - [39m30/04/2026, 2:37:48 [32m    LOG[39m [38;5;3m[RouterExplorer] [39m[32mMapped {/analitica/entrenar/:id_sucursal, GET} route[39m[38;5;3m +0ms[39m
[32m[Nest] 17204  - [39m30/04/2026, 2:37:48 [32m    LOG[39m [38;5;3m[RouterExplorer] [39m[32mMapped {/analitica/prediccion/:id_sucursal, GET} route[39m[38;5;3m +0ms[39m
[32m[Nest] 17204  - [39m30/04/2026, 2:37:48 [32m    LOG[39m [38;5;3m[NestApplication] [39m[32mNest application successfully started[39m[38;5;3m +65ms[39m
[31m[Nest] 17204  - [39m30/04/2026, 2:37:48 [31m  ERROR[39m [38;5;3m[NestApplication] [39m[31mError: listen EADDRINUSE: address already in use :::3000[39m[38;5;3m +2ms[39m
node:internal/errors:491
    ErrorCaptureStackTrace(err);
    ^

Error: listen EADDRINUSE: address already in use :::3000
    at __node_internal_captureLargerStackTrace (node:internal/errors:491:5)
    at __node_internal_uvExceptionWithHostPort (node:internal/errors:590:12)
    at Server.setupListenHandle [as _listen2] (node:net:1733:16)
    at listenInCluster (node:net:1781:12)
    at Server.listen (node:net:1869:7)
    at ExpressAdapter.listen (C:\Users\Crist\Desktop\ProyectoCedent\cendent-backend\node_modules\@nestjs\platform-express\adapters\express-adapter.js:115:32)
    at C:\Users\Crist\Desktop\ProyectoCedent\cendent-backend\node_modules\@nestjs\core\nest-application.js:188:30
    at new Promise (<anonymous>)
    at NestApplication.listen (C:\Users\Crist\Desktop\ProyectoCedent\cendent-backend\node_modules\@nestjs\core\nest-application.js:178:16)
    at bootstrap (C:\Users\Crist\Desktop\ProyectoCedent\cendent-backend\src\main.ts:27:3) {
  code: 'EADDRINUSE',
  errno: -4091,
  syscall: 'listen',
  address: '::',
  port: 3000
}

Node.js v18.13.0
32mAuthController {/auth}:[39m[38;5;3m +0ms[39m
[32m[Nest] 33072  - [39m30/04/2026, 2:02:51 [32m    LOG[39m [38;5;3m[RouterExplorer] [39m[32mMapped {/auth/login, POST} route[39m[38;5;3m +1ms[39m
[32m[Nest] 33072  - [39m30/04/2026, 2:02:51 [32m    LOG[39m [38;5;3m[RoutesResolver] [39m[32mUsuariosController {/usuarios}:[39m[38;5;3m +0ms[39m
[32m[Nest] 33072  - [39m30/04/2026, 2:02:51 [32m    LOG[39m [38;5;3m[RouterExplorer] [39m[32mMapped {/usuarios, POST} route[39m[38;5;3m +1ms[39m
[32m[Nest] 33072  - [39m30/04/2026, 2:02:51 [32m    LOG[39m [38;5;3m[RouterExplorer] [39m[32mMapped {/usuarios, GET} route[39m[38;5;3m +1ms[39m
[32m[Nest] 33072  - [39m30/04/2026, 2:02:51 [32m    LOG[39m [38;5;3m[RouterExplorer] [39m[32mMapped {/usuarios/:id, GET} route[39m[38;5;3m +1ms[39m
[32m[Nest] 33072  - [39m30/04/2026, 2:02:51 [32m    LOG[39m [38;5;3m[RoutesResolver] [39m[32mProductosController {/productos}:[39m[38;5;3m +0ms[39m
[32m[Nest] 33072  - [39m30/04/2026, 2:02:51 [32m    LOG[39m [38;5;3m[RouterExplorer] [39m[32mMapped {/productos/inventario, GET} route[39m[38;5;3m +1ms[39m
[32m[Nest] 33072  - [39m30/04/2026, 2:02:51 [32m    LOG[39m [38;5;3m[RouterExplorer] [39m[32mMapped {/productos, GET} route[39m[38;5;3m +0ms[39m
[32m[Nest] 33072  - [39m30/04/2026, 2:02:51 [32m    LOG[39m [38;5;3m[RouterExplorer] [39m[32mMapped {/productos/:id, GET} route[39m[38;5;3m +0ms[39m
[32m[Nest] 33072  - [39m30/04/2026, 2:02:51 [32m    LOG[39m [38;5;3m[RouterExplorer] [39m[32mMapped {/productos, POST} route[39m[38;5;3m +0ms[39m
[32m[Nest] 33072  - [39m30/04/2026, 2:02:51 [32m    LOG[39m [38;5;3m[RouterExplorer] [39m[32mMapped {/productos/:id, PATCH} route[39m[38;5;3m +1ms[39m
[32m[Nest] 33072  - [39m30/04/2026, 2:02:51 [32m    LOG[39m [38;5;3m[RouterExplorer] [39m[32mMapped {/productos/:id, DELETE} route[39m[38;5;3m +1ms[39m
[32m[Nest] 33072  - [39m30/04/2026, 2:02:51 [32m    LOG[39m [38;5;3m[RoutesResolver] [39m[32mKitsController {/kits}:[39m[38;5;3m +0ms[39m
[32m[Nest] 33072  - [39m30/04/2026, 2:02:51 [32m    LOG[39m [38;5;3m[RouterExplorer] [39m[32mMapped {/kits, GET} route[39m[38;5;3m +0ms[39m
[32m[Nest] 33072  - [39m30/04/2026, 2:02:51 [32m    LOG[39m [38;5;3m[RouterExplorer] [39m[32mMapped {/kits/:id, GET} route[39m[38;5;3m +1ms[39m
[32m[Nest] 33072  - [39m30/04/2026, 2:02:51 [32m    LOG[39m [38;5;3m[RouterExplorer] [39m[32mMapped {/kits, POST} route[39m[38;5;3m +0ms[39m
[32m[Nest] 33072  - [39m30/04/2026, 2:02:51 [32m    LOG[39m [38;5;3m[RouterExplorer] [39m[32mMapped {/kits/:id, DELETE} route[39m[38;5;3m +1ms[39m
[32m[Nest] 33072  - [39m30/04/2026, 2:02:51 [32m    LOG[39m [38;5;3m[RoutesResolver] [39m[32mLotesController {/lotes}:[39m[38;5;3m +0ms[39m
[32m[Nest] 33072  - [39m30/04/2026, 2:02:51 [32m    LOG[39m [38;5;3m[RouterExplorer] [39m[32mMapped {/lotes, POST} route[39m[38;5;3m +3ms[39m
[32m[Nest] 33072  - [39m30/04/2026, 2:02:51 [32m    LOG[39m [38;5;3m[RouterExplorer] [39m[32mMapped {/lotes/producto/:id_producto, GET} route[39m[38;5;3m +1ms[39m
[32m[Nest] 33072  - [39m30/04/2026, 2:02:51 [32m    LOG[39m [38;5;3m[RoutesResolver] [39m[32mMovimientosController {/movimientos}:[39m[38;5;3m +0ms[39m
[32m[Nest] 33072  - [39m30/04/2026, 2:02:51 [32m    LOG[39m [38;5;3m[RouterExplorer] [39m[32mMapped {/movimientos, GET} route[39m[38;5;3m +0ms[39m
[32m[Nest] 33072  - [39m30/04/2026, 2:02:51 [32m    LOG[39m [38;5;3m[RouterExplorer] [39m[32mMapped {/movimientos/despachar-kit, POST} route[39m[38;5;3m +0ms[39m
[32m[Nest] 33072  - [39m30/04/2026, 2:02:51 [32m    LOG[39m [38;5;3m[RoutesResolver] [39m[32mTransferenciasController {/transferencias}:[39m[38;5;3m +0ms[39m
[32m[Nest] 33072  - [39m30/04/2026, 2:02:51 [32m    LOG[39m [38;5;3m[RouterExplorer] [39m[32mMapped {/transferencias, GET} route[39m[38;5;3m +1ms[39m
[32m[Nest] 33072  - [39m30/04/2026, 2:02:51 [32m    LOG[39m [38;5;3m[RouterExplorer] [39m[32mMapped {/transferencias/:id, GET} route[39m[38;5;3m +0ms[39m
[32m[Nest] 33072  - [39m30/04/2026, 2:02:51 [32m    LOG[39m [38;5;3m[RouterExplorer] [39m[32mMapped {/transferencias/enviar, POST} route[39m[38;5;3m +0ms[39m
[32m[Nest] 33072  - [39m30/04/2026, 2:02:51 [32m    LOG[39m [38;5;3m[RouterExplorer] [39m[32mMapped {/transferencias/recibir, POST} route[39m[38;5;3m +0ms[39m
[32m[Nest] 33072  - [39m30/04/2026, 2:02:51 [32m    LOG[39m [38;5;3m[RoutesResolver] [39m[32mNotificacionesController {/notificaciones}:[39m[38;5;3m +1ms[39m
[32m[Nest] 33072  - [39m30/04/2026, 2:02:51 [32m    LOG[39m [38;5;3m[RouterExplorer] [39m[32mMapped {/notificaciones/revisar, POST} route[39m[38;5;3m +0ms[39m
[32m[Nest] 33072  - [39m30/04/2026, 2:02:51 [32m    LOG[39m [38;5;3m[RoutesResolver] [39m[32mAnaliticaController {/analitica}:[39m[38;5;3m +0ms[39m
[32m[Nest] 33072  - [39m30/04/2026, 2:02:51 [32m    LOG[39m [38;5;3m[RouterExplorer] [39m[32mMapped {/analitica/entrenar/:id_sucursal, GET} route[39m[38;5;3m +1ms[39m
[32m[Nest] 33072  - [39m30/04/2026, 2:02:51 [32m    LOG[39m [38;5;3m[RouterExplorer] [39m[32mMapped {/analitica/prediccion/:id_sucursal, GET} route[39m[38;5;3m +0ms[39m
[32m[Nest] 33072  - [39m30/04/2026, 2:02:51 [32m    LOG[39m [38;5;3m[NestApplication] [39m[32mNest application successfully started[39m[38;5;3m +65ms[39m
[31m[Nest] 33072  - [39m30/04/2026, 2:02:51 [31m  ERROR[39m [38;5;3m[NestApplication] [39m[31mError: listen EADDRINUSE: address already in use :::3000[39m[38;5;3m +2ms[39m
node:internal/errors:491
    ErrorCaptureStackTrace(err);
    ^

Error: listen EADDRINUSE: address already in use :::3000
    at __node_internal_captureLargerStackTrace (node:internal/errors:491:5)
    at __node_internal_uvExceptionWithHostPort (node:internal/errors:590:12)
    at Server.setupListenHandle [as _listen2] (node:net:1733:16)
    at listenInCluster (node:net:1781:12)
    at Server.listen (node:net:1869:7)
    at ExpressAdapter.listen (C:\Users\Crist\Desktop\ProyectoCedent\cendent-backend\node_modules\@nestjs\platform-express\adapters\express-adapter.js:115:32)
    at C:\Users\Crist\Desktop\ProyectoCedent\cendent-backend\node_modules\@nestjs\core\nest-application.js:188:30
    at new Promise (<anonymous>)
    at NestApplication.listen (C:\Users\Crist\Desktop\ProyectoCedent\cendent-backend\node_modules\@nestjs\core\nest-application.js:178:16)
    at bootstrap (C:\Users\Crist\Desktop\ProyectoCedent\cendent-backend\src\main.ts:27:3) {
  code: 'EADDRINUSE',
  errno: -4091,
  syscall: 'listen',
  address: '::',
  port: 3000
}

Node.js v18.13.0
[2J[3J[H[[90m2:03:03[0m] File change detected. Starting incremental compilation...

[[90m2:03:04[0m] Found 0 errors. Watching for file changes.

[32m[Nest] 35412  - [39m30/04/2026, 2:03:06 [32m    LOG[39m [38;5;3m[NestFactory] [39m[32mStarting Nest application...[39m
[32m[Nest] 35412  - [39m30/04/2026, 2:03:06 [32m    LOG[39m [38;5;3m[InstanceLoader] [39m[32mPrismaModule dependencies initialized[39m[38;5;3m +29ms[39m
[32m[Nest] 35412  - [39m30/04/2026, 2:03:06 [32m    LOG[39m [38;5;3m[InstanceLoader] [39m[32mPassportModule dependencies initialized[39m[38;5;3m +0ms[39m
[32m[Nest] 35412  - [39m30/04/2026, 2:03:06 [32m    LOG[39m [38;5;3m[InstanceLoader] [39m[32mJwtModule dependencies initialized[39m[38;5;3m +4ms[39m
[32m[Nest] 35412  - [39m30/04/2026, 2:03:06 [32m    LOG[39m [38;5;3m[InstanceLoader] [39m[32mDiscoveryModule dependencies initialized[39m[38;5;3m +0ms[39m
[32m[Nest] 35412  - [39m30/04/2026, 2:03:06 [32m    LOG[39m [38;5;3m[InstanceLoader] [39m[32mAppModule dependencies initialized[39m[38;5;3m +2ms[39m
[32m[Nest] 35412  - [39m30/04/2026, 2:03:06 [32m    LOG[39m [38;5;3m[InstanceLoader] [39m[32mScheduleModule dependencies initialized[39m[38;5;3m +0ms[39m
[32m[Nest] 35412  - [39m30/04/2026, 2:03:06 [32m    LOG[39m [38;5;3m[InstanceLoader] [39m[32mAuthModule dependencies initialized[39m[38;5;3m +1ms[39m
[32m[Nest] 35412  - [39m30/04/2026, 2:03:06 [32m    LOG[39m [38;5;3m[InstanceLoader] [39m[32mUsuariosModule dependencies initialized[39m[38;5;3m +1ms[39m
[32m[Nest] 35412  - [39m30/04/2026, 2:03:06 [32m    LOG[39m [38;5;3m[InstanceLoader] [39m[32mProductosModule dependencies initialized[39m[38;5;3m +0ms[39m
[32m[Nest] 35412  - [39m30/04/2026, 2:03:06 [32m    LOG[39m [38;5;3m[InstanceLoader] [39m[32mKitsModule dependencies initialized[39m[38;5;3m +0ms[39m
[32m[Nest] 35412  - [39m30/04/2026, 2:03:06 [32m    LOG[39m [38;5;3m[InstanceLoader] [39m[32mLotesModule dependencies initialized[39m[38;5;3m +0ms[39m
[32m[Nest] 35412  - [39m30/04/2026, 2:03:06 [32m    LOG[39m [38;5;3m[InstanceLoader] [39m[32mMovimientosModule dependencies initialized[39m[38;5;3m +0ms[39m
[32m[Nest] 35412  - [39m30/04/2026, 2:03:06 [32m    LOG[39m [38;5;3m[InstanceLoader] [39m[32mTransferenciasModule dependencies initialized[39m[38;5;3m +0ms[39m
[32m[Nest] 35412  - [39m30/04/2026, 2:03:06 [32m    LOG[39m [38;5;3m[InstanceLoader] [39m[32mNotificacionesModule dependencies initialized[39m[38;5;3m +0ms[39m
[32m[Nest] 35412  - [39m30/04/2026, 2:03:06 [32m    LOG[39m [38;5;3m[InstanceLoader] [39m[32mAnaliticaModule dependencies initialized[39m[38;5;3m +0ms[39m
[32m[Nest] 35412  - [39m30/04/2026, 2:03:06 [32m    LOG[39m [38;5;3m[RoutesResolver] [39m[32mAppController {/}:[39m[38;5;3m +45ms[39m
[32m[Nest] 35412  - [39m30/04/2026, 2:03:06 [32m    LOG[39m [38;5;3m[RouterExplorer] [39m[32mMapped {/, GET} route[39m[38;5;3m +3ms[39m
[32m[Nest] 35412  - [39m30/04/2026, 2:03:06 [32m    LOG[39m [38;5;3m[RoutesResolver] [39m[32mAuthController {/auth}:[39m[38;5;3m +0ms[39m
[32m[Nest] 35412  - [39m30/04/2026, 2:03:06 [32m    LOG[39m [38;5;3m[RouterExplorer] [39m[32mMapped {/auth/login, POST} route[39m[38;5;3m +1ms[39m
[32m[Nest] 35412  - [39m30/04/2026, 2:03:06 [32m    LOG[39m [38;5;3m[RoutesResolver] [39m[32mUsuariosController {/usuarios}:[39m[38;5;3m +0ms[39m
[32m[Nest] 35412  - [39m30/04/2026, 2:03:06 [32m    LOG[39m [38;5;3m[RouterExplorer] [39m[32mMapped {/usuarios, POST} route[39m[38;5;3m +0ms[39m
[32m[Nest] 35412  - [39m30/04/2026, 2:03:06 [32m    LOG[39m [38;5;3m[RouterExplorer] [39m[32mMapped {/usuarios, GET} route[39m[38;5;3m +1ms[39m
[32m[Nest] 35412  - [39m30/04/2026, 2:03:06 [32m    LOG[39m [38;5;3m[RouterExplorer] [39m[32mMapped {/usuarios/:id, GET} route[39m[38;5;3m +0ms[39m
[32m[Nest] 35412  - [39m30/04/2026, 2:03:06 [32m    LOG[39m [38;5;3m[RoutesResolver] [39m[32mProductosController {/productos}:[39m[38;5;3m +0ms[39m
[32m[Nest] 35412  - [39m30/04/2026, 2:03:06 [32m    LOG[39m [38;5;3m[RouterExplorer] [39m[32mMapped {/productos/inventario, GET} route[39m[38;5;3m +1ms[39m
[32m[Nest] 35412  - [39m30/04/2026, 2:03:06 [32m    LOG[39m [38;5;3m[RouterExplorer] [39m[32mMapped {/productos, GET} route[39m[38;5;3m +0ms[39m
[32m[Nest] 35412  - [39m30/04/2026, 2:03:06 [32m    LOG[39m [38;5;3m[RouterExplorer] [39m[32mMapped {/productos/:id, GET} route[39m[38;5;3m +3ms[39m
[32m[Nest] 35412  - [39m30/04/2026, 2:03:06 [32m    LOG[39m [38;5;3m[RouterExplorer] [39m[32mMapped {/productos, POST} route[39m[38;5;3m +0ms[39m
[32m[Nest] 35412  - [39m30/04/2026, 2:03:06 [32m    LOG[39m [38;5;3m[RouterExplorer] [39m[32mMapped {/productos/:id, PATCH} route[39m[38;5;3m +1ms[39m
[32m[Nest] 35412  - [39m30/04/2026, 2:03:06 [32m    LOG[39m [38;5;3m[RouterExplorer] [39m[32mMapped {/productos/:id, DELETE} route[39m[38;5;3m +0ms[39m
[32m[Nest] 35412  - [39m30/04/2026, 2:03:06 [32m    LOG[39m [38;5;3m[RoutesResolver] [39m[32mKitsController {/kits}:[39m[38;5;3m +0ms[39m
[32m[Nest] 35412  - [39m30/04/2026, 2:03:06 [32m    LOG[39m [38;5;3m[RouterExplorer] [39m[32mMapped {/kits, GET} route[39m[38;5;3m +0ms[39m
[32m[Nest] 35412  - [39m30/04/2026, 2:03:06 [32m    LOG[39m [38;5;3m[RouterExplorer] [39m[32mMapped {/kits/:id, GET} route[39m[38;5;3m +1ms[39m
[32m[Nest] 35412  - [39m30/04/2026, 2:03:06 [32m    LOG[39m [38;5;3m[RouterExplorer] [39m[32mMapped {/kits, POST} route[39m[38;5;3m +0ms[39m
[32m[Nest] 35412  - [39m30/04/2026, 2:03:06 [32m    LOG[39m [38;5;3m[RouterExplorer] [39m[32mMapped {/kits/:id, DELETE} route[39m[38;5;3m +0ms[39m
[32m[Nest] 35412  - [39m30/04/2026, 2:03:06 [32m    LOG[39m [38;5;3m[RoutesResolver] [39m[32mLotesController {/lotes}:[39m[38;5;3m +0ms[39m
[32m[Nest] 35412  - [39m30/04/2026, 2:03:06 [32m    LOG[39m [38;5;3m[RouterExplorer] [39m[32mMapped {/lotes, POST} route[39m[38;5;3m +0ms[39m
[32m[Nest] 35412  - [39m30/04/2026, 2:03:06 [32m    LOG[39m [38;5;3m[RouterExplorer] [39m[32mMapped {/lotes/producto/:id_producto, GET} route[39m[38;5;3m +1ms[39m
[32m[Nest] 35412  - [39m30/04/2026, 2:03:06 [32m    LOG[39m [38;5;3m[RoutesResolver] [39m[32mMovimientosController {/movimientos}:[39m[38;5;3m +0ms[39m
[32m[Nest] 35412  - [39m30/04/2026, 2:03:06 [32m    LOG[39m [38;5;3m[RouterExplorer] [39m[32mMapped {/movimientos, GET} route[39m[38;5;3m +0ms[39m
[32m[Nest] 35412  - [39m30/04/2026, 2:03:06 [32m    LOG[39m [38;5;3m[RouterExplorer] [39m[32mMapped {/movimientos/despachar-kit, POST} route[39m[38;5;3m +0ms[39m
[32m[Nest] 35412  - [39m30/04/2026, 2:03:06 [32m    LOG[39m [38;5;3m[RoutesResolver] [39m[32mTransferenciasController {/transferencias}:[39m[38;5;3m +0ms[39m
[32m[Nest] 35412  - [39m30/04/2026, 2:03:06 [32m    LOG[39m [38;5;3m[RouterExplorer] [39m[32mMapped {/transferencias, GET} route[39m[38;5;3m +0ms[39m
[32m[Nest] 35412  - [39m30/04/2026, 2:03:06 [32m    LOG[39m [38;5;3m[RouterExplorer] [39m[32mMapped {/transferencias/:id, GET} route[39m[38;5;3m +1ms[39m
[32m[Nest] 35412  - [39m30/04/2026, 2:03:06 [32m    LOG[39m [38;5;3m[RouterExplorer] [39m[32mMapped {/transferencias/enviar, POST} route[39m[38;5;3m +0ms[39m
[32m[Nest] 35412  - [39m30/04/2026, 2:03:06 [32m    LOG[39m [38;5;3m[RouterExplorer] [39m[32mMapped {/transferencias/recibir, POST} route[39m[38;5;3m +0ms[39m
[32m[Nest] 35412  - [39m30/04/2026, 2:03:06 [32m    LOG[39m [38;5;3m[RoutesResolver] [39m[32mNotificacionesController {/notificaciones}:[39m[38;5;3m +0ms[39m
[32m[Nest] 35412  - [39m30/04/2026, 2:03:06 [32m    LOG[39m [38;5;3m[RouterExplorer] [39m[32mMapped {/notificaciones/revisar, POST} route[39m[38;5;3m +0ms[39m
[32m[Nest] 35412  - [39m30/04/2026, 2:03:06 [32m    LOG[39m [38;5;3m[RoutesResolver] [39m[32mAnaliticaController {/analitica}:[39m[38;5;3m +0ms[39m
[32m[Nest] 35412  - [39m30/04/2026, 2:03:06 [32m    LOG[39m [38;5;3m[RouterExplorer] [39m[32mMapped {/analitica/entrenar/:id_sucursal, GET} route[39m[38;5;3m +1ms[39m
[32m[Nest] 35412  - [39m30/04/2026, 2:03:06 [32m    LOG[39m [38;5;3m[RouterExplorer] [39m[32mMapped {/analitica/prediccion/:id_sucursal, GET} route[39m[38;5;3m +0ms[39m
[32m[Nest] 35412  - [39m30/04/2026, 2:03:06 [32m    LOG[39m [38;5;3m[NestApplication] [39m[32mNest application successfully started[39m[38;5;3m +146ms[39m
[31m[Nest] 35412  - [39m30/04/2026, 2:03:06 [31m  ERROR[39m [38;5;3m[NestApplication] [39m[31mError: listen EADDRINUSE: address already in use :::3000[39m[38;5;3m +2ms[39m
node:internal/errors:491
    ErrorCaptureStackTrace(err);
    ^

Error: listen EADDRINUSE: address already in use :::3000
    at __node_internal_captureLargerStackTrace (node:internal/errors:491:5)
    at __node_internal_uvExceptionWithHostPort (node:internal/errors:590:12)
    at Server.setupListenHandle [as _listen2] (node:net:1733:16)
    at listenInCluster (node:net:1781:12)
    at Server.listen (node:net:1869:7)
    at ExpressAdapter.listen (C:\Users\Crist\Desktop\ProyectoCedent\cendent-backend\node_modules\@nestjs\platform-express\adapters\express-adapter.js:115:32)
    at C:\Users\Crist\Desktop\ProyectoCedent\cendent-backend\node_modules\@nestjs\core\nest-application.js:188:30
    at new Promise (<anonymous>)
    at NestApplication.listen (C:\Users\Crist\Desktop\ProyectoCedent\cendent-backend\node_modules\@nestjs\core\nest-application.js:178:16)
    at bootstrap (C:\Users\Crist\Desktop\ProyectoCedent\cendent-backend\src\main.ts:27:3) {
  code: 'EADDRINUSE',
  errno: -4091,
  syscall: 'listen',
  address: '::',
  port: 3000
}

Node.js v18.13.0
[2J[3J[H[[90m2:04:37[0m] File change detected. Starting incremental compilation...

[96msrc/transferencias/transferencias.service.ts[0m:[93m203[0m:[93m34[0m - [91merror[0m[90m TS2339: [0mProperty 'id_usuario_recibe' does not exist on type 'RecibirTransferenciaDto'.

[7m203[0m           id_usuario_recibe: dto.id_usuario_recibe,
[7m   [0m [91m                                 ~~~~~~~~~~~~~~~~~[0m

[96msrc/transferencias/transferencias.service.ts[0m:[93m249[0m:[93m29[0m - [91merror[0m[90m TS2339: [0mProperty 'id_usuario_recibe' does not exist on type 'RecibirTransferenciaDto'.

[7m249[0m             id_usuario: dto.id_usuario_recibe,
[7m   [0m [91m                            ~~~~~~~~~~~~~~~~~[0m

[[90m2:04:38[0m] Found 2 errors. Watching for file changes.

[2J[3J[H[[90m2:04:40[0m] File change detected. Starting incremental compilation...

[96msrc/transferencias/transferencias.controller.ts[0m:[93m49[0m:[93m39[0m - [91merror[0m[90m TS2554: [0mExpected 2 arguments, but got 1.

[7m49[0m     return this.transferenciasService.recibirTransferencia(dto);
[7m  [0m [91m                                      ~~~~~~~~~~~~~~~~~~~~[0m

  [96msrc/transferencias/transferencias.service.ts[0m:[93m175[0m:[93m60[0m
    [7m175[0m   async recibirTransferencia(dto: RecibirTransferenciaDto, idUsuarioRecibe: number) {
    [7m   [0m [96m                                                           ~~~~~~~~~~~~~~~~~~~~~~~[0m
    An argument for 'idUsuarioRecibe' was not provided.

[96msrc/transferencias/transferencias.service.ts[0m:[93m203[0m:[93m34[0m - [91merror[0m[90m TS2339: [0mProperty 'id_usuario_recibe' does not exist on type 'RecibirTransferenciaDto'.

[7m203[0m           id_usuario_recibe: dto.id_usuario_recibe,
[7m   [0m [91m                                 ~~~~~~~~~~~~~~~~~[0m

[96msrc/transferencias/transferencias.service.ts[0m:[93m249[0m:[93m29[0m - [91merror[0m[90m TS2339: [0mProperty 'id_usuario_recibe' does not exist on type 'RecibirTransferenciaDto'.

[7m249[0m             id_usuario: dto.id_usuario_recibe,
[7m   [0m [91m                            ~~~~~~~~~~~~~~~~~[0m

[[90m2:04:41[0m] Found 3 errors. Watching for file changes.

[2J[3J[H[[90m2:04:44[0m] File change detected. Starting incremental compilation...

[96msrc/transferencias/transferencias.controller.ts[0m:[93m49[0m:[93m39[0m - [91merror[0m[90m TS2554: [0mExpected 2 arguments, but got 1.

[7m49[0m     return this.transferenciasService.recibirTransferencia(dto);
[7m  [0m [91m                                      ~~~~~~~~~~~~~~~~~~~~[0m

  [96msrc/transferencias/transferencias.service.ts[0m:[93m175[0m:[93m60[0m
    [7m175[0m   async recibirTransferencia(dto: RecibirTransferenciaDto, idUsuarioRecibe: number) {
    [7m   [0m [96m                                                           ~~~~~~~~~~~~~~~~~~~~~~~[0m
    An argument for 'idUsuarioRecibe' was not provided.

[[90m2:04:44[0m] Found 1 error. Watching for file changes.

[2J[3J[H[[90m2:04:48[0m] File change detected. Starting incremental compilation...

[[90m2:04:49[0m] Found 0 errors. Watching for file changes.

[32m[Nest] 38668  - [39m30/04/2026, 2:04:51 [32m    LOG[39m [38;5;3m[NestFactory] [39m[32mStarting Nest application...[39m
[32m[Nest] 38668  - [39m30/04/2026, 2:04:51 [32m    LOG[39m [38;5;3m[InstanceLoader] [39m[32mPrismaModule dependencies initialized[39m[38;5;3m +32ms[39m
[32m[Nest] 38668  - [39m30/04/2026, 2:04:51 [32m    LOG[39m [38;5;3m[InstanceLoader] [39m[32mPassportModule dependencies initialized[39m[38;5;3m +1ms[39m
[32m[Nest] 38668  - [39m30/04/2026, 2:04:51 [32m    LOG[39m [38;5;3m[InstanceLoader] [39m[32mJwtModule dependencies initialized[39m[38;5;3m +4ms[39m
[32m[Nest] 38668  - [39m30/04/2026, 2:04:51 [32m    LOG[39m [38;5;3m[InstanceLoader] [39m[32mDiscoveryModule dependencies initialized[39m[38;5;3m +1ms[39m
[32m[Nest] 38668  - [39m30/04/2026, 2:04:51 [32m    LOG[39m [38;5;3m[InstanceLoader] [39m[32mAppModule dependencies initialized[39m[38;5;3m +2ms[39m
[32m[Nest] 38668  - [39m30/04/2026, 2:04:51 [32m    LOG[39m [38;5;3m[InstanceLoader] [39m[32mScheduleModule dependencies initialized[39m[38;5;3m +0ms[39m
[32m[Nest] 38668  - [39m30/04/2026, 2:04:51 [32m    LOG[39m [38;5;3m[InstanceLoader] [39m[32mAuthModule dependencies initialized[39m[38;5;3m +1ms[39m
[32m[Nest] 38668  - [39m30/04/2026, 2:04:51 [32m    LOG[39m [38;5;3m[InstanceLoader] [39m[32mUsuariosModule dependencies initialized[39m[38;5;3m +1ms[39m
[32m[Nest] 38668  - [39m30/04/2026, 2:04:51 [32m    LOG[39m [38;5;3m[InstanceLoader] [39m[32mProductosModule dependencies initialized[39m[38;5;3m +0ms[39m
[32m[Nest] 38668  - [39m30/04/2026, 2:04:51 [32m    LOG[39m [38;5;3m[InstanceLoader] [39m[32mKitsModule dependencies initialized[39m[38;5;3m +0ms[39m
[32m[Nest] 38668  - [39m30/04/2026, 2:04:51 [32m    LOG[39m [38;5;3m[InstanceLoader] [39m[32mLotesModule dependencies initialized[39m[38;5;3m +0ms[39m
[32m[Nest] 38668  - [39m30/04/2026, 2:04:51 [32m    LOG[39m [38;5;3m[InstanceLoader] [39m[32mMovimientosModule dependencies initialized[39m[38;5;3m +0ms[39m
[32m[Nest] 38668  - [39m30/04/2026, 2:04:51 [32m    LOG[39m [38;5;3m[InstanceLoader] [39m[32mTransferenciasModule dependencies initialized[39m[38;5;3m +0ms[39m
[32m[Nest] 38668  - [39m30/04/2026, 2:04:51 [32m    LOG[39m [38;5;3m[InstanceLoader] [39m[32mNotificacionesModule dependencies initialized[39m[38;5;3m +0ms[39m
[32m[Nest] 38668  - [39m30/04/2026, 2:04:51 [32m    LOG[39m [38;5;3m[InstanceLoader] [39m[32mAnaliticaModule dependencies initialized[39m[38;5;3m +0ms[39m
[32m[Nest] 38668  - [39m30/04/2026, 2:04:51 [32m    LOG[39m [38;5;3m[RoutesResolver] [39m[32mAppController {/}:[39m[38;5;3m +45ms[39m
[32m[Nest] 38668  - [39m30/04/2026, 2:04:51 [32m    LOG[39m [38;5;3m[RouterExplorer] [39m[32mMapped {/, GET} route[39m[38;5;3m +2ms[39m
[32m[Nest] 38668  - [39m30/04/2026, 2:04:51 [32m    LOG[39m [38;5;3m[RoutesResolver] [39m[32mAuthController {/auth}:[39m[38;5;3m +0ms[39m
[32m[Nest] 38668  - [39m30/04/2026, 2:04:51 [32m    LOG[39m [38;5;3m[RouterExplorer] [39m[32mMapped {/auth/login, POST} route[39m[38;5;3m +1ms[39m
[32m[Nest] 38668  - [39m30/04/2026, 2:04:51 [32m    LOG[39m [38;5;3m[RoutesResolver] [39m[32mUsuariosController {/usuarios}:[39m[38;5;3m +0ms[39m
[32m[Nest] 38668  - [39m30/04/2026, 2:04:51 [32m    LOG[39m [38;5;3m[RouterExplorer] [39m[32mMapped {/usuarios, POST} route[39m[38;5;3m +1ms[39m
[32m[Nest] 38668  - [39m30/04/2026, 2:04:51 [32m    LOG[39m [38;5;3m[RouterExplorer] [39m[32mMapped {/usuarios, GET} route[39m[38;5;3m +1ms[39m
[32m[Nest] 38668  - [39m30/04/2026, 2:04:51 [32m    LOG[39m [38;5;3m[RouterExplorer] [39m[32mMapped {/usuarios/:id, GET} route[39m[38;5;3m +1ms[39m
[32m[Nest] 38668  - [39m30/04/2026, 2:04:51 [32m    LOG[39m [38;5;3m[RoutesResolver] [39m[32mProductosController {/productos}:[39m[38;5;3m +0ms[39m
[32m[Nest] 38668  - [39m30/04/2026, 2:04:51 [32m    LOG[39m [38;5;3m[RouterExplorer] [39m[32mMapped {/productos/inventario, GET} route[39m[38;5;3m +0ms[39m
[32m[Nest] 38668  - [39m30/04/2026, 2:04:51 [32m    LOG[39m [38;5;3m[RouterExplorer] [39m[32mMapped {/productos, GET} route[39m[38;5;3m +1ms[39m
[32m[Nest] 38668  - [39m30/04/2026, 2:04:51 [32m    LOG[39m [38;5;3m[RouterExplorer] [39m[32mMapped {/productos/:id, GET} route[39m[38;5;3m +0ms[39m
[32m[Nest] 38668  - [39m30/04/2026, 2:04:51 [32m    LOG[39m [38;5;3m[RouterExplorer] [39m[32mMapped {/productos, POST} route[39m[38;5;3m +1ms[39m
[32m[Nest] 38668  - [39m30/04/2026, 2:04:51 [32m    LOG[39m [38;5;3m[RouterExplorer] [39m[32mMapped {/productos/:id, PATCH} route[39m[38;5;3m +1ms[39m
[32m[Nest] 38668  - [39m30/04/2026, 2:04:51 [32m    LOG[39m [38;5;3m[RouterExplorer] [39m[32mMapped {/productos/:id, DELETE} route[39m[38;5;3m +0ms[39m
[32m[Nest] 38668  - [39m30/04/2026, 2:04:51 [32m    LOG[39m [38;5;3m[RoutesResolver] [39m[32mKitsController {/kits}:[39m[38;5;3m +0ms[39m
[32m[Nest] 38668  - [39m30/04/2026, 2:04:51 [32m    LOG[39m [38;5;3m[RouterExplorer] [39m[32mMapped {/kits, GET} route[39m[38;5;3m +0ms[39m
[32m[Nest] 38668  - [39m30/04/2026, 2:04:51 [32m    LOG[39m [38;5;3m[RouterExplorer] [39m[32mMapped {/kits/:id, GET} route[39m[38;5;3m +1ms[39m
[32m[Nest] 38668  - [39m30/04/2026, 2:04:51 [32m    LOG[39m [38;5;3m[RouterExplorer] [39m[32mMapped {/kits, POST} route[39m[38;5;3m +0ms[39m
[32m[Nest] 38668  - [39m30/04/2026, 2:04:51 [32m    LOG[39m [38;5;3m[RouterExplorer] [39m[32mMapped {/kits/:id, DELETE} route[39m[38;5;3m +4ms[39m
[32m[Nest] 38668  - [39m30/04/2026, 2:04:51 [32m    LOG[39m [38;5;3m[RoutesResolver] [39m[32mLotesController {/lotes}:[39m[38;5;3m +0ms[39m
[32m[Nest] 38668  - [39m30/04/2026, 2:04:51 [32m    LOG[39m [38;5;3m[RouterExplorer] [39m[32mMapped {/lotes, POST} route[39m[38;5;3m +1ms[39m
[32m[Nest] 38668  - [39m30/04/2026, 2:04:51 [32m    LOG[39m [38;5;3m[RouterExplorer] [39m[32mMapped {/lotes/producto/:id_producto, GET} route[39m[38;5;3m +0ms[39m
[32m[Nest] 38668  - [39m30/04/2026, 2:04:51 [32m    LOG[39m [38;5;3m[RoutesResolver] [39m[32mMovimientosController {/movimientos}:[39m[38;5;3m +0ms[39m
[32m[Nest] 38668  - [39m30/04/2026, 2:04:51 [32m    LOG[39m [38;5;3m[RouterExplorer] [39m[32mMapped {/movimientos, GET} route[39m[38;5;3m +0ms[39m
[32m[Nest] 38668  - [39m30/04/2026, 2:04:51 [32m    LOG[39m [38;5;3m[RouterExplorer] [39m[32mMapped {/movimientos/despachar-kit, POST} route[39m[38;5;3m +0ms[39m
[32m[Nest] 38668  - [39m30/04/2026, 2:04:51 [32m    LOG[39m [38;5;3m[RoutesResolver] [39m[32mTransferenciasController {/transferencias}:[39m[38;5;3m +1ms[39m
[32m[Nest] 38668  - [39m30/04/2026, 2:04:51 [32m    LOG[39m [38;5;3m[RouterExplorer] [39m[32mMapped {/transferencias, GET} route[39m[38;5;3m +0ms[39m
[32m[Nest] 38668  - [39m30/04/2026, 2:04:51 [32m    LOG[39m [38;5;3m[RouterExplorer] [39m[32mMapped {/transferencias/:id, GET} route[39m[38;5;3m +0ms[39m
[32m[Nest] 38668  - [39m30/04/2026, 2:04:51 [32m    LOG[39m [38;5;3m[RouterExplorer] [39m[32mMapped {/transferencias/enviar, POST} route[39m[38;5;3m +0ms[39m
[32m[Nest] 38668  - [39m30/04/2026, 2:04:51 [32m    LOG[39m [38;5;3m[RouterExplorer] [39m[32mMapped {/transferencias/recibir, POST} route[39m[38;5;3m +1ms[39m
[32m[Nest] 38668  - [39m30/04/2026, 2:04:51 [32m    LOG[39m [38;5;3m[RoutesResolver] [39m[32mNotificacionesController {/notificaciones}:[39m[38;5;3m +0ms[39m
[32m[Nest] 38668  - [39m30/04/2026, 2:04:51 [32m    LOG[39m [38;5;3m[RouterExplorer] [39m[32mMapped {/notificaciones/revisar, POST} route[39m[38;5;3m +0ms[39m
[32m[Nest] 38668  - [39m30/04/2026, 2:04:51 [32m    LOG[39m [38;5;3m[RoutesResolver] [39m[32mAnaliticaController {/analitica}:[39m[38;5;3m +0ms[39m
[32m[Nest] 38668  - [39m30/04/2026, 2:04:51 [32m    LOG[39m [38;5;3m[RouterExplorer] [39m[32mMapped {/analitica/entrenar/:id_sucursal, GET} route[39m[38;5;3m +0ms[39m
[32m[Nest] 38668  - [39m30/04/2026, 2:04:51 [32m    LOG[39m [38;5;3m[RouterExplorer] [39m[32mMapped {/analitica/prediccion/:id_sucursal, GET} route[39m[38;5;3m +1ms[39m
[32m[Nest] 38668  - [39m30/04/2026, 2:04:51 [32m    LOG[39m [38;5;3m[NestApplication] [39m[32mNest application successfully started[39m[38;5;3m +73ms[39m
[2J[3J[H[[90m2:04:53[0m] File change detected. Starting incremental compilation...

[[90m2:04:53[0m] Found 0 errors. Watching for file changes.

[32m[Nest] 24864  - [39m30/04/2026, 2:04:55 [32m    LOG[39m [38;5;3m[NestFactory] [39m[32mStarting Nest application...[39m
[32m[Nest] 24864  - [39m30/04/2026, 2:04:56 [32m    LOG[39m [38;5;3m[InstanceLoader] [39m[32mPrismaModule dependencies initialized[39m[38;5;3m +37ms[39m
[32m[Nest] 24864  - [39m30/04/2026, 2:04:56 [32m    LOG[39m [38;5;3m[InstanceLoader] [39m[32mPassportModule dependencies initialized[39m[38;5;3m +0ms[39m
[32m[Nest] 24864  - [39m30/04/2026, 2:04:56 [32m    LOG[39m [38;5;3m[InstanceLoader] [39m[32mJwtModule dependencies initialized[39m[38;5;3m +4ms[39m
[32m[Nest] 24864  - [39m30/04/2026, 2:04:56 [32m    LOG[39m [38;5;3m[InstanceLoader] [39m[32mDiscoveryModule dependencies initialized[39m[38;5;3m +0ms[39m
[32m[Nest] 24864  - [39m30/04/2026, 2:04:56 [32m    LOG[39m [38;5;3m[InstanceLoader] [39m[32mAppModule dependencies initialized[39m[38;5;3m +2ms[39m
[32m[Nest] 24864  - [39m30/04/2026, 2:04:56 [32m    LOG[39m [38;5;3m[InstanceLoader] [39m[32mScheduleModule dependencies initialized[39m[38;5;3m +0ms[39m
[32m[Nest] 24864  - [39m30/04/2026, 2:04:56 [32m    LOG[39m [38;5;3m[InstanceLoader] [39m[32mAuthModule dependencies initialized[39m[38;5;3m +1ms[39m
[32m[Nest] 24864  - [39m30/04/2026, 2:04:56 [32m    LOG[39m [38;5;3m[InstanceLoader] [39m[32mUsuariosModule dependencies initialized[39m[38;5;3m +0ms[39m
[32m[Nest] 24864  - [39m30/04/2026, 2:04:56 [32m    LOG[39m [38;5;3m[InstanceLoader] [39m[32mProductosModule dependencies initialized[39m[38;5;3m +0ms[39m
[32m[Nest] 24864  - [39m30/04/2026, 2:04:56 [32m    LOG[39m [38;5;3m[InstanceLoader] [39m[32mKitsModule dependencies initialized[39m[38;5;3m +1ms[39m
[32m[Nest] 24864  - [39m30/04/2026, 2:04:56 [32m    LOG[39m [38;5;3m[InstanceLoader] [39m[32mLotesModule dependencies initialized[39m[38;5;3m +0ms[39m
[32m[Nest] 24864  - [39m30/04/2026, 2:04:56 [32m    LOG[39m [38;5;3m[InstanceLoader] [39m[32mMovimientosModule dependencies initialized[39m[38;5;3m +0ms[39m
[32m[Nest] 24864  - [39m30/04/2026, 2:04:56 [32m    LOG[39m [38;5;3m[InstanceLoader] [39m[32mTransferenciasModule dependencies initialized[39m[38;5;3m +0ms[39m
[32m[Nest] 24864  - [39m30/04/2026, 2:04:56 [32m    LOG[39m [38;5;3m[InstanceLoader] [39m[32mNotificacionesModule dependencies initialized[39m[38;5;3m +0ms[39m
[32m[Nest] 24864  - [39m30/04/2026, 2:04:56 [32m    LOG[39m [38;5;3m[InstanceLoader] [39m[32mAnaliticaModule dependencies initialized[39m[38;5;3m +0ms[39m
[32m[Nest] 24864  - [39m30/04/2026, 2:04:56 [32m    LOG[39m [38;5;3m[RoutesResolver] [39m[32mAppController {/}:[39m[38;5;3m +49ms[39m
[32m[Nest] 24864  - [39m30/04/2026, 2:04:56 [32m    LOG[39m [38;5;3m[RouterExplorer] [39m[32mMapped {/, GET} route[39m[38;5;3m +3ms[39m
[32m[Nest] 24864  - [39m30/04/2026, 2:04:56 [32m    LOG[39m [38;5;3m[RoutesResolver] [39m[32mAuthController {/auth}:[39m[38;5;3m +0ms[39m
[32m[Nest] 24864  - [39m30/04/2026, 2:04:56 [32m    LOG[39m [38;5;3m[RouterExplorer] [39m[32mMapped {/auth/login, POST} route[39m[38;5;3m +1ms[39m
[32m[Nest] 24864  - [39m30/04/2026, 2:04:56 [32m    LOG[39m [38;5;3m[RoutesResolver] [39m[32mUsuariosController {/usuarios}:[39m[38;5;3m +0ms[39m
[32m[Nest] 24864  - [39m30/04/2026, 2:04:56 [32m    LOG[39m [38;5;3m[RouterExplorer] [39m[32mMapped {/usuarios, POST} route[39m[38;5;3m +0ms[39m
[32m[Nest] 24864  - [39m30/04/2026, 2:04:56 [32m    LOG[39m [38;5;3m[RouterExplorer] [39m[32mMapped {/usuarios, GET} route[39m[38;5;3m +1ms[39m
[32m[Nest] 24864  - [39m30/04/2026, 2:04:56 [32m    LOG[39m [38;5;3m[RouterExplorer] [39m[32mMapped {/usuarios/:id, GET} route[39m[38;5;3m +1ms[39m
[32m[Nest] 24864  - [39m30/04/2026, 2:04:56 [32m    LOG[39m [38;5;3m[RoutesResolver] [39m[32mProductosController {/productos}:[39m[38;5;3m +0ms[39m
[32m[Nest] 24864  - [39m30/04/2026, 2:04:56 [32m    LOG[39m [38;5;3m[RouterExplorer] [39m[32mMapped {/productos/inventario, GET} route[39m[38;5;3m +1ms[39m
[32m[Nest] 24864  - [39m30/04/2026, 2:04:56 [32m    LOG[39m [38;5;3m[RouterExplorer] [39m[32mMapped {/productos, GET} route[39m[38;5;3m +0ms[39m
[32m[Nest] 24864  - [39m30/04/2026, 2:04:56 [32m    LOG[39m [38;5;3m[RouterExplorer] [39m[32mMapped {/productos/:id, GET} route[39m[38;5;3m +0ms[39m
[32m[Nest] 24864  - [39m30/04/2026, 2:04:56 [32m    LOG[39m [38;5;3m[RouterExplorer] [39m[32mMapped {/productos, POST} route[39m[38;5;3m +1ms[39m
[32m[Nest] 24864  - [39m30/04/2026, 2:04:56 [32m    LOG[39m [38;5;3m[RouterExplorer] [39m[32mMapped {/productos/:id, PATCH} route[39m[38;5;3m +1ms[39m
[32m[Nest] 24864  - [39m30/04/2026, 2:04:56 [32m    LOG[39m [38;5;3m[RouterExplorer] [39m[32mMapped {/productos/:id, DELETE} route[39m[38;5;3m +0ms[39m
[32m[Nest] 24864  - [39m30/04/2026, 2:04:56 [32m    LOG[39m [38;5;3m[RoutesResolver] [39m[32mKitsController {/kits}:[39m[38;5;3m +0ms[39m
[32m[Nest] 24864  - [39m30/04/2026, 2:04:56 [32m    LOG[39m [38;5;3m[RouterExplorer] [39m[32mMapped {/kits, GET} route[39m[38;5;3m +1ms[39m
[32m[Nest] 24864  - [39m30/04/2026, 2:04:56 [32m    LOG[39m [38;5;3m[RouterExplorer] [39m[32mMapped {/kits/:id, GET} route[39m[38;5;3m +0ms[39m
[32m[Nest] 24864  - [39m30/04/2026, 2:04:56 [32m    LOG[39m [38;5;3m[RouterExplorer] [39m[32mMapped {/kits, POST} route[39m[38;5;3m +0ms[39m
[32m[Nest] 24864  - [39m30/04/2026, 2:04:56 [32m    LOG[39m [38;5;3m[RouterExplorer] [39m[32mMapped {/kits/:id, DELETE} route[39m[38;5;3m +1ms[39m
[32m[Nest] 24864  - [39m30/04/2026, 2:04:56 [32m    LOG[39m [38;5;3m[RoutesResolver] [39m[32mLotesController {/lotes}:[39m[38;5;3m +0ms[39m
[32m[Nest] 24864  - [39m30/04/2026, 2:04:56 [32m    LOG[39m [38;5;3m[RouterExplorer] [39m[32mMapped {/lotes, POST} route[39m[38;5;3m +3ms[39m
[32m[Nest] 24864  - [39m30/04/2026, 2:04:56 [32m    LOG[39m [38;5;3m[RouterExplorer] [39m[32mMapped {/lotes/producto/:id_producto, GET} route[39m[38;5;3m +0ms[39m
[32m[Nest] 24864  - [39m30/04/2026, 2:04:56 [32m    LOG[39m [38;5;3m[RoutesResolver] [39m[32mMovimientosController {/movimientos}:[39m[38;5;3m +0ms[39m
[32m[Nest] 24864  - [39m30/04/2026, 2:04:56 [32m    LOG[39m [38;5;3m[RouterExplorer] [39m[32mMapped {/movimientos, GET} route[39m[38;5;3m +0ms[39m
[32m[Nest] 24864  - [39m30/04/2026, 2:04:56 [32m    LOG[39m [38;5;3m[RouterExplorer] [39m[32mMapped {/movimientos/despachar-kit, POST} route[39m[38;5;3m +0ms[39m
[32m[Nest] 24864  - [39m30/04/2026, 2:04:56 [32m    LOG[39m [38;5;3m[RoutesResolver] [39m[32mTransferenciasController {/transferencias}:[39m[38;5;3m +0ms[39m
[32m[Nest] 24864  - [39m30/04/2026, 2:04:56 [32m    LOG[39m [38;5;3m[RouterExplorer] [39m[32mMapped {/transferencias, GET} route[39m[38;5;3m +0ms[39m
[32m[Nest] 24864  - [39m30/04/2026, 2:04:56 [32m    LOG[39m [38;5;3m[RouterExplorer] [39m[32mMapped {/transferencias/:id, GET} route[39m[38;5;3m +1ms[39m
[32m[Nest] 24864  - [39m30/04/2026, 2:04:56 [32m    LOG[39m [38;5;3m[RouterExplorer] [39m[32mMapped {/transferencias/enviar, POST} route[39m[38;5;3m +0ms[39m
[32m[Nest] 24864  - [39m30/04/2026, 2:04:56 [32m    LOG[39m [38;5;3m[RouterExplorer] [39m[32mMapped {/transferencias/recibir, POST} route[39m[38;5;3m +0ms[39m
[32m[Nest] 24864  - [39m30/04/2026, 2:04:56 [32m    LOG[39m [38;5;3m[RoutesResolver] [39m[32mNotificacionesController {/notificaciones}:[39m[38;5;3m +0ms[39m
[32m[Nest] 24864  - [39m30/04/2026, 2:04:56 [32m    LOG[39m [38;5;3m[RouterExplorer] [39m[32mMapped {/notificaciones/revisar, POST} route[39m[38;5;3m +0ms[39m
[32m[Nest] 24864  - [39m30/04/2026, 2:04:56 [32m    LOG[39m [38;5;3m[RoutesResolver] [39m[32mAnaliticaController {/analitica}:[39m[38;5;3m +0ms[39m
[32m[Nest] 24864  - [39m30/04/2026, 2:04:56 [32m    LOG[39m [38;5;3m[RouterExplorer] [39m[32mMapped {/analitica/entrenar/:id_sucursal, GET} route[39m[38;5;3m +1ms[39m
[32m[Nest] 24864  - [39m30/04/2026, 2:04:56 [32m    LOG[39m [38;5;3m[RouterExplorer] [39m[32mMapped {/analitica/prediccion/:id_sucursal, GET} route[39m[38;5;3m +0ms[39m
[32m[Nest] 24864  - [39m30/04/2026, 2:04:56 [32m    LOG[39m [38;5;3m[NestApplication] [39m[32mNest application successfully started[39m[38;5;3m +64ms[39m
[31m[Nest] 24864  - [39m30/04/2026, 2:04:56 [31m  ERROR[39m [38;5;3m[NestApplication] [39m[31mError: listen EADDRINUSE: address already in use :::3000[39m[38;5;3m +2ms[39m
node:internal/errors:491
    ErrorCaptureStackTrace(err);
    ^

Error: listen EADDRINUSE: address already in use :::3000
    at __node_internal_captureLargerStackTrace (node:internal/errors:491:5)
    at __node_internal_uvExceptionWithHostPort (node:internal/errors:590:12)
    at Server.setupListenHandle [as _listen2] (node:net:1733:16)
    at listenInCluster (node:net:1781:12)
    at Server.listen (node:net:1869:7)
    at ExpressAdapter.listen (C:\Users\Crist\Desktop\ProyectoCedent\cendent-backend\node_modules\@nestjs\platform-express\adapters\express-adapter.js:115:32)
    at C:\Users\Crist\Desktop\ProyectoCedent\cendent-backend\node_modules\@nestjs\core\nest-application.js:188:30
    at new Promise (<anonymous>)
    at NestApplication.listen (C:\Users\Crist\Desktop\ProyectoCedent\cendent-backend\node_modules\@nestjs\core\nest-application.js:178:16)
    at bootstrap (C:\Users\Crist\Desktop\ProyectoCedent\cendent-backend\src\main.ts:27:3) {
  code: 'EADDRINUSE',
  errno: -4091,
  syscall: 'listen',
  address: '::',
  port: 3000
}

Node.js v18.13.0
[2J[3J[H[[90m2:37:06[0m] File change detected. Starting incremental compilation...

[[90m2:37:07[0m] Found 0 errors. Watching for file changes.

[32m[Nest] 24112  - [39m30/04/2026, 2:37:09 [32m    LOG[39m [38;5;3m[NestFactory] [39m[32mStarting Nest application...[39m
[32m[Nest] 24112  - [39m30/04/2026, 2:37:09 [32m    LOG[39m [38;5;3m[InstanceLoader] [39m[32mPrismaModule dependencies initialized[39m[38;5;3m +27ms[39m
[32m[Nest] 24112  - [39m30/04/2026, 2:37:09 [32m    LOG[39m [38;5;3m[InstanceLoader] [39m[32mPassportModule dependencies initialized[39m[38;5;3m +0ms[39m
[32m[Nest] 24112  - [39m30/04/2026, 2:37:09 [32m    LOG[39m [38;5;3m[InstanceLoader] [39m[32mJwtModule dependencies initialized[39m[38;5;3m +4ms[39m
[32m[Nest] 24112  - [39m30/04/2026, 2:37:09 [32m    LOG[39m [38;5;3m[InstanceLoader] [39m[32mDiscoveryModule dependencies initialized[39m[38;5;3m +0ms[39m
[32m[Nest] 24112  - [39m30/04/2026, 2:37:09 [32m    LOG[39m [38;5;3m[InstanceLoader] [39m[32mAppModule dependencies initialized[39m[38;5;3m +2ms[39m
[32m[Nest] 24112  - [39m30/04/2026, 2:37:09 [32m    LOG[39m [38;5;3m[InstanceLoader] [39m[32mScheduleModule dependencies initialized[39m[38;5;3m +0ms[39m
[32m[Nest] 24112  - [39m30/04/2026, 2:37:09 [32m    LOG[39m [38;5;3m[InstanceLoader] [39m[32mAuthModule dependencies initialized[39m[38;5;3m +1ms[39m
[32m[Nest] 24112  - [39m30/04/2026, 2:37:09 [32m    LOG[39m [38;5;3m[InstanceLoader] [39m[32mUsuariosModule dependencies initialized[39m[38;5;3m +1ms[39m
[32m[Nest] 24112  - [39m30/04/2026, 2:37:09 [32m    LOG[39m [38;5;3m[InstanceLoader] [39m[32mProductosModule dependencies initialized[39m[38;5;3m +0ms[39m
[32m[Nest] 24112  - [39m30/04/2026, 2:37:09 [32m    LOG[39m [38;5;3m[InstanceLoader] [39m[32mKitsModule dependencies initialized[39m[38;5;3m +0ms[39m
[32m[Nest] 24112  - [39m30/04/2026, 2:37:09 [32m    LOG[39m [38;5;3m[InstanceLoader] [39m[32mLotesModule dependencies initialized[39m[38;5;3m +0ms[39m
[32m[Nest] 24112  - [39m30/04/2026, 2:37:09 [32m    LOG[39m [38;5;3m[InstanceLoader] [39m[32mMovimientosModule dependencies initialized[39m[38;5;3m +0ms[39m
[32m[Nest] 24112  - [39m30/04/2026, 2:37:09 [32m    LOG[39m [38;5;3m[InstanceLoader] [39m[32mTransferenciasModule dependencies initialized[39m[38;5;3m +1ms[39m
[32m[Nest] 24112  - [39m30/04/2026, 2:37:09 [32m    LOG[39m [38;5;3m[InstanceLoader] [39m[32mNotificacionesModule dependencies initialized[39m[38;5;3m +0ms[39m
[32m[Nest] 24112  - [39m30/04/2026, 2:37:09 [32m    LOG[39m [38;5;3m[InstanceLoader] [39m[32mAnaliticaModule dependencies initialized[39m[38;5;3m +0ms[39m
[32m[Nest] 24112  - [39m30/04/2026, 2:37:09 [32m    LOG[39m [38;5;3m[RoutesResolver] [39m[32mAppController {/}:[39m[38;5;3m +55ms[39m
[32m[Nest] 24112  - [39m30/04/2026, 2:37:09 [32m    LOG[39m [38;5;3m[RouterExplorer] [39m[32mMapped {/, GET} route[39m[38;5;3m +2ms[39m
[32m[Nest] 24112  - [39m30/04/2026, 2:37:09 [32m    LOG[39m [38;5;3m[RoutesResolver] [39m[32mAuthController {/auth}:[39m[38;5;3m +0ms[39m
[32m[Nest] 24112  - [39m30/04/2026, 2:37:09 [32m    LOG[39m [38;5;3m[RouterExplorer] [39m[32mMapped {/auth/login, POST} route[39m[38;5;3m +1ms[39m
[32m[Nest] 24112  - [39m30/04/2026, 2:37:09 [32m    LOG[39m [38;5;3m[RoutesResolver] [39m[32mUsuariosController {/usuarios}:[39m[38;5;3m +0ms[39m
[32m[Nest] 24112  - [39m30/04/2026, 2:37:09 [32m    LOG[39m [38;5;3m[RouterExplorer] [39m[32mMapped {/usuarios, POST} route[39m[38;5;3m +1ms[39m
[32m[Nest] 24112  - [39m30/04/2026, 2:37:09 [32m    LOG[39m [38;5;3m[RouterExplorer] [39m[32mMapped {/usuarios, GET} route[39m[38;5;3m +0ms[39m
[32m[Nest] 24112  - [39m30/04/2026, 2:37:09 [32m    LOG[39m [38;5;3m[RouterExplorer] [39m[32mMapped {/usuarios/:id, GET} route[39m[38;5;3m +0ms[39m
[32m[Nest] 24112  - [39m30/04/2026, 2:37:09 [32m    LOG[39m [38;5;3m[RoutesResolver] [39m[32mProductosController {/productos}:[39m[38;5;3m +1ms[39m
[32m[Nest] 24112  - [39m30/04/2026, 2:37:09 [32m    LOG[39m [38;5;3m[RouterExplorer] [39m[32mMapped {/productos/inventario, GET} route[39m[38;5;3m +0ms[39m
[32m[Nest] 24112  - [39m30/04/2026, 2:37:09 [32m    LOG[39m [38;5;3m[RouterExplorer] [39m[32mMapped {/productos, GET} route[39m[38;5;3m +0ms[39m
[32m[Nest] 24112  - [39m30/04/2026, 2:37:09 [32m    LOG[39m [38;5;3m[RouterExplorer] [39m[32mMapped {/productos/:id, GET} route[39m[38;5;3m +1ms[39m
[32m[Nest] 24112  - [39m30/04/2026, 2:37:09 [32m    LOG[39m [38;5;3m[RouterExplorer] [39m[32mMapped {/productos, POST} route[39m[38;5;3m +0ms[39m
[32m[Nest] 24112  - [39m30/04/2026, 2:37:09 [32m    LOG[39m [38;5;3m[RouterExplorer] [39m[32mMapped {/productos/:id, PATCH} route[39m[38;5;3m +0ms[39m
[32m[Nest] 24112  - [39m30/04/2026, 2:37:09 [32m    LOG[39m [38;5;3m[RouterExplorer] [39m[32mMapped {/productos/:id, DELETE} route[39m[38;5;3m +1ms[39m
[32m[Nest] 24112  - [39m30/04/2026, 2:37:09 [32m    LOG[39m [38;5;3m[RoutesResolver] [39m[32mKitsController {/kits}:[39m[38;5;3m +0ms[39m
[32m[Nest] 24112  - [39m30/04/2026, 2:37:09 [32m    LOG[39m [38;5;3m[RouterExplorer] [39m[32mMapped {/kits, GET} route[39m[38;5;3m +0ms[39m
[32m[Nest] 24112  - [39m30/04/2026, 2:37:09 [32m    LOG[39m [38;5;3m[RouterExplorer] [39m[32mMapped {/kits/:id, GET} route[39m[38;5;3m +0ms[39m
[32m[Nest] 24112  - [39m30/04/2026, 2:37:09 [32m    LOG[39m [38;5;3m[RouterExplorer] [39m[32mMapped {/kits, POST} route[39m[38;5;3m +1ms[39m
[32m[Nest] 24112  - [39m30/04/2026, 2:37:09 [32m    LOG[39m [38;5;3m[RouterExplorer] [39m[32mMapped {/kits/:id, DELETE} route[39m[38;5;3m +3ms[39m
[32m[Nest] 24112  - [39m30/04/2026, 2:37:09 [32m    LOG[39m [38;5;3m[RoutesResolver] [39m[32mLotesController {/lotes}:[39m[38;5;3m +0ms[39m
[32m[Nest] 24112  - [39m30/04/2026, 2:37:09 [32m    LOG[39m [38;5;3m[RouterExplorer] [39m[32mMapped {/lotes, POST} route[39m[38;5;3m +0ms[39m
[32m[Nest] 24112  - [39m30/04/2026, 2:37:09 [32m    LOG[39m [38;5;3m[RouterExplorer] [39m[32mMapped {/lotes/producto/:id_producto, GET} route[39m[38;5;3m +0ms[39m
[32m[Nest] 24112  - [39m30/04/2026, 2:37:09 [32m    LOG[39m [38;5;3m[RoutesResolver] [39m[32mMovimientosController {/movimientos}:[39m[38;5;3m +1ms[39m
[32m[Nest] 24112  - [39m30/04/2026, 2:37:09 [32m    LOG[39m [38;5;3m[RouterExplorer] [39m[32mMapped {/movimientos, GET} route[39m[38;5;3m +0ms[39m
[32m[Nest] 24112  - [39m30/04/2026, 2:37:09 [32m    LOG[39m [38;5;3m[RouterExplorer] [39m[32mMapped {/movimientos/despachar-kit, POST} route[39m[38;5;3m +0ms[39m
[32m[Nest] 24112  - [39m30/04/2026, 2:37:09 [32m    LOG[39m [38;5;3m[RoutesResolver] [39m[32mTransferenciasController {/transferencias}:[39m[38;5;3m +0ms[39m
[32m[Nest] 24112  - [39m30/04/2026, 2:37:09 [32m    LOG[39m [38;5;3m[RouterExplorer] [39m[32mMapped {/transferencias, GET} route[39m[38;5;3m +0ms[39m
[32m[Nest] 24112  - [39m30/04/2026, 2:37:09 [32m    LOG[39m [38;5;3m[RouterExplorer] [39m[32mMapped {/transferencias/:id, GET} route[39m[38;5;3m +1ms[39m
[32m[Nest] 24112  - [39m30/04/2026, 2:37:09 [32m    LOG[39m [38;5;3m[RouterExplorer] [39m[32mMapped {/transferencias/enviar, POST} route[39m[38;5;3m +0ms[39m
[32m[Nest] 24112  - [39m30/04/2026, 2:37:09 [32m    LOG[39m [38;5;3m[RouterExplorer] [39m[32mMapped {/transferencias/recibir, POST} route[39m[38;5;3m +0ms[39m
[32m[Nest] 24112  - [39m30/04/2026, 2:37:09 [32m    LOG[39m [38;5;3m[RoutesResolver] [39m[32mNotificacionesController {/notificaciones}:[39m[38;5;3m +0ms[39m
[32m[Nest] 24112  - [39m30/04/2026, 2:37:09 [32m    LOG[39m [38;5;3m[RouterExplorer] [39m[32mMapped {/notificaciones/revisar, POST} route[39m[38;5;3m +0ms[39m
[32m[Nest] 24112  - [39m30/04/2026, 2:37:09 [32m    LOG[39m [38;5;3m[RoutesResolver] [39m[32mAnaliticaController {/analitica}:[39m[38;5;3m +0ms[39m
[32m[Nest] 24112  - [39m30/04/2026, 2:37:09 [32m    LOG[39m [38;5;3m[RouterExplorer] [39m[32mMapped {/analitica/entrenar/:id_sucursal, GET} route[39m[38;5;3m +1ms[39m
[32m[Nest] 24112  - [39m30/04/2026, 2:37:09 [32m    LOG[39m [38;5;3m[RouterExplorer] [39m[32mMapped {/analitica/prediccion/:id_sucursal, GET} route[39m[38;5;3m +0ms[39m
[32m[Nest] 24112  - [39m30/04/2026, 2:37:09 [32m    LOG[39m [38;5;3m[NestApplication] [39m[32mNest application successfully started[39m[38;5;3m +64ms[39m
[31m[Nest] 24112  - [39m30/04/2026, 2:37:09 [31m  ERROR[39m [38;5;3m[NestApplication] [39m[31mError: listen EADDRINUSE: address already in use :::3000[39m[38;5;3m +2ms[39m
node:internal/errors:491
    ErrorCaptureStackTrace(err);
    ^

Error: listen EADDRINUSE: address already in use :::3000
    at __node_internal_captureLargerStackTrace (node:internal/errors:491:5)
    at __node_internal_uvExceptionWithHostPort (node:internal/errors:590:12)
    at Server.setupListenHandle [as _listen2] (node:net:1733:16)
    at listenInCluster (node:net:1781:12)
    at Server.listen (node:net:1869:7)
    at ExpressAdapter.listen (C:\Users\Crist\Desktop\ProyectoCedent\cendent-backend\node_modules\@nestjs\platform-express\adapters\express-adapter.js:115:32)
    at C:\Users\Crist\Desktop\ProyectoCedent\cendent-backend\node_modules\@nestjs\core\nest-application.js:188:30
    at new Promise (<anonymous>)
    at NestApplication.listen (C:\Users\Crist\Desktop\ProyectoCedent\cendent-backend\node_modules\@nestjs\core\nest-application.js:178:16)
    at bootstrap (C:\Users\Crist\Desktop\ProyectoCedent\cendent-backend\src\main.ts:27:3) {
  code: 'EADDRINUSE',
  errno: -4091,
  syscall: 'listen',
  address: '::',
  port: 3000
}

Node.js v18.13.0
[2J[3J[H[[90m2:37:11[0m] File change detected. Starting incremental compilation...

[[90m2:37:11[0m] Found 0 errors. Watching for file changes.

[32m[Nest] 11788  - [39m30/04/2026, 2:37:13 [32m    LOG[39m [38;5;3m[NestFactory] [39m[32mStarting Nest application...[39m
[32m[Nest] 11788  - [39m30/04/2026, 2:37:13 [32m    LOG[39m [38;5;3m[InstanceLoader] [39m[32mPrismaModule dependencies initialized[39m[38;5;3m +34ms[39m
[32m[Nest] 11788  - [39m30/04/2026, 2:37:13 [32m    LOG[39m [38;5;3m[InstanceLoader] [39m[32mPassportModule dependencies initialized[39m[38;5;3m +0ms[39m
[32m[Nest] 11788  - [39m30/04/2026, 2:37:13 [32m    LOG[39m [38;5;3m[InstanceLoader] [39m[32mJwtModule dependencies initialized[39m[38;5;3m +3ms[39m
[32m[Nest] 11788  - [39m30/04/2026, 2:37:13 [32m    LOG[39m [38;5;3m[InstanceLoader] [39m[32mDiscoveryModule dependencies initialized[39m[38;5;3m +1ms[39m
[32m[Nest] 11788  - [39m30/04/2026, 2:37:13 [32m    LOG[39m [38;5;3m[InstanceLoader] [39m[32mAppModule dependencies initialized[39m[38;5;3m +1ms[39m
[32m[Nest] 11788  - [39m30/04/2026, 2:37:13 [32m    LOG[39m [38;5;3m[InstanceLoader] [39m[32mScheduleModule dependencies initialized[39m[38;5;3m +1ms[39m
[32m[Nest] 11788  - [39m30/04/2026, 2:37:13 [32m    LOG[39m [38;5;3m[InstanceLoader] [39m[32mAuthModule dependencies initialized[39m[38;5;3m +1ms[39m
[32m[Nest] 11788  - [39m30/04/2026, 2:37:13 [32m    LOG[39m [38;5;3m[InstanceLoader] [39m[32mUsuariosModule dependencies initialized[39m[38;5;3m +0ms[39m
[32m[Nest] 11788  - [39m30/04/2026, 2:37:13 [32m    LOG[39m [38;5;3m[InstanceLoader] [39m[32mProductosModule dependencies initialized[39m[38;5;3m +0ms[39m
[32m[Nest] 11788  - [39m30/04/2026, 2:37:13 [32m    LOG[39m [38;5;3m[InstanceLoader] [39m[32mKitsModule dependencies initialized[39m[38;5;3m +0ms[39m
[32m[Nest] 11788  - [39m30/04/2026, 2:37:13 [32m    LOG[39m [38;5;3m[InstanceLoader] [39m[32mLotesModule dependencies initialized[39m[38;5;3m +0ms[39m
[32m[Nest] 11788  - [39m30/04/2026, 2:37:13 [32m    LOG[39m [38;5;3m[InstanceLoader] [39m[32mMovimientosModule dependencies initialized[39m[38;5;3m +0ms[39m
[32m[Nest] 11788  - [39m30/04/2026, 2:37:13 [32m    LOG[39m [38;5;3m[InstanceLoader] [39m[32mTransferenciasModule dependencies initialized[39m[38;5;3m +0ms[39m
[32m[Nest] 11788  - [39m30/04/2026, 2:37:13 [32m    LOG[39m [38;5;3m[InstanceLoader] [39m[32mNotificacionesModule dependencies initialized[39m[38;5;3m +1ms[39m
[32m[Nest] 11788  - [39m30/04/2026, 2:37:13 [32m    LOG[39m [38;5;3m[InstanceLoader] [39m[32mAnaliticaModule dependencies initialized[39m[38;5;3m +0ms[39m
[32m[Nest] 11788  - [39m30/04/2026, 2:37:13 [32m    LOG[39m [38;5;3m[RoutesResolver] [39m[32mAppController {/}:[39m[38;5;3m +41ms[39m
[32m[Nest] 11788  - [39m30/04/2026, 2:37:13 [32m    LOG[39m [38;5;3m[RouterExplorer] [39m[32mMapped {/, GET} route[39m[38;5;3m +2ms[39m
[32m[Nest] 11788  - [39m30/04/2026, 2:37:13 [32m    LOG[39m [38;5;3m[RoutesResolver] [39m[32mAuthController {/auth}:[39m[38;5;3m +0ms[39m
[32m[Nest] 11788  - [39m30/04/2026, 2:37:13 [32m    LOG[39m [38;5;3m[RouterExplorer] [39m[32mMapped {/auth/login, POST} route[39m[38;5;3m +1ms[39m
[32m[Nest] 11788  - [39m30/04/2026, 2:37:13 [32m    LOG[39m [38;5;3m[RoutesResolver] [39m[32mUsuariosController {/usuarios}:[39m[38;5;3m +0ms[39m
[32m[Nest] 11788  - [39m30/04/2026, 2:37:13 [32m    LOG[39m [38;5;3m[RouterExplorer] [39m[32mMapped {/usuarios, POST} route[39m[38;5;3m +0ms[39m
[32m[Nest] 11788  - [39m30/04/2026, 2:37:13 [32m    LOG[39m [38;5;3m[RouterExplorer] [39m[32mMapped {/usuarios, GET} route[39m[38;5;3m +1ms[39m
[32m[Nest] 11788  - [39m30/04/2026, 2:37:13 [32m    LOG[39m [38;5;3m[RouterExplorer] [39m[32mMapped {/usuarios/:id, GET} route[39m[38;5;3m +0ms[39m
[32m[Nest] 11788  - [39m30/04/2026, 2:37:13 [32m    LOG[39m [38;5;3m[RoutesResolver] [39m[32mProductosController {/productos}:[39m[38;5;3m +1ms[39m
[32m[Nest] 11788  - [39m30/04/2026, 2:37:13 [32m    LOG[39m [38;5;3m[RouterExplorer] [39m[32mMapped {/productos/inventario, GET} route[39m[38;5;3m +0ms[39m
[32m[Nest] 11788  - [39m30/04/2026, 2:37:13 [32m    LOG[39m [38;5;3m[RouterExplorer] [39m[32mMapped {/productos, GET} route[39m[38;5;3m +0ms[39m
[32m[Nest] 11788  - [39m30/04/2026, 2:37:13 [32m    LOG[39m [38;5;3m[RouterExplorer] [39m[32mMapped {/productos/:id, GET} route[39m[38;5;3m +0ms[39m
[32m[Nest] 11788  - [39m30/04/2026, 2:37:13 [32m    LOG[39m [38;5;3m[RouterExplorer] [39m[32mMapped {/productos, POST} route[39m[38;5;3m +1ms[39m
[32m[Nest] 11788  - [39m30/04/2026, 2:37:13 [32m    LOG[39m [38;5;3m[RouterExplorer] [39m[32mMapped {/productos/:id, PATCH} route[39m[38;5;3m +0ms[39m
[32m[Nest] 11788  - [39m30/04/2026, 2:37:13 [32m    LOG[39m [38;5;3m[RouterExplorer] [39m[32mMapped {/productos/:id, DELETE} route[39m[38;5;3m +1ms[39m
[32m[Nest] 11788  - [39m30/04/2026, 2:37:13 [32m    LOG[39m [38;5;3m[RoutesResolver] [39m[32mKitsController {/kits}:[39m[38;5;3m +0ms[39m
[32m[Nest] 11788  - [39m30/04/2026, 2:37:13 [32m    LOG[39m [38;5;3m[RouterExplorer] [39m[32mMapped {/kits, GET} route[39m[38;5;3m +0ms[39m
[32m[Nest] 11788  - [39m30/04/2026, 2:37:13 [32m    LOG[39m [38;5;3m[RouterExplorer] [39m[32mMapped {/kits/:id, GET} route[39m[38;5;3m +1ms[39m
[32m[Nest] 11788  - [39m30/04/2026, 2:37:13 [32m    LOG[39m [38;5;3m[RouterExplorer] [39m[32mMapped {/kits, POST} route[39m[38;5;3m +3ms[39m
[32m[Nest] 11788  - [39m30/04/2026, 2:37:13 [32m    LOG[39m [38;5;3m[RouterExplorer] [39m[32mMapped {/kits/:id, DELETE} route[39m[38;5;3m +0ms[39m
[32m[Nest] 11788  - [39m30/04/2026, 2:37:13 [32m    LOG[39m [38;5;3m[RoutesResolver] [39m[32mLotesController {/lotes}:[39m[38;5;3m +0ms[39m
[32m[Nest] 11788  - [39m30/04/2026, 2:37:13 [32m    LOG[39m [38;5;3m[RouterExplorer] [39m[32mMapped {/lotes, POST} route[39m[38;5;3m +0ms[39m
[32m[Nest] 11788  - [39m30/04/2026, 2:37:13 [32m    LOG[39m [38;5;3m[RouterExplorer] [39m[32mMapped {/lotes/producto/:id_producto, GET} route[39m[38;5;3m +1ms[39m
[32m[Nest] 11788  - [39m30/04/2026, 2:37:13 [32m    LOG[39m [38;5;3m[RoutesResolver] [39m[32mMovimientosController {/movimientos}:[39m[38;5;3m +0ms[39m
[32m[Nest] 11788  - [39m30/04/2026, 2:37:13 [32m    LOG[39m [38;5;3m[RouterExplorer] [39m[32mMapped {/movimientos, GET} route[39m[38;5;3m +0ms[39m
[32m[Nest] 11788  - [39m30/04/2026, 2:37:13 [32m    LOG[39m [38;5;3m[RouterExplorer] [39m[32mMapped {/movimientos/despachar-kit, POST} route[39m[38;5;3m +0ms[39m
[32m[Nest] 11788  - [39m30/04/2026, 2:37:13 [32m    LOG[39m [38;5;3m[RoutesResolver] [39m[32mTransferenciasController {/transferencias}:[39m[38;5;3m +0ms[39m
[32m[Nest] 11788  - [39m30/04/2026, 2:37:13 [32m    LOG[39m [38;5;3m[RouterExplorer] [39m[32mMapped {/transferencias, GET} route[39m[38;5;3m +0ms[39m
[32m[Nest] 11788  - [39m30/04/2026, 2:37:13 [32m    LOG[39m [38;5;3m[RouterExplorer] [39m[32mMapped {/transferencias/:id, GET} route[39m[38;5;3m +1ms[39m
[32m[Nest] 11788  - [39m30/04/2026, 2:37:13 [32m    LOG[39m [38;5;3m[RouterExplorer] [39m[32mMapped {/transferencias/enviar, POST} route[39m[38;5;3m +0ms[39m
[32m[Nest] 11788  - [39m30/04/2026, 2:37:13 [32m    LOG[39m [38;5;3m[RouterExplorer] [39m[32mMapped {/transferencias/recibir, POST} route[39m[38;5;3m +0ms[39m
[32m[Nest] 11788  - [39m30/04/2026, 2:37:13 [32m    LOG[39m [38;5;3m[RoutesResolver] [39m[32mNotificacionesController {/notificaciones}:[39m[38;5;3m +0ms[39m
[32m[Nest] 11788  - [39m30/04/2026, 2:37:13 [32m    LOG[39m [38;5;3m[RouterExplorer] [39m[32mMapped {/notificaciones/revisar, POST} route[39m[38;5;3m +0ms[39m
[32m[Nest] 11788  - [39m30/04/2026, 2:37:13 [32m    LOG[39m [38;5;3m[RoutesResolver] [39m[32mAnaliticaController {/analitica}:[39m[38;5;3m +0ms[39m
[32m[Nest] 11788  - [39m30/04/2026, 2:37:13 [32m    LOG[39m [38;5;3m[RouterExplorer] [39m[32mMapped {/analitica/entrenar/:id_sucursal, GET} route[39m[38;5;3m +1ms[39m
[32m[Nest] 11788  - [39m30/04/2026, 2:37:13 [32m    LOG[39m [38;5;3m[RouterExplorer] [39m[32mMapped {/analitica/prediccion/:id_sucursal, GET} route[39m[38;5;3m +0ms[39m
[32m[Nest] 11788  - [39m30/04/2026, 2:37:13 [32m    LOG[39m [38;5;3m[NestApplication] [39m[32mNest application successfully started[39m[38;5;3m +64ms[39m
[31m[Nest] 11788  - [39m30/04/2026, 2:37:13 [31m  ERROR[39m [38;5;3m[NestApplication] [39m[31mError: listen EADDRINUSE: address already in use :::3000[39m[38;5;3m +2ms[39m
node:internal/errors:491
    ErrorCaptureStackTrace(err);
    ^

Error: listen EADDRINUSE: address already in use :::3000
    at __node_internal_captureLargerStackTrace (node:internal/errors:491:5)
    at __node_internal_uvExceptionWithHostPort (node:internal/errors:590:12)
    at Server.setupListenHandle [as _listen2] (node:net:1733:16)
    at listenInCluster (node:net:1781:12)
    at Server.listen (node:net:1869:7)
    at ExpressAdapter.listen (C:\Users\Crist\Desktop\ProyectoCedent\cendent-backend\node_modules\@nestjs\platform-express\adapters\express-adapter.js:115:32)
    at C:\Users\Crist\Desktop\ProyectoCedent\cendent-backend\node_modules\@nestjs\core\nest-application.js:188:30
    at new Promise (<anonymous>)
    at NestApplication.listen (C:\Users\Crist\Desktop\ProyectoCedent\cendent-backend\node_modules\@nestjs\core\nest-application.js:178:16)
    at bootstrap (C:\Users\Crist\Desktop\ProyectoCedent\cendent-backend\src\main.ts:27:3) {
  code: 'EADDRINUSE',
  errno: -4091,
  syscall: 'listen',
  address: '::',
  port: 3000
}

Node.js v18.13.0
[2J[3J[H[[90m2:37:21[0m] File change detected. Starting incremental compilation...

[[90m2:37:21[0m] Found 0 errors. Watching for file changes.

[32m[Nest] 29560  - [39m30/04/2026, 2:37:23 [32m    LOG[39m [38;5;3m[NestFactory] [39m[32mStarting Nest application...[39m
[32m[Nest] 29560  - [39m30/04/2026, 2:37:23 [32m    LOG[39m [38;5;3m[InstanceLoader] [39m[32mPrismaModule dependencies initialized[39m[38;5;3m +27ms[39m
[32m[Nest] 29560  - [39m30/04/2026, 2:37:23 [32m    LOG[39m [38;5;3m[InstanceLoader] [39m[32mPassportModule dependencies initialized[39m[38;5;3m +1ms[39m
[32m[Nest] 29560  - [39m30/04/2026, 2:37:23 [32m    LOG[39m [38;5;3m[InstanceLoader] [39m[32mJwtModule dependencies initialized[39m[38;5;3m +3ms[39m
[32m[Nest] 29560  - [39m30/04/2026, 2:37:23 [32m    LOG[39m [38;5;3m[InstanceLoader] [39m[32mDiscoveryModule dependencies initialized[39m[38;5;3m +0ms[39m
[32m[Nest] 29560  - [39m30/04/2026, 2:37:23 [32m    LOG[39m [38;5;3m[InstanceLoader] [39m[32mAppModule dependencies initialized[39m[38;5;3m +2ms[39m
[32m[Nest] 29560  - [39m30/04/2026, 2:37:23 [32m    LOG[39m [38;5;3m[InstanceLoader] [39m[32mScheduleModule dependencies initialized[39m[38;5;3m +0ms[39m
[32m[Nest] 29560  - [39m30/04/2026, 2:37:23 [32m    LOG[39m [38;5;3m[InstanceLoader] [39m[32mAuthModule dependencies initialized[39m[38;5;3m +2ms[39m
[32m[Nest] 29560  - [39m30/04/2026, 2:37:23 [32m    LOG[39m [38;5;3m[InstanceLoader] [39m[32mUsuariosModule dependencies initialized[39m[38;5;3m +0ms[39m
[32m[Nest] 29560  - [39m30/04/2026, 2:37:23 [32m    LOG[39m [38;5;3m[InstanceLoader] [39m[32mProductosModule dependencies initialized[39m[38;5;3m +0ms[39m
[32m[Nest] 29560  - [39m30/04/2026, 2:37:23 [32m    LOG[39m [38;5;3m[InstanceLoader] [39m[32mKitsModule dependencies initialized[39m[38;5;3m +0ms[39m
[32m[Nest] 29560  - [39m30/04/2026, 2:37:23 [32m    LOG[39m [38;5;3m[InstanceLoader] [39m[32mLotesModule dependencies initialized[39m[38;5;3m +0ms[39m
[32m[Nest] 29560  - [39m30/04/2026, 2:37:23 [32m    LOG[39m [38;5;3m[InstanceLoader] [39m[32mMovimientosModule dependencies initialized[39m[38;5;3m +0ms[39m
[32m[Nest] 29560  - [39m30/04/2026, 2:37:23 [32m    LOG[39m [38;5;3m[InstanceLoader] [39m[32mTransferenciasModule dependencies initialized[39m[38;5;3m +0ms[39m
[32m[Nest] 29560  - [39m30/04/2026, 2:37:23 [32m    LOG[39m [38;5;3m[InstanceLoader] [39m[32mNotificacionesModule dependencies initialized[39m[38;5;3m +0ms[39m
[32m[Nest] 29560  - [39m30/04/2026, 2:37:23 [32m    LOG[39m [38;5;3m[InstanceLoader] [39m[32mAnaliticaModule dependencies initialized[39m[38;5;3m +1ms[39m
[32m[Nest] 29560  - [39m30/04/2026, 2:37:23 [32m    LOG[39m [38;5;3m[RoutesResolver] [39m[32mAppController {/}:[39m[38;5;3m +40ms[39m
[32m[Nest] 29560  - [39m30/04/2026, 2:37:23 [32m    LOG[39m [38;5;3m[RouterExplorer] [39m[32mMapped {/, GET} route[39m[38;5;3m +3ms[39m
[32m[Nest] 29560  - [39m30/04/2026, 2:37:23 [32m    LOG[39m [38;5;3m[RoutesResolver] [39m[32mAuthController {/auth}:[39m[38;5;3m +0ms[39m
[32m[Nest] 29560  - [39m30/04/2026, 2:37:23 [32m    LOG[39m [38;5;3m[RouterExplorer] [39m[32mMapped {/auth/login, POST} route[39m[38;5;3m +1ms[39m
[32m[Nest] 29560  - [39m30/04/2026, 2:37:23 [32m    LOG[39m [38;5;3m[RoutesResolver] [39m[32mUsuariosController {/usuarios}:[39m[38;5;3m +0ms[39m
[32m[Nest] 29560  - [39m30/04/2026, 2:37:23 [32m    LOG[39m [38;5;3m[RouterExplorer] [39m[32mMapped {/usuarios, POST} route[39m[38;5;3m +4ms[39m
[32m[Nest] 29560  - [39m30/04/2026, 2:37:23 [32m    LOG[39m [38;5;3m[RouterExplorer] [39m[32mMapped {/usuarios, GET} route[39m[38;5;3m +1ms[39m
[32m[Nest] 29560  - [39m30/04/2026, 2:37:23 [32m    LOG[39m [38;5;3m[RouterExplorer] [39m[32mMapped {/usuarios/:id, GET} route[39m[38;5;3m +0ms[39m
[32m[Nest] 29560  - [39m30/04/2026, 2:37:23 [32m    LOG[39m [38;5;3m[RoutesResolver] [39m[32mProductosController {/productos}:[39m[38;5;3m +1ms[39m
[32m[Nest] 29560  - [39m30/04/2026, 2:37:23 [32m    LOG[39m [38;5;3m[RouterExplorer] [39m[32mMapped {/productos/inventario, GET} route[39m[38;5;3m +0ms[39m
[32m[Nest] 29560  - [39m30/04/2026, 2:37:23 [32m    LOG[39m [38;5;3m[RouterExplorer] [39m[32mMapped {/productos, GET} route[39m[38;5;3m +0ms[39m
[32m[Nest] 29560  - [39m30/04/2026, 2:37:23 [32m    LOG[39m [38;5;3m[RouterExplorer] [39m[32mMapped {/productos/:id, GET} route[39m[38;5;3m +1ms[39m
[32m[Nest] 29560  - [39m30/04/2026, 2:37:23 [32m    LOG[39m [38;5;3m[RouterExplorer] [39m[32mMapped {/productos, POST} route[39m[38;5;3m +0ms[39m
[32m[Nest] 29560  - [39m30/04/2026, 2:37:23 [32m    LOG[39m [38;5;3m[RouterExplorer] [39m[32mMapped {/productos/:id, PATCH} route[39m[38;5;3m +1ms[39m
[32m[Nest] 29560  - [39m30/04/2026, 2:37:23 [32m    LOG[39m [38;5;3m[RouterExplorer] [39m[32mMapped {/productos/:id, DELETE} route[39m[38;5;3m +0ms[39m
[32m[Nest] 29560  - [39m30/04/2026, 2:37:23 [32m    LOG[39m [38;5;3m[RoutesResolver] [39m[32mKitsController {/kits}:[39m[38;5;3m +0ms[39m
[32m[Nest] 29560  - [39m30/04/2026, 2:37:23 [32m    LOG[39m [38;5;3m[RouterExplorer] [39m[32mMapped {/kits, GET} route[39m[38;5;3m +0ms[39m
[32m[Nest] 29560  - [39m30/04/2026, 2:37:23 [32m    LOG[39m [38;5;3m[RouterExplorer] [39m[32mMapped {/kits/:id, GET} route[39m[38;5;3m +1ms[39m
[32m[Nest] 29560  - [39m30/04/2026, 2:37:23 [32m    LOG[39m [38;5;3m[RouterExplorer] [39m[32mMapped {/kits, POST} route[39m[38;5;3m +0ms[39m
[32m[Nest] 29560  - [39m30/04/2026, 2:37:23 [32m    LOG[39m [38;5;3m[RouterExplorer] [39m[32mMapped {/kits/:id, DELETE} route[39m[38;5;3m +0ms[39m
[32m[Nest] 29560  - [39m30/04/2026, 2:37:23 [32m    LOG[39m [38;5;3m[RoutesResolver] [39m[32mLotesController {/lotes}:[39m[38;5;3m +0ms[39m
[32m[Nest] 29560  - [39m30/04/2026, 2:37:23 [32m    LOG[39m [38;5;3m[RouterExplorer] [39m[32mMapped {/lotes, POST} route[39m[38;5;3m +0ms[39m
[32m[Nest] 29560  - [39m30/04/2026, 2:37:23 [32m    LOG[39m [38;5;3m[RouterExplorer] [39m[32mMapped {/lotes/producto/:id_producto, GET} route[39m[38;5;3m +1ms[39m
[32m[Nest] 29560  - [39m30/04/2026, 2:37:23 [32m    LOG[39m [38;5;3m[RoutesResolver] [39m[32mMovimientosController {/movimientos}:[39m[38;5;3m +0ms[39m
[32m[Nest] 29560  - [39m30/04/2026, 2:37:23 [32m    LOG[39m [38;5;3m[RouterExplorer] [39m[32mMapped {/movimientos, GET} route[39m[38;5;3m +0ms[39m
[32m[Nest] 29560  - [39m30/04/2026, 2:37:23 [32m    LOG[39m [38;5;3m[RouterExplorer] [39m[32mMapped {/movimientos/despachar-kit, POST} route[39m[38;5;3m +0ms[39m
[32m[Nest] 29560  - [39m30/04/2026, 2:37:23 [32m    LOG[39m [38;5;3m[RoutesResolver] [39m[32mTransferenciasController {/transferencias}:[39m[38;5;3m +0ms[39m
[32m[Nest] 29560  - [39m30/04/2026, 2:37:23 [32m    LOG[39m [38;5;3m[RouterExplorer] [39m[32mMapped {/transferencias, GET} route[39m[38;5;3m +0ms[39m
[32m[Nest] 29560  - [39m30/04/2026, 2:37:23 [32m    LOG[39m [38;5;3m[RouterExplorer] [39m[32mMapped {/transferencias/:id, GET} route[39m[38;5;3m +1ms[39m
[32m[Nest] 29560  - [39m30/04/2026, 2:37:23 [32m    LOG[39m [38;5;3m[RouterExplorer] [39m[32mMapped {/transferencias/enviar, POST} route[39m[38;5;3m +0ms[39m
[32m[Nest] 29560  - [39m30/04/2026, 2:37:23 [32m    LOG[39m [38;5;3m[RouterExplorer] [39m[32mMapped {/transferencias/recibir, POST} route[39m[38;5;3m +0ms[39m
[32m[Nest] 29560  - [39m30/04/2026, 2:37:23 [32m    LOG[39m [38;5;3m[RoutesResolver] [39m[32mNotificacionesController {/notificaciones}:[39m[38;5;3m +0ms[39m
[32m[Nest] 29560  - [39m30/04/2026, 2:37:23 [32m    LOG[39m [38;5;3m[RouterExplorer] [39m[32mMapped {/notificaciones/revisar, POST} route[39m[38;5;3m +0ms[39m
[32m[Nest] 29560  - [39m30/04/2026, 2:37:23 [32m    LOG[39m [38;5;3m[RoutesResolver] [39m[32mAnaliticaController {/analitica}:[39m[38;5;3m +1ms[39m
[32m[Nest] 29560  - [39m30/04/2026, 2:37:23 [32m    LOG[39m [38;5;3m[RouterExplorer] [39m[32mMapped {/analitica/entrenar/:id_sucursal, GET} route[39m[38;5;3m +0ms[39m
[32m[Nest] 29560  - [39m30/04/2026, 2:37:23 [32m    LOG[39m [38;5;3m[RouterExplorer] [39m[32mMapped {/analitica/prediccion/:id_sucursal, GET} route[39m[38;5;3m +0ms[39m
[32m[Nest] 29560  - [39m30/04/2026, 2:37:23 [32m    LOG[39m [38;5;3m[NestApplication] [39m[32mNest application successfully started[39m[38;5;3m +59ms[39m
[2J[3J[H[[90m2:37:27[0m] File change detected. Starting incremental compilation...

[[90m2:37:27[0m] Found 0 errors. Watching for file changes.

[32m[Nest] 15364  - [39m30/04/2026, 2:37:29 [32m    LOG[39m [38;5;3m[NestFactory] [39m[32mStarting Nest application...[39m
[32m[Nest] 15364  - [39m30/04/2026, 2:37:29 [32m    LOG[39m [38;5;3m[InstanceLoader] [39m[32mPrismaModule dependencies initialized[39m[38;5;3m +32ms[39m
[32m[Nest] 15364  - [39m30/04/2026, 2:37:29 [32m    LOG[39m [38;5;3m[InstanceLoader] [39m[32mPassportModule dependencies initialized[39m[38;5;3m +0ms[39m
[32m[Nest] 15364  - [39m30/04/2026, 2:37:29 [32m    LOG[39m [38;5;3m[InstanceLoader] [39m[32mJwtModule dependencies initialized[39m[38;5;3m +4ms[39m
[32m[Nest] 15364  - [39m30/04/2026, 2:37:29 [32m    LOG[39m [38;5;3m[InstanceLoader] [39m[32mDiscoveryModule dependencies initialized[39m[38;5;3m +0ms[39m
[32m[Nest] 15364  - [39m30/04/2026, 2:37:29 [32m    LOG[39m [38;5;3m[InstanceLoader] [39m[32mAppModule dependencies initialized[39m[38;5;3m +2ms[39m
[32m[Nest] 15364  - [39m30/04/2026, 2:37:29 [32m    LOG[39m [38;5;3m[InstanceLoader] [39m[32mScheduleModule dependencies initialized[39m[38;5;3m +0ms[39m
[32m[Nest] 15364  - [39m30/04/2026, 2:37:29 [32m    LOG[39m [38;5;3m[InstanceLoader] [39m[32mAuthModule dependencies initialized[39m[38;5;3m +1ms[39m
[32m[Nest] 15364  - [39m30/04/2026, 2:37:29 [32m    LOG[39m [38;5;3m[InstanceLoader] [39m[32mUsuariosModule dependencies initialized[39m[38;5;3m +1ms[39m
[32m[Nest] 15364  - [39m30/04/2026, 2:37:29 [32m    LOG[39m [38;5;3m[InstanceLoader] [39m[32mProductosModule dependencies initialized[39m[38;5;3m +0ms[39m
[32m[Nest] 15364  - [39m30/04/2026, 2:37:29 [32m    LOG[39m [38;5;3m[InstanceLoader] [39m[32mKitsModule dependencies initialized[39m[38;5;3m +0ms[39m
[32m[Nest] 15364  - [39m30/04/2026, 2:37:29 [32m    LOG[39m [38;5;3m[InstanceLoader] [39m[32mLotesModule dependencies initialized[39m[38;5;3m +0ms[39m
[32m[Nest] 15364  - [39m30/04/2026, 2:37:29 [32m    LOG[39m [38;5;3m[InstanceLoader] [39m[32mMovimientosModule dependencies initialized[39m[38;5;3m +0ms[39m
[32m[Nest] 15364  - [39m30/04/2026, 2:37:29 [32m    LOG[39m [38;5;3m[InstanceLoader] [39m[32mTransferenciasModule dependencies initialized[39m[38;5;3m +0ms[39m
[32m[Nest] 15364  - [39m30/04/2026, 2:37:29 [32m    LOG[39m [38;5;3m[InstanceLoader] [39m[32mNotificacionesModule dependencies initialized[39m[38;5;3m +0ms[39m
[32m[Nest] 15364  - [39m30/04/2026, 2:37:29 [32m    LOG[39m [38;5;3m[InstanceLoader] [39m[32mAnaliticaModule dependencies initialized[39m[38;5;3m +0ms[39m
[32m[Nest] 15364  - [39m30/04/2026, 2:37:29 [32m    LOG[39m [38;5;3m[RoutesResolver] [39m[32mAppController {/}:[39m[38;5;3m +42ms[39m
[32m[Nest] 15364  - [39m30/04/2026, 2:37:29 [32m    LOG[39m [38;5;3m[RouterExplorer] [39m[32mMapped {/, GET} route[39m[38;5;3m +2ms[39m
[32m[Nest] 15364  - [39m30/04/2026, 2:37:29 [32m    LOG[39m [38;5;3m[RoutesResolver] [39m[32mAuthController {/auth}:[39m[38;5;3m +0ms[39m
[32m[Nest] 15364  - [39m30/04/2026, 2:37:29 [32m    LOG[39m [38;5;3m[RouterExplorer] [39m[32mMapped {/auth/login, POST} route[39m[38;5;3m +3ms[39m
[32m[Nest] 15364  - [39m30/04/2026, 2:37:29 [32m    LOG[39m [38;5;3m[RoutesResolver] [39m[32mUsuariosController {/usuarios}:[39m[38;5;3m +0ms[39m
[32m[Nest] 15364  - [39m30/04/2026, 2:37:29 [32m    LOG[39m [38;5;3m[RouterExplorer] [39m[32mMapped {/usuarios, POST} route[39m[38;5;3m +0ms[39m
[32m[Nest] 15364  - [39m30/04/2026, 2:37:29 [32m    LOG[39m [38;5;3m[RouterExplorer] [39m[32mMapped {/usuarios, GET} route[39m[38;5;3m +0ms[39m
[32m[Nest] 15364  - [39m30/04/2026, 2:37:29 [32m    LOG[39m [38;5;3m[RouterExplorer] [39m[32mMapped {/usuarios/:id, GET} route[39m[38;5;3m +1ms[39m
[32m[Nest] 15364  - [39m30/04/2026, 2:37:29 [32m    LOG[39m [38;5;3m[RoutesResolver] [39m[32mProductosController {/productos}:[39m[38;5;3m +0ms[39m
[32m[Nest] 15364  - [39m30/04/2026, 2:37:29 [32m    LOG[39m [38;5;3m[RouterExplorer] [39m[32mMapped {/productos/inventario, GET} route[39m[38;5;3m +0ms[39m
[32m[Nest] 15364  - [39m30/04/2026, 2:37:29 [32m    LOG[39m [38;5;3m[RouterExplorer] [39m[32mMapped {/productos, GET} route[39m[38;5;3m +1ms[39m
[32m[Nest] 15364  - [39m30/04/2026, 2:37:29 [32m    LOG[39m [38;5;3m[RouterExplorer] [39m[32mMapped {/productos/:id, GET} route[39m[38;5;3m +0ms[39m
[32m[Nest] 15364  - [39m30/04/2026, 2:37:29 [32m    LOG[39m [38;5;3m[RouterExplorer] [39m[32mMapped {/productos, POST} route[39m[38;5;3m +0ms[39m
[32m[Nest] 15364  - [39m30/04/2026, 2:37:29 [32m    LOG[39m [38;5;3m[RouterExplorer] [39m[32mMapped {/productos/:id, PATCH} route[39m[38;5;3m +1ms[39m
[32m[Nest] 15364  - [39m30/04/2026, 2:37:29 [32m    LOG[39m [38;5;3m[RouterExplorer] [39m[32mMapped {/productos/:id, DELETE} route[39m[38;5;3m +0ms[39m
[32m[Nest] 15364  - [39m30/04/2026, 2:37:29 [32m    LOG[39m [38;5;3m[RoutesResolver] [39m[32mKitsController {/kits}:[39m[38;5;3m +0ms[39m
[32m[Nest] 15364  - [39m30/04/2026, 2:37:29 [32m    LOG[39m [38;5;3m[RouterExplorer] [39m[32mMapped {/kits, GET} route[39m[38;5;3m +0ms[39m
[32m[Nest] 15364  - [39m30/04/2026, 2:37:29 [32m    LOG[39m [38;5;3m[RouterExplorer] [39m[32mMapped {/kits/:id, GET} route[39m[38;5;3m +1ms[39m
[32m[Nest] 15364  - [39m30/04/2026, 2:37:29 [32m    LOG[39m [38;5;3m[RouterExplorer] [39m[32mMapped {/kits, POST} route[39m[38;5;3m +0ms[39m
[32m[Nest] 15364  - [39m30/04/2026, 2:37:29 [32m    LOG[39m [38;5;3m[RouterExplorer] [39m[32mMapped {/kits/:id, DELETE} route[39m[38;5;3m +0ms[39m
[32m[Nest] 15364  - [39m30/04/2026, 2:37:29 [32m    LOG[39m [38;5;3m[RoutesResolver] [39m[32mLotesController {/lotes}:[39m[38;5;3m +0ms[39m
[32m[Nest] 15364  - [39m30/04/2026, 2:37:29 [32m    LOG[39m [38;5;3m[RouterExplorer] [39m[32mMapped {/lotes, POST} route[39m[38;5;3m +0ms[39m
[32m[Nest] 15364  - [39m30/04/2026, 2:37:29 [32m    LOG[39m [38;5;3m[RouterExplorer] [39m[32mMapped {/lotes/producto/:id_producto, GET} route[39m[38;5;3m +1ms[39m
[32m[Nest] 15364  - [39m30/04/2026, 2:37:29 [32m    LOG[39m [38;5;3m[RoutesResolver] [39m[32mMovimientosController {/movimientos}:[39m[38;5;3m +0ms[39m
[32m[Nest] 15364  - [39m30/04/2026, 2:37:29 [32m    LOG[39m [38;5;3m[RouterExplorer] [39m[32mMapped {/movimientos, GET} route[39m[38;5;3m +0ms[39m
[32m[Nest] 15364  - [39m30/04/2026, 2:37:29 [32m    LOG[39m [38;5;3m[RouterExplorer] [39m[32mMapped {/movimientos/despachar-kit, POST} route[39m[38;5;3m +0ms[39m
[32m[Nest] 15364  - [39m30/04/2026, 2:37:29 [32m    LOG[39m [38;5;3m[RoutesResolver] [39m[32mTransferenciasController {/transferencias}:[39m[38;5;3m +0ms[39m
[32m[Nest] 15364  - [39m30/04/2026, 2:37:29 [32m    LOG[39m [38;5;3m[RouterExplorer] [39m[32mMapped {/transferencias, GET} route[39m[38;5;3m +0ms[39m
[32m[Nest] 15364  - [39m30/04/2026, 2:37:29 [32m    LOG[39m [38;5;3m[RouterExplorer] [39m[32mMapped {/transferencias/:id, GET} route[39m[38;5;3m +0ms[39m
[32m[Nest] 15364  - [39m30/04/2026, 2:37:29 [32m    LOG[39m [38;5;3m[RouterExplorer] [39m[32mMapped {/transferencias/enviar, POST} route[39m[38;5;3m +0ms[39m
[32m[Nest] 15364  - [39m30/04/2026, 2:37:29 [32m    LOG[39m [38;5;3m[RouterExplorer] [39m[32mMapped {/transferencias/recibir, POST} route[39m[38;5;3m +0ms[39m
[32m[Nest] 15364  - [39m30/04/2026, 2:37:29 [32m    LOG[39m [38;5;3m[RoutesResolver] [39m[32mNotificacionesController {/notificaciones}:[39m[38;5;3m +0ms[39m
[32m[Nest] 15364  - [39m30/04/2026, 2:37:29 [32m    LOG[39m [38;5;3m[RouterExplorer] [39m[32mMapped {/notificaciones/revisar, POST} route[39m[38;5;3m +0ms[39m
[32m[Nest] 15364  - [39m30/04/2026, 2:37:29 [32m    LOG[39m [38;5;3m[RoutesResolver] [39m[32mAnaliticaController {/analitica}:[39m[38;5;3m +0ms[39m
[32m[Nest] 15364  - [39m30/04/2026, 2:37:29 [32m    LOG[39m [38;5;3m[RouterExplorer] [39m[32mMapped {/analitica/entrenar/:id_sucursal, GET} route[39m[38;5;3m +0ms[39m
[32m[Nest] 15364  - [39m30/04/2026, 2:37:29 [32m    LOG[39m [38;5;3m[RouterExplorer] [39m[32mMapped {/analitica/prediccion/:id_sucursal, GET} route[39m[38;5;3m +1ms[39m
[32m[Nest] 15364  - [39m30/04/2026, 2:37:29 [32m    LOG[39m [38;5;3m[NestApplication] [39m[32mNest application successfully started[39m[38;5;3m +61ms[39m
[31m[Nest] 15364  - [39m30/04/2026, 2:37:29 [31m  ERROR[39m [38;5;3m[NestApplication] [39m[31mError: listen EADDRINUSE: address already in use :::3000[39m[38;5;3m +1ms[39m
node:internal/errors:491
    ErrorCaptureStackTrace(err);
    ^

Error: listen EADDRINUSE: address already in use :::3000
    at __node_internal_captureLargerStackTrace (node:internal/errors:491:5)
    at __node_internal_uvExceptionWithHostPort (node:internal/errors:590:12)
    at Server.setupListenHandle [as _listen2] (node:net:1733:16)
    at listenInCluster (node:net:1781:12)
    at Server.listen (node:net:1869:7)
    at ExpressAdapter.listen (C:\Users\Crist\Desktop\ProyectoCedent\cendent-backend\node_modules\@nestjs\platform-express\adapters\express-adapter.js:115:32)
    at C:\Users\Crist\Desktop\ProyectoCedent\cendent-backend\node_modules\@nestjs\core\nest-application.js:188:30
    at new Promise (<anonymous>)
    at NestApplication.listen (C:\Users\Crist\Desktop\ProyectoCedent\cendent-backend\node_modules\@nestjs\core\nest-application.js:178:16)
    at bootstrap (C:\Users\Crist\Desktop\ProyectoCedent\cendent-backend\src\main.ts:27:3) {
  code: 'EADDRINUSE',
  errno: -4091,
  syscall: 'listen',
  address: '::',
  port: 3000
}

Node.js v18.13.0
[2J[3J[H[[90m2:37:33[0m] File change detected. Starting incremental compilation...

[[90m2:37:33[0m] Found 0 errors. Watching for file changes.

[32m[Nest] 20620  - [39m30/04/2026, 2:37:35 [32m    LOG[39m [38;5;3m[NestFactory] [39m[32mStarting Nest application...[39m
[32m[Nest] 20620  - [39m30/04/2026, 2:37:35 [32m    LOG[39m [38;5;3m[InstanceLoader] [39m[32mPrismaModule dependencies initialized[39m[38;5;3m +27ms[39m
[32m[Nest] 20620  - [39m30/04/2026, 2:37:35 [32m    LOG[39m [38;5;3m[InstanceLoader] [39m[32mPassportModule dependencies initialized[39m[38;5;3m +0ms[39m
[32m[Nest] 20620  - [39m30/04/2026, 2:37:35 [32m    LOG[39m [38;5;3m[InstanceLoader] [39m[32mJwtModule dependencies initialized[39m[38;5;3m +3ms[39m
[32m[Nest] 20620  - [39m30/04/2026, 2:37:35 [32m    LOG[39m [38;5;3m[InstanceLoader] [39m[32mDiscoveryModule dependencies initialized[39m[38;5;3m +0ms[39m
[32m[Nest] 20620  - [39m30/04/2026, 2:37:35 [32m    LOG[39m [38;5;3m[InstanceLoader] [39m[32mAppModule dependencies initialized[39m[38;5;3m +2ms[39m
[32m[Nest] 20620  - [39m30/04/2026, 2:37:35 [32m    LOG[39m [38;5;3m[InstanceLoader] [39m[32mScheduleModule dependencies initialized[39m[38;5;3m +0ms[39m
[32m[Nest] 20620  - [39m30/04/2026, 2:37:35 [32m    LOG[39m [38;5;3m[InstanceLoader] [39m[32mAuthModule dependencies initialized[39m[38;5;3m +3ms[39m
[32m[Nest] 20620  - [39m30/04/2026, 2:37:35 [32m    LOG[39m [38;5;3m[InstanceLoader] [39m[32mUsuariosModule dependencies initialized[39m[38;5;3m +0ms[39m
[32m[Nest] 20620  - [39m30/04/2026, 2:37:35 [32m    LOG[39m [38;5;3m[InstanceLoader] [39m[32mProductosModule dependencies initialized[39m[38;5;3m +0ms[39m
[32m[Nest] 20620  - [39m30/04/2026, 2:37:35 [32m    LOG[39m [38;5;3m[InstanceLoader] [39m[32mKitsModule dependencies initialized[39m[38;5;3m +1ms[39m
[32m[Nest] 20620  - [39m30/04/2026, 2:37:35 [32m    LOG[39m [38;5;3m[InstanceLoader] [39m[32mLotesModule dependencies initialized[39m[38;5;3m +0ms[39m
[32m[Nest] 20620  - [39m30/04/2026, 2:37:35 [32m    LOG[39m [38;5;3m[InstanceLoader] [39m[32mMovimientosModule dependencies initialized[39m[38;5;3m +0ms[39m
[32m[Nest] 20620  - [39m30/04/2026, 2:37:35 [32m    LOG[39m [38;5;3m[InstanceLoader] [39m[32mTransferenciasModule dependencies initialized[39m[38;5;3m +0ms[39m
[32m[Nest] 20620  - [39m30/04/2026, 2:37:35 [32m    LOG[39m [38;5;3m[InstanceLoader] [39m[32mNotificacionesModule dependencies initialized[39m[38;5;3m +0ms[39m
[32m[Nest] 20620  - [39m30/04/2026, 2:37:35 [32m    LOG[39m [38;5;3m[InstanceLoader] [39m[32mAnaliticaModule dependencies initialized[39m[38;5;3m +0ms[39m
[32m[Nest] 20620  - [39m30/04/2026, 2:37:35 [32m    LOG[39m [38;5;3m[RoutesResolver] [39m[32mAppController {/}:[39m[38;5;3m +55ms[39m
[32m[Nest] 20620  - [39m30/04/2026, 2:37:35 [32m    LOG[39m [38;5;3m[RouterExplorer] [39m[32mMapped {/, GET} route[39m[38;5;3m +3ms[39m
[32m[Nest] 20620  - [39m30/04/2026, 2:37:35 [32m    LOG[39m [38;5;3m[RoutesResolver] [39m[32mAuthController {/auth}:[39m[38;5;3m +0ms[39m
[32m[Nest] 20620  - [39m30/04/2026, 2:37:35 [32m    LOG[39m [38;5;3m[RouterExplorer] [39m[32mMapped {/auth/login, POST} route[39m[38;5;3m +1ms[39m
[32m[Nest] 20620  - [39m30/04/2026, 2:37:35 [32m    LOG[39m [38;5;3m[RoutesResolver] [39m[32mUsuariosController {/usuarios}:[39m[38;5;3m +0ms[39m
[32m[Nest] 20620  - [39m30/04/2026, 2:37:35 [32m    LOG[39m [38;5;3m[RouterExplorer] [39m[32mMapped {/usuarios, POST} route[39m[38;5;3m +0ms[39m
[32m[Nest] 20620  - [39m30/04/2026, 2:37:35 [32m    LOG[39m [38;5;3m[RouterExplorer] [39m[32mMapped {/usuarios, GET} route[39m[38;5;3m +1ms[39m
[32m[Nest] 20620  - [39m30/04/2026, 2:37:35 [32m    LOG[39m [38;5;3m[RouterExplorer] [39m[32mMapped {/usuarios/:id, GET} route[39m[38;5;3m +0ms[39m
[32m[Nest] 20620  - [39m30/04/2026, 2:37:35 [32m    LOG[39m [38;5;3m[RoutesResolver] [39m[32mProductosController {/productos}:[39m[38;5;3m +1ms[39m
[32m[Nest] 20620  - [39m30/04/2026, 2:37:35 [32m    LOG[39m [38;5;3m[RouterExplorer] [39m[32mMapped {/productos/inventario, GET} route[39m[38;5;3m +0ms[39m
[32m[Nest] 20620  - [39m30/04/2026, 2:37:35 [32m    LOG[39m [38;5;3m[RouterExplorer] [39m[32mMapped {/productos, GET} route[39m[38;5;3m +0ms[39m
[32m[Nest] 20620  - [39m30/04/2026, 2:37:35 [32m    LOG[39m [38;5;3m[RouterExplorer] [39m[32mMapped {/productos/:id, GET} route[39m[38;5;3m +1ms[39m
[32m[Nest] 20620  - [39m30/04/2026, 2:37:35 [32m    LOG[39m [38;5;3m[RouterExplorer] [39m[32mMapped {/productos, POST} route[39m[38;5;3m +0ms[39m
[32m[Nest] 20620  - [39m30/04/2026, 2:37:35 [32m    LOG[39m [38;5;3m[RouterExplorer] [39m[32mMapped {/productos/:id, PATCH} route[39m[38;5;3m +1ms[39m
[32m[Nest] 20620  - [39m30/04/2026, 2:37:35 [32m    LOG[39m [38;5;3m[RouterExplorer] [39m[32mMapped {/productos/:id, DELETE} route[39m[38;5;3m +0ms[39m
[32m[Nest] 20620  - [39m30/04/2026, 2:37:35 [32m    LOG[39m [38;5;3m[RoutesResolver] [39m[32mKitsController {/kits}:[39m[38;5;3m +0ms[39m
[32m[Nest] 20620  - [39m30/04/2026, 2:37:35 [32m    LOG[39m [38;5;3m[RouterExplorer] [39m[32mMapped {/kits, GET} route[39m[38;5;3m +0ms[39m
[32m[Nest] 20620  - [39m30/04/2026, 2:37:35 [32m    LOG[39m [38;5;3m[RouterExplorer] [39m[32mMapped {/kits/:id, GET} route[39m[38;5;3m +0ms[39m
[32m[Nest] 20620  - [39m30/04/2026, 2:37:35 [32m    LOG[39m [38;5;3m[RouterExplorer] [39m[32mMapped {/kits, POST} route[39m[38;5;3m +0ms[39m
[32m[Nest] 20620  - [39m30/04/2026, 2:37:35 [32m    LOG[39m [38;5;3m[RouterExplorer] [39m[32mMapped {/kits/:id, DELETE} route[39m[38;5;3m +0ms[39m
[32m[Nest] 20620  - [39m30/04/2026, 2:37:35 [32m    LOG[39m [38;5;3m[RoutesResolver] [39m[32mLotesController {/lotes}:[39m[38;5;3m +0ms[39m
[32m[Nest] 20620  - [39m30/04/2026, 2:37:35 [32m    LOG[39m [38;5;3m[RouterExplorer] [39m[32mMapped {/lotes, POST} route[39m[38;5;3m +0ms[39m
[32m[Nest] 20620  - [39m30/04/2026, 2:37:35 [32m    LOG[39m [38;5;3m[RouterExplorer] [39m[32mMapped {/lotes/producto/:id_producto, GET} route[39m[38;5;3m +0ms[39m
[32m[Nest] 20620  - [39m30/04/2026, 2:37:35 [32m    LOG[39m [38;5;3m[RoutesResolver] [39m[32mMovimientosController {/movimientos}:[39m[38;5;3m +0ms[39m
[32m[Nest] 20620  - [39m30/04/2026, 2:37:35 [32m    LOG[39m [38;5;3m[RouterExplorer] [39m[32mMapped {/movimientos, GET} route[39m[38;5;3m +1ms[39m
[32m[Nest] 20620  - [39m30/04/2026, 2:37:35 [32m    LOG[39m [38;5;3m[RouterExplorer] [39m[32mMapped {/movimientos/despachar-kit, POST} route[39m[38;5;3m +0ms[39m
[32m[Nest] 20620  - [39m30/04/2026, 2:37:35 [32m    LOG[39m [38;5;3m[RoutesResolver] [39m[32mTransferenciasController {/transferencias}:[39m[38;5;3m +0ms[39m
[32m[Nest] 20620  - [39m30/04/2026, 2:37:35 [32m    LOG[39m [38;5;3m[RouterExplorer] [39m[32mMapped {/transferencias, GET} route[39m[38;5;3m +0ms[39m
[32m[Nest] 20620  - [39m30/04/2026, 2:37:35 [32m    LOG[39m [38;5;3m[RouterExplorer] [39m[32mMapped {/transferencias/:id, GET} route[39m[38;5;3m +1ms[39m
[32m[Nest] 20620  - [39m30/04/2026, 2:37:35 [32m    LOG[39m [38;5;3m[RouterExplorer] [39m[32mMapped {/transferencias/enviar, POST} route[39m[38;5;3m +0ms[39m
[32m[Nest] 20620  - [39m30/04/2026, 2:37:35 [32m    LOG[39m [38;5;3m[RouterExplorer] [39m[32mMapped {/transferencias/recibir, POST} route[39m[38;5;3m +0ms[39m
[32m[Nest] 20620  - [39m30/04/2026, 2:37:35 [32m    LOG[39m [38;5;3m[RoutesResolver] [39m[32mNotificacionesController {/notificaciones}:[39m[38;5;3m +0ms[39m
[32m[Nest] 20620  - [39m30/04/2026, 2:37:35 [32m    LOG[39m [38;5;3m[RouterExplorer] [39m[32mMapped {/notificaciones/revisar, POST} route[39m[38;5;3m +1ms[39m
[32m[Nest] 20620  - [39m30/04/2026, 2:37:35 [32m    LOG[39m [38;5;3m[RoutesResolver] [39m[32mAnaliticaController {/analitica}:[39m[38;5;3m +0ms[39m
[32m[Nest] 20620  - [39m30/04/2026, 2:37:35 [32m    LOG[39m [38;5;3m[RouterExplorer] [39m[32mMapped {/analitica/entrenar/:id_sucursal, GET} route[39m[38;5;3m +0ms[39m
[32m[Nest] 20620  - [39m30/04/2026, 2:37:35 [32m    LOG[39m [38;5;3m[RouterExplorer] [39m[32mMapped {/analitica/prediccion/:id_sucursal, GET} route[39m[38;5;3m +0ms[39m
[32m[Nest] 20620  - [39m30/04/2026, 2:37:35 [32m    LOG[39m [38;5;3m[NestApplication] [39m[32mNest application successfully started[39m[38;5;3m +173ms[39m
[2J[3J[H[[90m2:37:37[0m] File change detected. Starting incremental compilation...

[[90m2:37:38[0m] Found 0 errors. Watching for file changes.

[32m[Nest] 30504  - [39m30/04/2026, 2:37:40 [32m    LOG[39m [38;5;3m[NestFactory] [39m[32mStarting Nest application...[39m
[32m[Nest] 30504  - [39m30/04/2026, 2:37:40 [32m    LOG[39m [38;5;3m[InstanceLoader] [39m[32mPrismaModule dependencies initialized[39m[38;5;3m +28ms[39m
[32m[Nest] 30504  - [39m30/04/2026, 2:37:40 [32m    LOG[39m [38;5;3m[InstanceLoader] [39m[32mPassportModule dependencies initialized[39m[38;5;3m +1ms[39m
[32m[Nest] 30504  - [39m30/04/2026, 2:37:40 [32m    LOG[39m [38;5;3m[InstanceLoader] [39m[32mJwtModule dependencies initialized[39m[38;5;3m +3ms[39m
[32m[Nest] 30504  - [39m30/04/2026, 2:37:40 [32m    LOG[39m [38;5;3m[InstanceLoader] [39m[32mDiscoveryModule dependencies initialized[39m[38;5;3m +0ms[39m
[32m[Nest] 30504  - [39m30/04/2026, 2:37:40 [32m    LOG[39m [38;5;3m[InstanceLoader] [39m[32mAppModule dependencies initialized[39m[38;5;3m +2ms[39m
[32m[Nest] 30504  - [39m30/04/2026, 2:37:40 [32m    LOG[39m [38;5;3m[InstanceLoader] [39m[32mScheduleModule dependencies initialized[39m[38;5;3m +0ms[39m
[32m[Nest] 30504  - [39m30/04/2026, 2:37:40 [32m    LOG[39m [38;5;3m[InstanceLoader] [39m[32mAuthModule dependencies initialized[39m[38;5;3m +2ms[39m
[32m[Nest] 30504  - [39m30/04/2026, 2:37:40 [32m    LOG[39m [38;5;3m[InstanceLoader] [39m[32mUsuariosModule dependencies initialized[39m[38;5;3m +0ms[39m
[32m[Nest] 30504  - [39m30/04/2026, 2:37:40 [32m    LOG[39m [38;5;3m[InstanceLoader] [39m[32mProductosModule dependencies initialized[39m[38;5;3m +0ms[39m
[32m[Nest] 30504  - [39m30/04/2026, 2:37:40 [32m    LOG[39m [38;5;3m[InstanceLoader] [39m[32mKitsModule dependencies initialized[39m[38;5;3m +0ms[39m
[32m[Nest] 30504  - [39m30/04/2026, 2:37:40 [32m    LOG[39m [38;5;3m[InstanceLoader] [39m[32mLotesModule dependencies initialized[39m[38;5;3m +0ms[39m
[32m[Nest] 30504  - [39m30/04/2026, 2:37:40 [32m    LOG[39m [38;5;3m[InstanceLoader] [39m[32mMovimientosModule dependencies initialized[39m[38;5;3m +0ms[39m
[32m[Nest] 30504  - [39m30/04/2026, 2:37:40 [32m    LOG[39m [38;5;3m[InstanceLoader] [39m[32mTransferenciasModule dependencies initialized[39m[38;5;3m +0ms[39m
[32m[Nest] 30504  - [39m30/04/2026, 2:37:40 [32m    LOG[39m [38;5;3m[InstanceLoader] [39m[32mNotificacionesModule dependencies initialized[39m[38;5;3m +1ms[39m
[32m[Nest] 30504  - [39m30/04/2026, 2:37:40 [32m    LOG[39m [38;5;3m[InstanceLoader] [39m[32mAnaliticaModule dependencies initialized[39m[38;5;3m +0ms[39m
[32m[Nest] 30504  - [39m30/04/2026, 2:37:40 [32m    LOG[39m [38;5;3m[RoutesResolver] [39m[32mAppController {/}:[39m[38;5;3m +45ms[39m
[32m[Nest] 30504  - [39m30/04/2026, 2:37:40 [32m    LOG[39m [38;5;3m[RouterExplorer] [39m[32mMapped {/, GET} route[39m[38;5;3m +2ms[39m
[32m[Nest] 30504  - [39m30/04/2026, 2:37:40 [32m    LOG[39m [38;5;3m[RoutesResolver] [39m[32mAuthController {/auth}:[39m[38;5;3m +0ms[39m
[32m[Nest] 30504  - [39m30/04/2026, 2:37:40 [32m    LOG[39m [38;5;3m[RouterExplorer] [39m[32mMapped {/auth/login, POST} route[39m[38;5;3m +1ms[39m
[32m[Nest] 30504  - [39m30/04/2026, 2:37:40 [32m    LOG[39m [38;5;3m[RoutesResolver] [39m[32mUsuariosController {/usuarios}:[39m[38;5;3m +0ms[39m
[32m[Nest] 30504  - [39m30/04/2026, 2:37:40 [32m    LOG[39m [38;5;3m[RouterExplorer] [39m[32mMapped {/usuarios, POST} route[39m[38;5;3m +0ms[39m
[32m[Nest] 30504  - [39m30/04/2026, 2:37:40 [32m    LOG[39m [38;5;3m[RouterExplorer] [39m[32mMapped {/usuarios, GET} route[39m[38;5;3m +1ms[39m
[32m[Nest] 30504  - [39m30/04/2026, 2:37:40 [32m    LOG[39m [38;5;3m[RouterExplorer] [39m[32mMapped {/usuarios/:id, GET} route[39m[38;5;3m +0ms[39m
[32m[Nest] 30504  - [39m30/04/2026, 2:37:40 [32m    LOG[39m [38;5;3m[RoutesResolver] [39m[32mProductosController {/productos}:[39m[38;5;3m +0ms[39m
[32m[Nest] 30504  - [39m30/04/2026, 2:37:40 [32m    LOG[39m [38;5;3m[RouterExplorer] [39m[32mMapped {/productos/inventario, GET} route[39m[38;5;3m +1ms[39m
[32m[Nest] 30504  - [39m30/04/2026, 2:37:40 [32m    LOG[39m [38;5;3m[RouterExplorer] [39m[32mMapped {/productos, GET} route[39m[38;5;3m +0ms[39m
[32m[Nest] 30504  - [39m30/04/2026, 2:37:40 [32m    LOG[39m [38;5;3m[RouterExplorer] [39m[32mMapped {/productos/:id, GET} route[39m[38;5;3m +0ms[39m
[32m[Nest] 30504  - [39m30/04/2026, 2:37:40 [32m    LOG[39m [38;5;3m[RouterExplorer] [39m[32mMapped {/productos, POST} route[39m[38;5;3m +1ms[39m
[32m[Nest] 30504  - [39m30/04/2026, 2:37:40 [32m    LOG[39m [38;5;3m[RouterExplorer] [39m[32mMapped {/productos/:id, PATCH} route[39m[38;5;3m +0ms[39m
[32m[Nest] 30504  - [39m30/04/2026, 2:37:40 [32m    LOG[39m [38;5;3m[RouterExplorer] [39m[32mMapped {/productos/:id, DELETE} route[39m[38;5;3m +1ms[39m
[32m[Nest] 30504  - [39m30/04/2026, 2:37:40 [32m    LOG[39m [38;5;3m[RoutesResolver] [39m[32mKitsController {/kits}:[39m[38;5;3m +0ms[39m
[32m[Nest] 30504  - [39m30/04/2026, 2:37:40 [32m    LOG[39m [38;5;3m[RouterExplorer] [39m[32mMapped {/kits, GET} route[39m[38;5;3m +0ms[39m
[32m[Nest] 30504  - [39m30/04/2026, 2:37:40 [32m    LOG[39m [38;5;3m[RouterExplorer] [39m[32mMapped {/kits/:id, GET} route[39m[38;5;3m +0ms[39m
[32m[Nest] 30504  - [39m30/04/2026, 2:37:40 [32m    LOG[39m [38;5;3m[RouterExplorer] [39m[32mMapped {/kits, POST} route[39m[38;5;3m +0ms[39m
[32m[Nest] 30504  - [39m30/04/2026, 2:37:40 [32m    LOG[39m [38;5;3m[RouterExplorer] [39m[32mMapped {/kits/:id, DELETE} route[39m[38;5;3m +1ms[39m
[32m[Nest] 30504  - [39m30/04/2026, 2:37:40 [32m    LOG[39m [38;5;3m[RoutesResolver] [39m[32mLotesController {/lotes}:[39m[38;5;3m +0ms[39m
[32m[Nest] 30504  - [39m30/04/2026, 2:37:40 [32m    LOG[39m [38;5;3m[RouterExplorer] [39m[32mMapped {/lotes, POST} route[39m[38;5;3m +0ms[39m
[32m[Nest] 30504  - [39m30/04/2026, 2:37:40 [32m    LOG[39m [38;5;3m[RouterExplorer] [39m[32mMapped {/lotes/producto/:id_producto, GET} route[39m[38;5;3m +0ms[39m
[32m[Nest] 30504  - [39m30/04/2026, 2:37:40 [32m    LOG[39m [38;5;3m[RoutesResolver] [39m[32mMovimientosController {/movimientos}:[39m[38;5;3m +0ms[39m
[32m[Nest] 30504  - [39m30/04/2026, 2:37:40 [32m    LOG[39m [38;5;3m[RouterExplorer] [39m[32mMapped {/movimientos, GET} route[39m[38;5;3m +1ms[39m
[32m[Nest] 30504  - [39m30/04/2026, 2:37:40 [32m    LOG[39m [38;5;3m[RouterExplorer] [39m[32mMapped {/movimientos/despachar-kit, POST} route[39m[38;5;3m +0ms[39m
[32m[Nest] 30504  - [39m30/04/2026, 2:37:40 [32m    LOG[39m [38;5;3m[RoutesResolver] [39m[32mTransferenciasController {/transferencias}:[39m[38;5;3m +0ms[39m
[32m[Nest] 30504  - [39m30/04/2026, 2:37:40 [32m    LOG[39m [38;5;3m[RouterExplorer] [39m[32mMapped {/transferencias, GET} route[39m[38;5;3m +0ms[39m
[32m[Nest] 30504  - [39m30/04/2026, 2:37:40 [32m    LOG[39m [38;5;3m[RouterExplorer] [39m[32mMapped {/transferencias/:id, GET} route[39m[38;5;3m +0ms[39m
[32m[Nest] 30504  - [39m30/04/2026, 2:37:40 [32m    LOG[39m [38;5;3m[RouterExplorer] [39m[32mMapped {/transferencias/enviar, POST} route[39m[38;5;3m +1ms[39m
[32m[Nest] 30504  - [39m30/04/2026, 2:37:40 [32m    LOG[39m [38;5;3m[RouterExplorer] [39m[32mMapped {/transferencias/recibir, POST} route[39m[38;5;3m +0ms[39m
[32m[Nest] 30504  - [39m30/04/2026, 2:37:40 [32m    LOG[39m [38;5;3m[RoutesResolver] [39m[32mNotificacionesController {/notificaciones}:[39m[38;5;3m +0ms[39m
[32m[Nest] 30504  - [39m30/04/2026, 2:37:40 [32m    LOG[39m [38;5;3m[RouterExplorer] [39m[32mMapped {/notificaciones/revisar, POST} route[39m[38;5;3m +0ms[39m
[32m[Nest] 30504  - [39m30/04/2026, 2:37:40 [32m    LOG[39m [38;5;3m[RoutesResolver] [39m[32mAnaliticaController {/analitica}:[39m[38;5;3m +0ms[39m
[32m[Nest] 30504  - [39m30/04/2026, 2:37:40 [32m    LOG[39m [38;5;3m[RouterExplorer] [39m[32mMapped {/analitica/entrenar/:id_sucursal, GET} route[39m[38;5;3m +0ms[39m
[32m[Nest] 30504  - [39m30/04/2026, 2:37:40 [32m    LOG[39m [38;5;3m[RouterExplorer] [39m[32mMapped {/analitica/prediccion/:id_sucursal, GET} route[39m[38;5;3m +1ms[39m
[32m[Nest] 30504  - [39m30/04/2026, 2:37:40 [32m    LOG[39m [38;5;3m[NestApplication] [39m[32mNest application successfully started[39m[38;5;3m +58ms[39m
[31m[Nest] 30504  - [39m30/04/2026, 2:37:40 [31m  ERROR[39m [38;5;3m[NestApplication] [39m[31mError: listen EADDRINUSE: address already in use :::3000[39m[38;5;3m +2ms[39m
node:internal/errors:491
    ErrorCaptureStackTrace(err);
    ^

Error: listen EADDRINUSE: address already in use :::3000
    at __node_internal_captureLargerStackTrace (node:internal/errors:491:5)
    at __node_internal_uvExceptionWithHostPort (node:internal/errors:590:12)
    at Server.setupListenHandle [as _listen2] (node:net:1733:16)
    at listenInCluster (node:net:1781:12)
    at Server.listen (node:net:1869:7)
    at ExpressAdapter.listen (C:\Users\Crist\Desktop\ProyectoCedent\cendent-backend\node_modules\@nestjs\platform-express\adapters\express-adapter.js:115:32)
    at C:\Users\Crist\Desktop\ProyectoCedent\cendent-backend\node_modules\@nestjs\core\nest-application.js:188:30
    at new Promise (<anonymous>)
    at NestApplication.listen (C:\Users\Crist\Desktop\ProyectoCedent\cendent-backend\node_modules\@nestjs\core\nest-application.js:178:16)
    at bootstrap (C:\Users\Crist\Desktop\ProyectoCedent\cendent-backend\src\main.ts:27:3) {
  code: 'EADDRINUSE',
  errno: -4091,
  syscall: 'listen',
  address: '::',
  port: 3000
}

Node.js v18.13.0
[2J[3J[H[[90m2:37:46[0m] File change detected. Starting incremental compilation...

[[90m2:37:46[0m] Found 0 errors. Watching for file changes.

[32m[Nest] 10244  - [39m30/04/2026, 2:37:48 [32m    LOG[39m [38;5;3m[NestFactory] [39m[32mStarting Nest application...[39m
[32m[Nest] 10244  - [39m30/04/2026, 2:37:48 [32m    LOG[39m [38;5;3m[InstanceLoader] [39m[32mPrismaModule dependencies initialized[39m[38;5;3m +29ms[39m
[32m[Nest] 10244  - [39m30/04/2026, 2:37:48 [32m    LOG[39m [38;5;3m[InstanceLoader] [39m[32mPassportModule dependencies initialized[39m[38;5;3m +0ms[39m
[32m[Nest] 10244  - [39m30/04/2026, 2:37:48 [32m    LOG[39m [38;5;3m[InstanceLoader] [39m[32mJwtModule dependencies initialized[39m[38;5;3m +4ms[39m
[32m[Nest] 10244  - [39m30/04/2026, 2:37:48 [32m    LOG[39m [38;5;3m[InstanceLoader] [39m[32mDiscoveryModule dependencies initialized[39m[38;5;3m +0ms[39m
[32m[Nest] 10244  - [39m30/04/2026, 2:37:48 [32m    LOG[39m [38;5;3m[InstanceLoader] [39m[32mAppModule dependencies initialized[39m[38;5;3m +2ms[39m
[32m[Nest] 10244  - [39m30/04/2026, 2:37:48 [32m    LOG[39m [38;5;3m[InstanceLoader] [39m[32mScheduleModule dependencies initialized[39m[38;5;3m +0ms[39m
[32m[Nest] 10244  - [39m30/04/2026, 2:37:48 [32m    LOG[39m [38;5;3m[InstanceLoader] [39m[32mAuthModule dependencies initialized[39m[38;5;3m +1ms[39m
[32m[Nest] 10244  - [39m30/04/2026, 2:37:48 [32m    LOG[39m [38;5;3m[InstanceLoader] [39m[32mUsuariosModule dependencies initialized[39m[38;5;3m +0ms[39m
[32m[Nest] 10244  - [39m30/04/2026, 2:37:48 [32m    LOG[39m [38;5;3m[InstanceLoader] [39m[32mProductosModule dependencies initialized[39m[38;5;3m +1ms[39m
[32m[Nest] 10244  - [39m30/04/2026, 2:37:48 [32m    LOG[39m [38;5;3m[InstanceLoader] [39m[32mKitsModule dependencies initialized[39m[38;5;3m +0ms[39m
[32m[Nest] 10244  - [39m30/04/2026, 2:37:48 [32m    LOG[39m [38;5;3m[InstanceLoader] [39m[32mLotesModule dependencies initialized[39m[38;5;3m +0ms[39m
[32m[Nest] 10244  - [39m30/04/2026, 2:37:48 [32m    LOG[39m [38;5;3m[InstanceLoader] [39m[32mMovimientosModule dependencies initialized[39m[38;5;3m +0ms[39m
[32m[Nest] 10244  - [39m30/04/2026, 2:37:48 [32m    LOG[39m [38;5;3m[InstanceLoader] [39m[32mTransferenciasModule dependencies initialized[39m[38;5;3m +0ms[39m
[32m[Nest] 10244  - [39m30/04/2026, 2:37:48 [32m    LOG[39m [38;5;3m[InstanceLoader] [39m[32mNotificacionesModule dependencies initialized[39m[38;5;3m +0ms[39m
[32m[Nest] 10244  - [39m30/04/2026, 2:37:48 [32m    LOG[39m [38;5;3m[InstanceLoader] [39m[32mAnaliticaModule dependencies initialized[39m[38;5;3m +0ms[39m
[32m[Nest] 10244  - [39m30/04/2026, 2:37:48 [32m    LOG[39m [38;5;3m[RoutesResolver] [39m[32mAppController {/}:[39m[38;5;3m +39ms[39m
[32m[Nest] 10244  - [39m30/04/2026, 2:37:48 [32m    LOG[39m [38;5;3m[RouterExplorer] [39m[32mMapped {/, GET} route[39m[38;5;3m +3ms[39m
[32m[Nest] 10244  - [39m30/04/2026, 2:37:48 [32m    LOG[39m [38;5;3m[RoutesResolver] [39m[32mAuthController {/auth}:[39m[38;5;3m +0ms[39m
[32m[Nest] 10244  - [39m30/04/2026, 2:37:48 [32m    LOG[39m [38;5;3m[RouterExplorer] [39m[32mMapped {/auth/login, POST} route[39m[38;5;3m +1ms[39m
[32m[Nest] 10244  - [39m30/04/2026, 2:37:48 [32m    LOG[39m [38;5;3m[RoutesResolver] [39m[32mUsuariosController {/usuarios}:[39m[38;5;3m +0ms[39m
[32m[Nest] 10244  - [39m30/04/2026, 2:37:48 [32m    LOG[39m [38;5;3m[RouterExplorer] [39m[32mMapped {/usuarios, POST} route[39m[38;5;3m +1ms[39m
[32m[Nest] 10244  - [39m30/04/2026, 2:37:48 [32m    LOG[39m [38;5;3m[RouterExplorer] [39m[32mMapped {/usuarios, GET} route[39m[38;5;3m +0ms[39m
[32m[Nest] 10244  - [39m30/04/2026, 2:37:48 [32m    LOG[39m [38;5;3m[RouterExplorer] [39m[32mMapped {/usuarios/:id, GET} route[39m[38;5;3m +4ms[39m
[32m[Nest] 10244  - [39m30/04/2026, 2:37:48 [32m    LOG[39m [38;5;3m[RoutesResolver] [39m[32mProductosController {/productos}:[39m[38;5;3m +0ms[39m
[32m[Nest] 10244  - [39m30/04/2026, 2:37:48 [32m    LOG[39m [38;5;3m[RouterExplorer] [39m[32mMapped {/productos/inventario, GET} route[39m[38;5;3m +1ms[39m
[32m[Nest] 10244  - [39m30/04/2026, 2:37:48 [32m    LOG[39m [38;5;3m[RouterExplorer] [39m[32mMapped {/productos, GET} route[39m[38;5;3m +0ms[39m
[32m[Nest] 10244  - [39m30/04/2026, 2:37:48 [32m    LOG[39m [38;5;3m[RouterExplorer] [39m[32mMapped {/productos/:id, GET} route[39m[38;5;3m +0ms[39m
[32m[Nest] 10244  - [39m30/04/2026, 2:37:48 [32m    LOG[39m [38;5;3m[RouterExplorer] [39m[32mMapped {/productos, POST} route[39m[38;5;3m +1ms[39m
[32m[Nest] 10244  - [39m30/04/2026, 2:37:48 [32m    LOG[39m [38;5;3m[RouterExplorer] [39m[32mMapped {/productos/:id, PATCH} route[39m[38;5;3m +0ms[39m
[32m[Nest] 10244  - [39m30/04/2026, 2:37:48 [32m    LOG[39m [38;5;3m[RouterExplorer] [39m[32mMapped {/productos/:id, DELETE} route[39m[38;5;3m +0ms[39m
[32m[Nest] 10244  - [39m30/04/2026, 2:37:48 [32m    LOG[39m [38;5;3m[RoutesResolver] [39m[32mKitsController {/kits}:[39m[38;5;3m +0ms[39m
[32m[Nest] 10244  - [39m30/04/2026, 2:37:48 [32m    LOG[39m [38;5;3m[RouterExplorer] [39m[32mMapped {/kits, GET} route[39m[38;5;3m +1ms[39m
[32m[Nest] 10244  - [39m30/04/2026, 2:37:48 [32m    LOG[39m [38;5;3m[RouterExplorer] [39m[32mMapped {/kits/:id, GET} route[39m[38;5;3m +0ms[39m
[32m[Nest] 10244  - [39m30/04/2026, 2:37:48 [32m    LOG[39m [38;5;3m[RouterExplorer] [39m[32mMapped {/kits, POST} route[39m[38;5;3m +0ms[39m
[32m[Nest] 10244  - [39m30/04/2026, 2:37:48 [32m    LOG[39m [38;5;3m[RouterExplorer] [39m[32mMapped {/kits/:id, DELETE} route[39m[38;5;3m +1ms[39m
[32m[Nest] 10244  - [39m30/04/2026, 2:37:48 [32m    LOG[39m [38;5;3m[RoutesResolver] [39m[32mLotesController {/lotes}:[39m[38;5;3m +0ms[39m
[32m[Nest] 10244  - [39m30/04/2026, 2:37:48 [32m    LOG[39m [38;5;3m[RouterExplorer] [39m[32mMapped {/lotes, POST} route[39m[38;5;3m +0ms[39m
[32m[Nest] 10244  - [39m30/04/2026, 2:37:48 [32m    LOG[39m [38;5;3m[RouterExplorer] [39m[32mMapped {/lotes/producto/:id_producto, GET} route[39m[38;5;3m +0ms[39m
[32m[Nest] 10244  - [39m30/04/2026, 2:37:48 [32m    LOG[39m [38;5;3m[RoutesResolver] [39m[32mMovimientosController {/movimientos}:[39m[38;5;3m +0ms[39m
[32m[Nest] 10244  - [39m30/04/2026, 2:37:48 [32m    LOG[39m [38;5;3m[RouterExplorer] [39m[32mMapped {/movimientos, GET} route[39m[38;5;3m +1ms[39m
[32m[Nest] 10244  - [39m30/04/2026, 2:37:48 [32m    LOG[39m [38;5;3m[RouterExplorer] [39m[32mMapped {/movimientos/despachar-kit, POST} route[39m[38;5;3m +0ms[39m
[32m[Nest] 10244  - [39m30/04/2026, 2:37:48 [32m    LOG[39m [38;5;3m[RoutesResolver] [39m[32mTransferenciasController {/transferencias}:[39m[38;5;3m +0ms[39m
[32m[Nest] 10244  - [39m30/04/2026, 2:37:48 [32m    LOG[39m [38;5;3m[RouterExplorer] [39m[32mMapped {/transferencias, GET} route[39m[38;5;3m +0ms[39m
[32m[Nest] 10244  - [39m30/04/2026, 2:37:48 [32m    LOG[39m [38;5;3m[RouterExplorer] [39m[32mMapped {/transferencias/:id, GET} route[39m[38;5;3m +1ms[39m
[32m[Nest] 10244  - [39m30/04/2026, 2:37:48 [32m    LOG[39m [38;5;3m[RouterExplorer] [39m[32mMapped {/transferencias/enviar, POST} route[39m[38;5;3m +0ms[39m
[32m[Nest] 10244  - [39m30/04/2026, 2:37:48 [32m    LOG[39m [38;5;3m[RouterExplorer] [39m[32mMapped {/transferencias/recibir, POST} route[39m[38;5;3m +0ms[39m
[32m[Nest] 10244  - [39m30/04/2026, 2:37:48 [32m    LOG[39m [38;5;3m[RoutesResolver] [39m[32mNotificacionesController {/notificaciones}:[39m[38;5;3m +1ms[39m
[32m[Nest] 10244  - [39m30/04/2026, 2:37:48 [32m    LOG[39m [38;5;3m[RouterExplorer] [39m[32mMapped {/notificaciones/revisar, POST} route[39m[38;5;3m +0ms[39m
[32m[Nest] 10244  - [39m30/04/2026, 2:37:48 [32m    LOG[39m [38;5;3m[RoutesResolver] [39m[32mAnaliticaController {/analitica}:[39m[38;5;3m +0ms[39m
[32m[Nest] 10244  - [39m30/04/2026, 2:37:48 [32m    LOG[39m [38;5;3m[RouterExplorer] [39m[32mMapped {/analitica/entrenar/:id_sucursal, GET} route[39m[38;5;3m +0ms[39m
[32m[Nest] 10244  - [39m30/04/2026, 2:37:48 [32m    LOG[39m [38;5;3m[RouterExplorer] [39m[32mMapped {/analitica/prediccion/:id_sucursal, GET} route[39m[38;5;3m +1ms[39m
[32m[Nest] 10244  - [39m30/04/2026, 2:37:48 [32m    LOG[39m [38;5;3m[NestApplication] [39m[32mNest application successfully started[39m[38;5;3m +67ms[39m
as, GET} route[39m[38;5;3m +0ms[39m
[32m[Nest] 26372  - [39m30/04/2026, 2:04:51 [32m    LOG[39m [38;5;3m[RouterExplorer] [39m[32mMapped {/transferencias/:id, GET} route[39m[38;5;3m +0ms[39m
[32m[Nest] 26372  - [39m30/04/2026, 2:04:51 [32m    LOG[39m [38;5;3m[RouterExplorer] [39m[32mMapped {/transferencias/enviar, POST} route[39m[38;5;3m +0ms[39m
[32m[Nest] 26372  - [39m30/04/2026, 2:04:51 [32m    LOG[39m [38;5;3m[RouterExplorer] [39m[32mMapped {/transferencias/recibir, POST} route[39m[38;5;3m +0ms[39m
[32m[Nest] 26372  - [39m30/04/2026, 2:04:51 [32m    LOG[39m [38;5;3m[RoutesResolver] [39m[32mNotificacionesController {/notificaciones}:[39m[38;5;3m +0ms[39m
[32m[Nest] 26372  - [39m30/04/2026, 2:04:51 [32m    LOG[39m [38;5;3m[RouterExplorer] [39m[32mMapped {/notificaciones/revisar, POST} route[39m[38;5;3m +1ms[39m
[32m[Nest] 26372  - [39m30/04/2026, 2:04:51 [32m    LOG[39m [38;5;3m[RoutesResolver] [39m[32mAnaliticaController {/analitica}:[39m[38;5;3m +0ms[39m
[32m[Nest] 26372  - [39m30/04/2026, 2:04:51 [32m    LOG[39m [38;5;3m[RouterExplorer] [39m[32mMapped {/analitica/entrenar/:id_sucursal, GET} route[39m[38;5;3m +0ms[39m
[32m[Nest] 26372  - [39m30/04/2026, 2:04:51 [32m    LOG[39m [38;5;3m[RouterExplorer] [39m[32mMapped {/analitica/prediccion/:id_sucursal, GET} route[39m[38;5;3m +0ms[39m
[32m[Nest] 26372  - [39m30/04/2026, 2:04:51 [32m    LOG[39m [38;5;3m[NestApplication] [39m[32mNest application successfully started[39m[38;5;3m +64ms[39m
[31m[Nest] 26372  - [39m30/04/2026, 2:04:51 [31m  ERROR[39m [38;5;3m[NestApplication] [39m[31mError: listen EADDRINUSE: address already in use :::3000[39m[38;5;3m +1ms[39m
node:internal/errors:491
    ErrorCaptureStackTrace(err);
    ^

Error: listen EADDRINUSE: address already in use :::3000
    at __node_internal_captureLargerStackTrace (node:internal/errors:491:5)
    at __node_internal_uvExceptionWithHostPort (node:internal/errors:590:12)
    at Server.setupListenHandle [as _listen2] (node:net:1733:16)
    at listenInCluster (node:net:1781:12)
    at Server.listen (node:net:1869:7)
    at ExpressAdapter.listen (C:\Users\Crist\Desktop\ProyectoCedent\cendent-backend\node_modules\@nestjs\platform-express\adapters\express-adapter.js:115:32)
    at C:\Users\Crist\Desktop\ProyectoCedent\cendent-backend\node_modules\@nestjs\core\nest-application.js:188:30
    at new Promise (<anonymous>)
    at NestApplication.listen (C:\Users\Crist\Desktop\ProyectoCedent\cendent-backend\node_modules\@nestjs\core\nest-application.js:178:16)
    at bootstrap (C:\Users\Crist\Desktop\ProyectoCedent\cendent-backend\src\main.ts:27:3) {
  code: 'EADDRINUSE',
  errno: -4091,
  syscall: 'listen',
  address: '::',
  port: 3000
}

Node.js v18.13.0
[2J[3J[H[[90m2:04:53[0m] File change detected. Starting incremental compilation...

[[90m2:04:53[0m] Found 0 errors. Watching for file changes.

[32m[Nest] 10772  - [39m30/04/2026, 2:04:55 [32m    LOG[39m [38;5;3m[NestFactory] [39m[32mStarting Nest application...[39m
[32m[Nest] 10772  - [39m30/04/2026, 2:04:55 [32m    LOG[39m [38;5;3m[InstanceLoader] [39m[32mPrismaModule dependencies initialized[39m[38;5;3m +36ms[39m
[32m[Nest] 10772  - [39m30/04/2026, 2:04:55 [32m    LOG[39m [38;5;3m[InstanceLoader] [39m[32mPassportModule dependencies initialized[39m[38;5;3m +1ms[39m
[32m[Nest] 10772  - [39m30/04/2026, 2:04:55 [32m    LOG[39m [38;5;3m[InstanceLoader] [39m[32mJwtModule dependencies initialized[39m[38;5;3m +4ms[39m
[32m[Nest] 10772  - [39m30/04/2026, 2:04:55 [32m    LOG[39m [38;5;3m[InstanceLoader] [39m[32mDiscoveryModule dependencies initialized[39m[38;5;3m +0ms[39m
[32m[Nest] 10772  - [39m30/04/2026, 2:04:55 [32m    LOG[39m [38;5;3m[InstanceLoader] [39m[32mAppModule dependencies initialized[39m[38;5;3m +2ms[39m
[32m[Nest] 10772  - [39m30/04/2026, 2:04:55 [32m    LOG[39m [38;5;3m[InstanceLoader] [39m[32mScheduleModule dependencies initialized[39m[38;5;3m +1ms[39m
[32m[Nest] 10772  - [39m30/04/2026, 2:04:55 [32m    LOG[39m [38;5;3m[InstanceLoader] [39m[32mAuthModule dependencies initialized[39m[38;5;3m +1ms[39m
[32m[Nest] 10772  - [39m30/04/2026, 2:04:55 [32m    LOG[39m [38;5;3m[InstanceLoader] [39m[32mUsuariosModule dependencies initialized[39m[38;5;3m +0ms[39m
[32m[Nest] 10772  - [39m30/04/2026, 2:04:55 [32m    LOG[39m [38;5;3m[InstanceLoader] [39m[32mProductosModule dependencies initialized[39m[38;5;3m +0ms[39m
[32m[Nest] 10772  - [39m30/04/2026, 2:04:55 [32m    LOG[39m [38;5;3m[InstanceLoader] [39m[32mKitsModule dependencies initialized[39m[38;5;3m +0ms[39m
[32m[Nest] 10772  - [39m30/04/2026, 2:04:55 [32m    LOG[39m [38;5;3m[InstanceLoader] [39m[32mLotesModule dependencies initialized[39m[38;5;3m +1ms[39m
[32m[Nest] 10772  - [39m30/04/2026, 2:04:55 [32m    LOG[39m [38;5;3m[InstanceLoader] [39m[32mMovimientosModule dependencies initialized[39m[38;5;3m +0ms[39m
[32m[Nest] 10772  - [39m30/04/2026, 2:04:55 [32m    LOG[39m [38;5;3m[InstanceLoader] [39m[32mTransferenciasModule dependencies initialized[39m[38;5;3m +0ms[39m
[32m[Nest] 10772  - [39m30/04/2026, 2:04:55 [32m    LOG[39m [38;5;3m[InstanceLoader] [39m[32mNotificacionesModule dependencies initialized[39m[38;5;3m +0ms[39m
[32m[Nest] 10772  - [39m30/04/2026, 2:04:55 [32m    LOG[39m [38;5;3m[InstanceLoader] [39m[32mAnaliticaModule dependencies initialized[39m[38;5;3m +0ms[39m
[32m[Nest] 10772  - [39m30/04/2026, 2:04:55 [32m    LOG[39m [38;5;3m[RoutesResolver] [39m[32mAppController {/}:[39m[38;5;3m +52ms[39m
[32m[Nest] 10772  - [39m30/04/2026, 2:04:55 [32m    LOG[39m [38;5;3m[RouterExplorer] [39m[32mMapped {/, GET} route[39m[38;5;3m +2ms[39m
[32m[Nest] 10772  - [39m30/04/2026, 2:04:55 [32m    LOG[39m [38;5;3m[RoutesResolver] [39m[32mAuthController {/auth}:[39m[38;5;3m +0ms[39m
[32m[Nest] 10772  - [39m30/04/2026, 2:04:55 [32m    LOG[39m [38;5;3m[RouterExplorer] [39m[32mMapped {/auth/login, POST} route[39m[38;5;3m +1ms[39m
[32m[Nest] 10772  - [39m30/04/2026, 2:04:55 [32m    LOG[39m [38;5;3m[RoutesResolver] [39m[32mUsuariosController {/usuarios}:[39m[38;5;3m +0ms[39m
[32m[Nest] 10772  - [39m30/04/2026, 2:04:55 [32m    LOG[39m [38;5;3m[RouterExplorer] [39m[32mMapped {/usuarios, POST} route[39m[38;5;3m +1ms[39m
[32m[Nest] 10772  - [39m30/04/2026, 2:04:55 [32m    LOG[39m [38;5;3m[RouterExplorer] [39m[32mMapped {/usuarios, GET} route[39m[38;5;3m +0ms[39m
[32m[Nest] 10772  - [39m30/04/2026, 2:04:55 [32m    LOG[39m [38;5;3m[RouterExplorer] [39m[32mMapped {/usuarios/:id, GET} route[39m[38;5;3m +1ms[39m
[32m[Nest] 10772  - [39m30/04/2026, 2:04:55 [32m    LOG[39m [38;5;3m[RoutesResolver] [39m[32mProductosController {/productos}:[39m[38;5;3m +0ms[39m
[32m[Nest] 10772  - [39m30/04/2026, 2:04:55 [32m    LOG[39m [38;5;3m[RouterExplorer] [39m[32mMapped {/productos/inventario, GET} route[39m[38;5;3m +0ms[39m
[32m[Nest] 10772  - [39m30/04/2026, 2:04:55 [32m    LOG[39m [38;5;3m[RouterExplorer] [39m[32mMapped {/productos, GET} route[39m[38;5;3m +1ms[39m
[32m[Nest] 10772  - [39m30/04/2026, 2:04:55 [32m    LOG[39m [38;5;3m[RouterExplorer] [39m[32mMapped {/productos/:id, GET} route[39m[38;5;3m +0ms[39m
[32m[Nest] 10772  - [39m30/04/2026, 2:04:55 [32m    LOG[39m [38;5;3m[RouterExplorer] [39m[32mMapped {/productos, POST} route[39m[38;5;3m +1ms[39m
[32m[Nest] 10772  - [39m30/04/2026, 2:04:55 [32m    LOG[39m [38;5;3m[RouterExplorer] [39m[32mMapped {/productos/:id, PATCH} route[39m[38;5;3m +0ms[39m
[32m[Nest] 10772  - [39m30/04/2026, 2:04:55 [32m    LOG[39m [38;5;3m[RouterExplorer] [39m[32mMapped {/productos/:id, DELETE} route[39m[38;5;3m +1ms[39m
[32m[Nest] 10772  - [39m30/04/2026, 2:04:55 [32m    LOG[39m [38;5;3m[RoutesResolver] [39m[32mKitsController {/kits}:[39m[38;5;3m +0ms[39m
[32m[Nest] 10772  - [39m30/04/2026, 2:04:55 [32m    LOG[39m [38;5;3m[RouterExplorer] [39m[32mMapped {/kits, GET} route[39m[38;5;3m +0ms[39m
[32m[Nest] 10772  - [39m30/04/2026, 2:04:55 [32m    LOG[39m [38;5;3m[RouterExplorer] [39m[32mMapped {/kits/:id, GET} route[39m[38;5;3m +1ms[39m
[32m[Nest] 10772  - [39m30/04/2026, 2:04:55 [32m    LOG[39m [38;5;3m[RouterExplorer] [39m[32mMapped {/kits, POST} route[39m[38;5;3m +3ms[39m
[32m[Nest] 10772  - [39m30/04/2026, 2:04:55 [32m    LOG[39m [38;5;3m[RouterExplorer] [39m[32mMapped {/kits/:id, DELETE} route[39m[38;5;3m +0ms[39m
[32m[Nest] 10772  - [39m30/04/2026, 2:04:55 [32m    LOG[39m [38;5;3m[RoutesResolver] [39m[32mLotesController {/lotes}:[39m[38;5;3m +1ms[39m
[32m[Nest] 10772  - [39m30/04/2026, 2:04:55 [32m    LOG[39m [38;5;3m[RouterExplorer] [39m[32mMapped {/lotes, POST} route[39m[38;5;3m +0ms[39m
[32m[Nest] 10772  - [39m30/04/2026, 2:04:55 [32m    LOG[39m [38;5;3m[RouterExplorer] [39m[32mMapped {/lotes/producto/:id_producto, GET} route[39m[38;5;3m +0ms[39m
[32m[Nest] 10772  - [39m30/04/2026, 2:04:55 [32m    LOG[39m [38;5;3m[RoutesResolver] [39m[32mMovimientosController {/movimientos}:[39m[38;5;3m +1ms[39m
[32m[Nest] 10772  - [39m30/04/2026, 2:04:55 [32m    LOG[39m [38;5;3m[RouterExplorer] [39m[32mMapped {/movimientos, GET} route[39m[38;5;3m +0ms[39m
[32m[Nest] 10772  - [39m30/04/2026, 2:04:55 [32m    LOG[39m [38;5;3m[RouterExplorer] [39m[32mMapped {/movimientos/despachar-kit, POST} route[39m[38;5;3m +0ms[39m
[32m[Nest] 10772  - [39m30/04/2026, 2:04:55 [32m    LOG[39m [38;5;3m[RoutesResolver] [39m[32mTransferenciasController {/transferencias}:[39m[38;5;3m +0ms[39m
[32m[Nest] 10772  - [39m30/04/2026, 2:04:55 [32m    LOG[39m [38;5;3m[RouterExplorer] [39m[32mMapped {/transferencias, GET} route[39m[38;5;3m +1ms[39m
[32m[Nest] 10772  - [39m30/04/2026, 2:04:55 [32m    LOG[39m [38;5;3m[RouterExplorer] [39m[32mMapped {/transferencias/:id, GET} route[39m[38;5;3m +0ms[39m
[32m[Nest] 10772  - [39m30/04/2026, 2:04:55 [32m    LOG[39m [38;5;3m[RouterExplorer] [39m[32mMapped {/transferencias/enviar, POST} route[39m[38;5;3m +0ms[39m
[32m[Nest] 10772  - [39m30/04/2026, 2:04:55 [32m    LOG[39m [38;5;3m[RouterExplorer] [39m[32mMapped {/transferencias/recibir, POST} route[39m[38;5;3m +1ms[39m
[32m[Nest] 10772  - [39m30/04/2026, 2:04:55 [32m    LOG[39m [38;5;3m[RoutesResolver] [39m[32mNotificacionesController {/notificaciones}:[39m[38;5;3m +0ms[39m
[32m[Nest] 10772  - [39m30/04/2026, 2:04:55 [32m    LOG[39m [38;5;3m[RouterExplorer] [39m[32mMapped {/notificaciones/revisar, POST} route[39m[38;5;3m +0ms[39m
[32m[Nest] 10772  - [39m30/04/2026, 2:04:55 [32m    LOG[39m [38;5;3m[RoutesResolver] [39m[32mAnaliticaController {/analitica}:[39m[38;5;3m +1ms[39m
[32m[Nest] 10772  - [39m30/04/2026, 2:04:55 [32m    LOG[39m [38;5;3m[RouterExplorer] [39m[32mMapped {/analitica/entrenar/:id_sucursal, GET} route[39m[38;5;3m +0ms[39m
[32m[Nest] 10772  - [39m30/04/2026, 2:04:55 [32m    LOG[39m [38;5;3m[RouterExplorer] [39m[32mMapped {/analitica/prediccion/:id_sucursal, GET} route[39m[38;5;3m +0ms[39m
[32m[Nest] 10772  - [39m30/04/2026, 2:04:56 [32m    LOG[39m [38;5;3m[NestApplication] [39m[32mNest application successfully started[39m[38;5;3m +77ms[39m
[32m[Nest] 10772  - [39m30/04/2026, 2:10:11 [32m    LOG[39m [38;5;3m[NotificacionesService] [39m[32mIniciando revisión automática de inventario...[39m
[33m[Nest] 10772  - [39m30/04/2026, 2:10:11 [33m   WARN[39m [38;5;3m[NotificacionesService] [39m[33mAlerta stock emitida: 173 producto(s) bajo mínimo[39m
[32m[Nest] 10772  - [39m30/04/2026, 2:10:11 [32m    LOG[39m [38;5;3m[NotificacionesService] [39m[32mRevisión de inventario finalizada.[39m
[32m[Nest] 10772  - [39m30/04/2026, 2:10:46 [32m    LOG[39m [38;5;3m[AnaliticaService] [39m[32mIniciando entrenamiento LSTM para sucursal 1...[39m
[32m[Nest] 10772  - [39m30/04/2026, 2:10:46 [32m    LOG[39m [38;5;3m[AnaliticaService] [39m[32mEntrenamiento finalizado: 2 producto(s) para sucursal 1.[39m
[32m[Nest] 10772  - [39m30/04/2026, 2:11:43 [32m    LOG[39m [38;5;3m[AnaliticaService] [39m[32mIniciando predicción de demanda (30d) para sucursal 1...[39m
[32m[Nest] 10772  - [39m30/04/2026, 2:11:43 [32m    LOG[39m [38;5;3m[AnaliticaService] [39m[32mPredicción finalizada: 2 producto(s) analizados para sucursal 1.[39m
[32m[Nest] 10772  - [39m30/04/2026, 2:13:29 [32m    LOG[39m [38;5;3m[AnaliticaService] [39m[32mIniciando entrenamiento LSTM para sucursal 3...[39m
[32m[Nest] 10772  - [39m30/04/2026, 2:13:29 [32m    LOG[39m [38;5;3m[AnaliticaService] [39m[32mEntrenamiento finalizado: 0 producto(s) para sucursal 3.[39m
[2J[3J[H[[90m2:37:06[0m] File change detected. Starting incremental compilation...

[[90m2:37:07[0m] Found 0 errors. Watching for file changes.

[32m[Nest] 28340  - [39m30/04/2026, 2:37:09 [32m    LOG[39m [38;5;3m[NestFactory] [39m[32mStarting Nest application...[39m
[32m[Nest] 28340  - [39m30/04/2026, 2:37:09 [32m    LOG[39m [38;5;3m[InstanceLoader] [39m[32mPrismaModule dependencies initialized[39m[38;5;3m +28ms[39m
[32m[Nest] 28340  - [39m30/04/2026, 2:37:09 [32m    LOG[39m [38;5;3m[InstanceLoader] [39m[32mPassportModule dependencies initialized[39m[38;5;3m +0ms[39m
[32m[Nest] 28340  - [39m30/04/2026, 2:37:09 [32m    LOG[39m [38;5;3m[InstanceLoader] [39m[32mJwtModule dependencies initialized[39m[38;5;3m +5ms[39m
[32m[Nest] 28340  - [39m30/04/2026, 2:37:09 [32m    LOG[39m [38;5;3m[InstanceLoader] [39m[32mDiscoveryModule dependencies initialized[39m[38;5;3m +1ms[39m
[32m[Nest] 28340  - [39m30/04/2026, 2:37:09 [32m    LOG[39m [38;5;3m[InstanceLoader] [39m[32mAppModule dependencies initialized[39m[38;5;3m +1ms[39m
[32m[Nest] 28340  - [39m30/04/2026, 2:37:09 [32m    LOG[39m [38;5;3m[InstanceLoader] [39m[32mScheduleModule dependencies initialized[39m[38;5;3m +1ms[39m
[32m[Nest] 28340  - [39m30/04/2026, 2:37:09 [32m    LOG[39m [38;5;3m[InstanceLoader] [39m[32mAuthModule dependencies initialized[39m[38;5;3m +1ms[39m
[32m[Nest] 28340  - [39m30/04/2026, 2:37:09 [32m    LOG[39m [38;5;3m[InstanceLoader] [39m[32mUsuariosModule dependencies initialized[39m[38;5;3m +0ms[39m
[32m[Nest] 28340  - [39m30/04/2026, 2:37:09 [32m    LOG[39m [38;5;3m[InstanceLoader] [39m[32mProductosModule dependencies initialized[39m[38;5;3m +0ms[39m
[32m[Nest] 28340  - [39m30/04/2026, 2:37:09 [32m    LOG[39m [38;5;3m[InstanceLoader] [39m[32mKitsModule dependencies initialized[39m[38;5;3m +0ms[39m
[32m[Nest] 28340  - [39m30/04/2026, 2:37:09 [32m    LOG[39m [38;5;3m[InstanceLoader] [39m[32mLotesModule dependencies initialized[39m[38;5;3m +0ms[39m
[32m[Nest] 28340  - [39m30/04/2026, 2:37:09 [32m    LOG[39m [38;5;3m[InstanceLoader] [39m[32mMovimientosModule dependencies initialized[39m[38;5;3m +0ms[39m
[32m[Nest] 28340  - [39m30/04/2026, 2:37:09 [32m    LOG[39m [38;5;3m[InstanceLoader] [39m[32mTransferenciasModule dependencies initialized[39m[38;5;3m +0ms[39m
[32m[Nest] 28340  - [39m30/04/2026, 2:37:09 [32m    LOG[39m [38;5;3m[InstanceLoader] [39m[32mNotificacionesModule dependencies initialized[39m[38;5;3m +1ms[39m
[32m[Nest] 28340  - [39m30/04/2026, 2:37:09 [32m    LOG[39m [38;5;3m[InstanceLoader] [39m[32mAnaliticaModule dependencies initialized[39m[38;5;3m +0ms[39m
[32m[Nest] 28340  - [39m30/04/2026, 2:37:09 [32m    LOG[39m [38;5;3m[RoutesResolver] [39m[32mAppController {/}:[39m[38;5;3m +45ms[39m
[32m[Nest] 28340  - [39m30/04/2026, 2:37:09 [32m    LOG[39m [38;5;3m[RouterExplorer] [39m[32mMapped {/, GET} route[39m[38;5;3m +3ms[39m
[32m[Nest] 28340  - [39m30/04/2026, 2:37:09 [32m    LOG[39m [38;5;3m[RoutesResolver] [39m[32mAuthController {/auth}:[39m[38;5;3m +0ms[39m
[32m[Nest] 28340  - [39m30/04/2026, 2:37:09 [32m    LOG[39m [38;5;3m[RouterExplorer] [39m[32mMapped {/auth/login, POST} route[39m[38;5;3m +0ms[39m
[32m[Nest] 28340  - [39m30/04/2026, 2:37:09 [32m    LOG[39m [38;5;3m[RoutesResolver] [39m[32mUsuariosController {/usuarios}:[39m[38;5;3m +0ms[39m
[32m[Nest] 28340  - [39m30/04/2026, 2:37:09 [32m    LOG[39m [38;5;3m[RouterExplorer] [39m[32mMapped {/usuarios, POST} route[39m[38;5;3m +1ms[39m
[32m[Nest] 28340  - [39m30/04/2026, 2:37:09 [32m    LOG[39m [38;5;3m[RouterExplorer] [39m[32mMapped {/usuarios, GET} route[39m[38;5;3m +0ms[39m
[32m[Nest] 28340  - [39m30/04/2026, 2:37:09 [32m    LOG[39m [38;5;3m[RouterExplorer] [39m[32mMapped {/usuarios/:id, GET} route[39m[38;5;3m +1ms[39m
[32m[Nest] 28340  - [39m30/04/2026, 2:37:09 [32m    LOG[39m [38;5;3m[RoutesResolver] [39m[32mProductosController {/productos}:[39m[38;5;3m +0ms[39m
[32m[Nest] 28340  - [39m30/04/2026, 2:37:09 [32m    LOG[39m [38;5;3m[RouterExplorer] [39m[32mMapped {/productos/inventario, GET} route[39m[38;5;3m +0ms[39m
[32m[Nest] 28340  - [39m30/04/2026, 2:37:09 [32m    LOG[39m [38;5;3m[RouterExplorer] [39m[32mMapped {/productos, GET} route[39m[38;5;3m +0ms[39m
[32m[Nest] 28340  - [39m30/04/2026, 2:37:09 [32m    LOG[39m [38;5;3m[RouterExplorer] [39m[32mMapped {/productos/:id, GET} route[39m[38;5;3m +1ms[39m
[32m[Nest] 28340  - [39m30/04/2026, 2:37:09 [32m    LOG[39m [38;5;3m[RouterExplorer] [39m[32mMapped {/productos, POST} route[39m[38;5;3m +0ms[39m
[32m[Nest] 28340  - [39m30/04/2026, 2:37:09 [32m    LOG[39m [38;5;3m[RouterExplorer] [39m[32mMapped {/productos/:id, PATCH} route[39m[38;5;3m +1ms[39m
[32m[Nest] 28340  - [39m30/04/2026, 2:37:09 [32m    LOG[39m [38;5;3m[RouterExplorer] [39m[32mMapped {/productos/:id, DELETE} route[39m[38;5;3m +0ms[39m
[32m[Nest] 28340  - [39m30/04/2026, 2:37:09 [32m    LOG[39m [38;5;3m[RoutesResolver] [39m[32mKitsController {/kits}:[39m[38;5;3m +0ms[39m
[32m[Nest] 28340  - [39m30/04/2026, 2:37:09 [32m    LOG[39m [38;5;3m[RouterExplorer] [39m[32mMapped {/kits, GET} route[39m[38;5;3m +1ms[39m
[32m[Nest] 28340  - [39m30/04/2026, 2:37:09 [32m    LOG[39m [38;5;3m[RouterExplorer] [39m[32mMapped {/kits/:id, GET} route[39m[38;5;3m +0ms[39m
[32m[Nest] 28340  - [39m30/04/2026, 2:37:09 [32m    LOG[39m [38;5;3m[RouterExplorer] [39m[32mMapped {/kits, POST} route[39m[38;5;3m +1ms[39m
[32m[Nest] 28340  - [39m30/04/2026, 2:37:09 [32m    LOG[39m [38;5;3m[RouterExplorer] [39m[32mMapped {/kits/:id, DELETE} route[39m[38;5;3m +0ms[39m
[32m[Nest] 28340  - [39m30/04/2026, 2:37:09 [32m    LOG[39m [38;5;3m[RoutesResolver] [39m[32mLotesController {/lotes}:[39m[38;5;3m +0ms[39m
[32m[Nest] 28340  - [39m30/04/2026, 2:37:09 [32m    LOG[39m [38;5;3m[RouterExplorer] [39m[32mMapped {/lotes, POST} route[39m[38;5;3m +0ms[39m
[32m[Nest] 28340  - [39m30/04/2026, 2:37:09 [32m    LOG[39m [38;5;3m[RouterExplorer] [39m[32mMapped {/lotes/producto/:id_producto, GET} route[39m[38;5;3m +0ms[39m
[32m[Nest] 28340  - [39m30/04/2026, 2:37:09 [32m    LOG[39m [38;5;3m[RoutesResolver] [39m[32mMovimientosController {/movimientos}:[39m[38;5;3m +0ms[39m
[32m[Nest] 28340  - [39m30/04/2026, 2:37:09 [32m    LOG[39m [38;5;3m[RouterExplorer] [39m[32mMapped {/movimientos, GET} route[39m[38;5;3m +0ms[39m
[32m[Nest] 28340  - [39m30/04/2026, 2:37:09 [32m    LOG[39m [38;5;3m[RouterExplorer] [39m[32mMapped {/movimientos/despachar-kit, POST} route[39m[38;5;3m +1ms[39m
[32m[Nest] 28340  - [39m30/04/2026, 2:37:09 [32m    LOG[39m [38;5;3m[RoutesResolver] [39m[32mTransferenciasController {/transferencias}:[39m[38;5;3m +0ms[39m
[32m[Nest] 28340  - [39m30/04/2026, 2:37:09 [32m    LOG[39m [38;5;3m[RouterExplorer] [39m[32mMapped {/transferencias, GET} route[39m[38;5;3m +0ms[39m
[32m[Nest] 28340  - [39m30/04/2026, 2:37:09 [32m    LOG[39m [38;5;3m[RouterExplorer] [39m[32mMapped {/transferencias/:id, GET} route[39m[38;5;3m +0ms[39m
[32m[Nest] 28340  - [39m30/04/2026, 2:37:09 [32m    LOG[39m [38;5;3m[RouterExplorer] [39m[32mMapped {/transferencias/enviar, POST} route[39m[38;5;3m +0ms[39m
[32m[Nest] 28340  - [39m30/04/2026, 2:37:09 [32m    LOG[39m [38;5;3m[RouterExplorer] [39m[32mMapped {/transferencias/recibir, POST} route[39m[38;5;3m +0ms[39m
[32m[Nest] 28340  - [39m30/04/2026, 2:37:09 [32m    LOG[39m [38;5;3m[RoutesResolver] [39m[32mNotificacionesController {/notificaciones}:[39m[38;5;3m +0ms[39m
[32m[Nest] 28340  - [39m30/04/2026, 2:37:09 [32m    LOG[39m [38;5;3m[RouterExplorer] [39m[32mMapped {/notificaciones/revisar, POST} route[39m[38;5;3m +1ms[39m
[32m[Nest] 28340  - [39m30/04/2026, 2:37:09 [32m    LOG[39m [38;5;3m[RoutesResolver] [39m[32mAnaliticaController {/analitica}:[39m[38;5;3m +0ms[39m
[32m[Nest] 28340  - [39m30/04/2026, 2:37:09 [32m    LOG[39m [38;5;3m[RouterExplorer] [39m[32mMapped {/analitica/entrenar/:id_sucursal, GET} route[39m[38;5;3m +0ms[39m
[32m[Nest] 28340  - [39m30/04/2026, 2:37:09 [32m    LOG[39m [38;5;3m[RouterExplorer] [39m[32mMapped {/analitica/prediccion/:id_sucursal, GET} route[39m[38;5;3m +0ms[39m
[32m[Nest] 28340  - [39m30/04/2026, 2:37:09 [32m    LOG[39m [38;5;3m[NestApplication] [39m[32mNest application successfully started[39m[38;5;3m +56ms[39m
[31m[Nest] 28340  - [39m30/04/2026, 2:37:09 [31m  ERROR[39m [38;5;3m[NestApplication] [39m[31mError: listen EADDRINUSE: address already in use :::3000[39m[38;5;3m +2ms[39m
node:internal/errors:491
    ErrorCaptureStackTrace(err);
    ^

Error: listen EADDRINUSE: address already in use :::3000
    at __node_internal_captureLargerStackTrace (node:internal/errors:491:5)
    at __node_internal_uvExceptionWithHostPort (node:internal/errors:590:12)
    at Server.setupListenHandle [as _listen2] (node:net:1733:16)
    at listenInCluster (node:net:1781:12)
    at Server.listen (node:net:1869:7)
    at ExpressAdapter.listen (C:\Users\Crist\Desktop\ProyectoCedent\cendent-backend\node_modules\@nestjs\platform-express\adapters\express-adapter.js:115:32)
    at C:\Users\Crist\Desktop\ProyectoCedent\cendent-backend\node_modules\@nestjs\core\nest-application.js:188:30
    at new Promise (<anonymous>)
    at NestApplication.listen (C:\Users\Crist\Desktop\ProyectoCedent\cendent-backend\node_modules\@nestjs\core\nest-application.js:178:16)
    at bootstrap (C:\Users\Crist\Desktop\ProyectoCedent\cendent-backend\src\main.ts:27:3) {
  code: 'EADDRINUSE',
  errno: -4091,
  syscall: 'listen',
  address: '::',
  port: 3000
}

Node.js v18.13.0
[2J[3J[H[[90m2:37:11[0m] File change detected. Starting incremental compilation...

[[90m2:37:11[0m] Found 0 errors. Watching for file changes.

[32m[Nest] 19500  - [39m30/04/2026, 2:37:13 [32m    LOG[39m [38;5;3m[NestFactory] [39m[32mStarting Nest application...[39m
[32m[Nest] 19500  - [39m30/04/2026, 2:37:13 [32m    LOG[39m [38;5;3m[InstanceLoader] [39m[32mPrismaModule dependencies initialized[39m[38;5;3m +34ms[39m
[32m[Nest] 19500  - [39m30/04/2026, 2:37:13 [32m    LOG[39m [38;5;3m[InstanceLoader] [39m[32mPassportModule dependencies initialized[39m[38;5;3m +1ms[39m
[32m[Nest] 19500  - [39m30/04/2026, 2:37:13 [32m    LOG[39m [38;5;3m[InstanceLoader] [39m[32mJwtModule dependencies initialized[39m[38;5;3m +3ms[39m
[32m[Nest] 19500  - [39m30/04/2026, 2:37:13 [32m    LOG[39m [38;5;3m[InstanceLoader] [39m[32mDiscoveryModule dependencies initialized[39m[38;5;3m +0ms[39m
[32m[Nest] 19500  - [39m30/04/2026, 2:37:13 [32m    LOG[39m [38;5;3m[InstanceLoader] [39m[32mAppModule dependencies initialized[39m[38;5;3m +2ms[39m
[32m[Nest] 19500  - [39m30/04/2026, 2:37:13 [32m    LOG[39m [38;5;3m[InstanceLoader] [39m[32mScheduleModule dependencies initialized[39m[38;5;3m +0ms[39m
[32m[Nest] 19500  - [39m30/04/2026, 2:37:13 [32m    LOG[39m [38;5;3m[InstanceLoader] [39m[32mAuthModule dependencies initialized[39m[38;5;3m +1ms[39m
[32m[Nest] 19500  - [39m30/04/2026, 2:37:13 [32m    LOG[39m [38;5;3m[InstanceLoader] [39m[32mUsuariosModule dependencies initialized[39m[38;5;3m +0ms[39m
[32m[Nest] 19500  - [39m30/04/2026, 2:37:13 [32m    LOG[39m [38;5;3m[InstanceLoader] [39m[32mProductosModule dependencies initialized[39m[38;5;3m +0ms[39m
[32m[Nest] 19500  - [39m30/04/2026, 2:37:13 [32m    LOG[39m [38;5;3m[InstanceLoader] [39m[32mKitsModule dependencies initialized[39m[38;5;3m +0ms[39m
[32m[Nest] 19500  - [39m30/04/2026, 2:37:13 [32m    LOG[39m [38;5;3m[InstanceLoader] [39m[32mLotesModule dependencies initialized[39m[38;5;3m +1ms[39m
[32m[Nest] 19500  - [39m30/04/2026, 2:37:13 [32m    LOG[39m [38;5;3m[InstanceLoader] [39m[32mMovimientosModule dependencies initialized[39m[38;5;3m +0ms[39m
[32m[Nest] 19500  - [39m30/04/2026, 2:37:13 [32m    LOG[39m [38;5;3m[InstanceLoader] [39m[32mTransferenciasModule dependencies initialized[39m[38;5;3m +0ms[39m
[32m[Nest] 19500  - [39m30/04/2026, 2:37:13 [32m    LOG[39m [38;5;3m[InstanceLoader] [39m[32mNotificacionesModule dependencies initialized[39m[38;5;3m +0ms[39m
[32m[Nest] 19500  - [39m30/04/2026, 2:37:13 [32m    LOG[39m [38;5;3m[InstanceLoader] [39m[32mAnaliticaModule dependencies initialized[39m[38;5;3m +0ms[39m
[32m[Nest] 19500  - [39m30/04/2026, 2:37:13 [32m    LOG[39m [38;5;3m[RoutesResolver] [39m[32mAppController {/}:[39m[38;5;3m +42ms[39m
[32m[Nest] 19500  - [39m30/04/2026, 2:37:13 [32m    LOG[39m [38;5;3m[RouterExplorer] [39m[32mMapped {/, GET} route[39m[38;5;3m +3ms[39m
[32m[Nest] 19500  - [39m30/04/2026, 2:37:13 [32m    LOG[39m [38;5;3m[RoutesResolver] [39m[32mAuthController {/auth}:[39m[38;5;3m +0ms[39m
[32m[Nest] 19500  - [39m30/04/2026, 2:37:13 [32m    LOG[39m [38;5;3m[RouterExplorer] [39m[32mMapped {/auth/login, POST} route[39m[38;5;3m +0ms[39m
[32m[Nest] 19500  - [39m30/04/2026, 2:37:13 [32m    LOG[39m [38;5;3m[RoutesResolver] [39m[32mUsuariosController {/usuarios}:[39m[38;5;3m +0ms[39m
[32m[Nest] 19500  - [39m30/04/2026, 2:37:13 [32m    LOG[39m [38;5;3m[RouterExplorer] [39m[32mMapped {/usuarios, POST} route[39m[38;5;3m +1ms[39m
[32m[Nest] 19500  - [39m30/04/2026, 2:37:13 [32m    LOG[39m [38;5;3m[RouterExplorer] [39m[32mMapped {/usuarios, GET} route[39m[38;5;3m +1ms[39m
[32m[Nest] 19500  - [39m30/04/2026, 2:37:13 [32m    LOG[39m [38;5;3m[RouterExplorer] [39m[32mMapped {/usuarios/:id, GET} route[39m[38;5;3m +0ms[39m
[32m[Nest] 19500  - [39m30/04/2026, 2:37:13 [32m    LOG[39m [38;5;3m[RoutesResolver] [39m[32mProductosController {/productos}:[39m[38;5;3m +0ms[39m
[32m[Nest] 19500  - [39m30/04/2026, 2:37:13 [32m    LOG[39m [38;5;3m[RouterExplorer] [39m[32mMapped {/productos/inventario, GET} route[39m[38;5;3m +1ms[39m
[32m[Nest] 19500  - [39m30/04/2026, 2:37:13 [32m    LOG[39m [38;5;3m[RouterExplorer] [39m[32mMapped {/productos, GET} route[39m[38;5;3m +0ms[39m
[32m[Nest] 19500  - [39m30/04/2026, 2:37:13 [32m    LOG[39m [38;5;3m[RouterExplorer] [39m[32mMapped {/productos/:id, GET} route[39m[38;5;3m +0ms[39m
[32m[Nest] 19500  - [39m30/04/2026, 2:37:13 [32m    LOG[39m [38;5;3m[RouterExplorer] [39m[32mMapped {/productos, POST} route[39m[38;5;3m +1ms[39m
[32m[Nest] 19500  - [39m30/04/2026, 2:37:13 [32m    LOG[39m [38;5;3m[RouterExplorer] [39m[32mMapped {/productos/:id, PATCH} route[39m[38;5;3m +0ms[39m
[32m[Nest] 19500  - [39m30/04/2026, 2:37:13 [32m    LOG[39m [38;5;3m[RouterExplorer] [39m[32mMapped {/productos/:id, DELETE} route[39m[38;5;3m +1ms[39m
[32m[Nest] 19500  - [39m30/04/2026, 2:37:13 [32m    LOG[39m [38;5;3m[RoutesResolver] [39m[32mKitsController {/kits}:[39m[38;5;3m +0ms[39m
[32m[Nest] 19500  - [39m30/04/2026, 2:37:13 [32m    LOG[39m [38;5;3m[RouterExplorer] [39m[32mMapped {/kits, GET} route[39m[38;5;3m +0ms[39m
[32m[Nest] 19500  - [39m30/04/2026, 2:37:13 [32m    LOG[39m [38;5;3m[RouterExplorer] [39m[32mMapped {/kits/:id, GET} route[39m[38;5;3m +0ms[39m
[32m[Nest] 19500  - [39m30/04/2026, 2:37:13 [32m    LOG[39m [38;5;3m[RouterExplorer] [39m[32mMapped {/kits, POST} route[39m[38;5;3m +0ms[39m
[32m[Nest] 19500  - [39m30/04/2026, 2:37:13 [32m    LOG[39m [38;5;3m[RouterExplorer] [39m[32mMapped {/kits/:id, DELETE} route[39m[38;5;3m +3ms[39m
[32m[Nest] 19500  - [39m30/04/2026, 2:37:13 [32m    LOG[39m [38;5;3m[RoutesResolver] [39m[32mLotesController {/lotes}:[39m[38;5;3m +0ms[39m
[32m[Nest] 19500  - [39m30/04/2026, 2:37:13 [32m    LOG[39m [38;5;3m[RouterExplorer] [39m[32mMapped {/lotes, POST} route[39m[38;5;3m +0ms[39m
[32m[Nest] 19500  - [39m30/04/2026, 2:37:13 [32m    LOG[39m [38;5;3m[RouterExplorer] [39m[32mMapped {/lotes/producto/:id_producto, GET} route[39m[38;5;3m +0ms[39m
[32m[Nest] 19500  - [39m30/04/2026, 2:37:13 [32m    LOG[39m [38;5;3m[RoutesResolver] [39m[32mMovimientosController {/movimientos}:[39m[38;5;3m +1ms[39m
[32m[Nest] 19500  - [39m30/04/2026, 2:37:13 [32m    LOG[39m [38;5;3m[RouterExplorer] [39m[32mMapped {/movimientos, GET} route[39m[38;5;3m +0ms[39m
[32m[Nest] 19500  - [39m30/04/2026, 2:37:13 [32m    LOG[39m [38;5;3m[RouterExplorer] [39m[32mMapped {/movimientos/despachar-kit, POST} route[39m[38;5;3m +0ms[39m
[32m[Nest] 19500  - [39m30/04/2026, 2:37:13 [32m    LOG[39m [38;5;3m[RoutesResolver] [39m[32mTransferenciasController {/transferencias}:[39m[38;5;3m +0ms[39m
[32m[Nest] 19500  - [39m30/04/2026, 2:37:13 [32m    LOG[39m [38;5;3m[RouterExplorer] [39m[32mMapped {/transferencias, GET} route[39m[38;5;3m +0ms[39m
[32m[Nest] 19500  - [39m30/04/2026, 2:37:13 [32m    LOG[39m [38;5;3m[RouterExplorer] [39m[32mMapped {/transferencias/:id, GET} route[39m[38;5;3m +0ms[39m
[32m[Nest] 19500  - [39m30/04/2026, 2:37:13 [32m    LOG[39m [38;5;3m[RouterExplorer] [39m[32mMapped {/transferencias/enviar, POST} route[39m[38;5;3m +1ms[39m
[32m[Nest] 19500  - [39m30/04/2026, 2:37:13 [32m    LOG[39m [38;5;3m[RouterExplorer] [39m[32mMapped {/transferencias/recibir, POST} route[39m[38;5;3m +0ms[39m
[32m[Nest] 19500  - [39m30/04/2026, 2:37:13 [32m    LOG[39m [38;5;3m[RoutesResolver] [39m[32mNotificacionesController {/notificaciones}:[39m[38;5;3m +0ms[39m
[32m[Nest] 19500  - [39m30/04/2026, 2:37:13 [32m    LOG[39m [38;5;3m[RouterExplorer] [39m[32mMapped {/notificaciones/revisar, POST} route[39m[38;5;3m +0ms[39m
[32m[Nest] 19500  - [39m30/04/2026, 2:37:13 [32m    LOG[39m [38;5;3m[RoutesResolver] [39m[32mAnaliticaController {/analitica}:[39m[38;5;3m +0ms[39m
[32m[Nest] 19500  - [39m30/04/2026, 2:37:13 [32m    LOG[39m [38;5;3m[RouterExplorer] [39m[32mMapped {/analitica/entrenar/:id_sucursal, GET} route[39m[38;5;3m +1ms[39m
[32m[Nest] 19500  - [39m30/04/2026, 2:37:13 [32m    LOG[39m [38;5;3m[RouterExplorer] [39m[32mMapped {/analitica/prediccion/:id_sucursal, GET} route[39m[38;5;3m +0ms[39m
[32m[Nest] 19500  - [39m30/04/2026, 2:37:13 [32m    LOG[39m [38;5;3m[NestApplication] [39m[32mNest application successfully started[39m[38;5;3m +69ms[39m
[2J[3J[H[[90m2:37:21[0m] File change detected. Starting incremental compilation...

[[90m2:37:21[0m] Found 0 errors. Watching for file changes.

[32m[Nest] 7444  - [39m30/04/2026, 2:37:23 [32m    LOG[39m [38;5;3m[NestFactory] [39m[32mStarting Nest application...[39m
[32m[Nest] 7444  - [39m30/04/2026, 2:37:23 [32m    LOG[39m [38;5;3m[InstanceLoader] [39m[32mPrismaModule dependencies initialized[39m[38;5;3m +30ms[39m
[32m[Nest] 7444  - [39m30/04/2026, 2:37:23 [32m    LOG[39m [38;5;3m[InstanceLoader] [39m[32mPassportModule dependencies initialized[39m[38;5;3m +0ms[39m
[32m[Nest] 7444  - [39m30/04/2026, 2:37:23 [32m    LOG[39m [38;5;3m[InstanceLoader] [39m[32mJwtModule dependencies initialized[39m[38;5;3m +3ms[39m
[32m[Nest] 7444  - [39m30/04/2026, 2:37:23 [32m    LOG[39m [38;5;3m[InstanceLoader] [39m[32mDiscoveryModule dependencies initialized[39m[38;5;3m +0ms[39m
[32m[Nest] 7444  - [39m30/04/2026, 2:37:23 [32m    LOG[39m [38;5;3m[InstanceLoader] [39m[32mAppModule dependencies initialized[39m[38;5;3m +2ms[39m
[32m[Nest] 7444  - [39m30/04/2026, 2:37:23 [32m    LOG[39m [38;5;3m[InstanceLoader] [39m[32mScheduleModule dependencies initialized[39m[38;5;3m +1ms[39m
[32m[Nest] 7444  - [39m30/04/2026, 2:37:23 [32m    LOG[39m [38;5;3m[InstanceLoader] [39m[32mAuthModule dependencies initialized[39m[38;5;3m +1ms[39m
[32m[Nest] 7444  - [39m30/04/2026, 2:37:23 [32m    LOG[39m [38;5;3m[InstanceLoader] [39m[32mUsuariosModule dependencies initialized[39m[38;5;3m +0ms[39m
[32m[Nest] 7444  - [39m30/04/2026, 2:37:23 [32m    LOG[39m [38;5;3m[InstanceLoader] [39m[32mProductosModule dependencies initialized[39m[38;5;3m +0ms[39m
[32m[Nest] 7444  - [39m30/04/2026, 2:37:23 [32m    LOG[39m [38;5;3m[InstanceLoader] [39m[32mKitsModule dependencies initialized[39m[38;5;3m +0ms[39m
[32m[Nest] 7444  - [39m30/04/2026, 2:37:23 [32m    LOG[39m [38;5;3m[InstanceLoader] [39m[32mLotesModule dependencies initialized[39m[38;5;3m +0ms[39m
[32m[Nest] 7444  - [39m30/04/2026, 2:37:23 [32m    LOG[39m [38;5;3m[InstanceLoader] [39m[32mMovimientosModule dependencies initialized[39m[38;5;3m +1ms[39m
[32m[Nest] 7444  - [39m30/04/2026, 2:37:23 [32m    LOG[39m [38;5;3m[InstanceLoader] [39m[32mTransferenciasModule dependencies initialized[39m[38;5;3m +0ms[39m
[32m[Nest] 7444  - [39m30/04/2026, 2:37:23 [32m    LOG[39m [38;5;3m[InstanceLoader] [39m[32mNotificacionesModule dependencies initialized[39m[38;5;3m +0ms[39m
[32m[Nest] 7444  - [39m30/04/2026, 2:37:23 [32m    LOG[39m [38;5;3m[InstanceLoader] [39m[32mAnaliticaModule dependencies initialized[39m[38;5;3m +0ms[39m
[32m[Nest] 7444  - [39m30/04/2026, 2:37:23 [32m    LOG[39m [38;5;3m[RoutesResolver] [39m[32mAppController {/}:[39m[38;5;3m +44ms[39m
[32m[Nest] 7444  - [39m30/04/2026, 2:37:23 [32m    LOG[39m [38;5;3m[RouterExplorer] [39m[32mMapped {/, GET} route[39m[38;5;3m +6ms[39m
[32m[Nest] 7444  - [39m30/04/2026, 2:37:23 [32m    LOG[39m [38;5;3m[RoutesResolver] [39m[32mAuthController {/auth}:[39m[38;5;3m +0ms[39m
[32m[Nest] 7444  - [39m30/04/2026, 2:37:23 [32m    LOG[39m [38;5;3m[RouterExplorer] [39m[32mMapped {/auth/login, POST} route[39m[38;5;3m +1ms[39m
[32m[Nest] 7444  - [39m30/04/2026, 2:37:23 [32m    LOG[39m [38;5;3m[RoutesResolver] [39m[32mUsuariosController {/usuarios}:[39m[38;5;3m +0ms[39m
[32m[Nest] 7444  - [39m30/04/2026, 2:37:23 [32m    LOG[39m [38;5;3m[RouterExplorer] [39m[32mMapped {/usuarios, POST} route[39m[38;5;3m +0ms[39m
[32m[Nest] 7444  - [39m30/04/2026, 2:37:23 [32m    LOG[39m [38;5;3m[RouterExplorer] [39m[32mMapped {/usuarios, GET} route[39m[38;5;3m +0ms[39m
[32m[Nest] 7444  - [39m30/04/2026, 2:37:23 [32m    LOG[39m [38;5;3m[RouterExplorer] [39m[32mMapped {/usuarios/:id, GET} route[39m[38;5;3m +1ms[39m
[32m[Nest] 7444  - [39m30/04/2026, 2:37:23 [32m    LOG[39m [38;5;3m[RoutesResolver] [39m[32mProductosController {/productos}:[39m[38;5;3m +0ms[39m
[32m[Nest] 7444  - [39m30/04/2026, 2:37:23 [32m    LOG[39m [38;5;3m[RouterExplorer] [39m[32mMapped {/productos/inventario, GET} route[39m[38;5;3m +0ms[39m
[32m[Nest] 7444  - [39m30/04/2026, 2:37:23 [32m    LOG[39m [38;5;3m[RouterExplorer] [39m[32mMapped {/productos, GET} route[39m[38;5;3m +1ms[39m
[32m[Nest] 7444  - [39m30/04/2026, 2:37:23 [32m    LOG[39m [38;5;3m[RouterExplorer] [39m[32mMapped {/productos/:id, GET} route[39m[38;5;3m +0ms[39m
[32m[Nest] 7444  - [39m30/04/2026, 2:37:23 [32m    LOG[39m [38;5;3m[RouterExplorer] [39m[32mMapped {/productos, POST} route[39m[38;5;3m +1ms[39m
[32m[Nest] 7444  - [39m30/04/2026, 2:37:23 [32m    LOG[39m [38;5;3m[RouterExplorer] [39m[32mMapped {/productos/:id, PATCH} route[39m[38;5;3m +0ms[39m
[32m[Nest] 7444  - [39m30/04/2026, 2:37:23 [32m    LOG[39m [38;5;3m[RouterExplorer] [39m[32mMapped {/productos/:id, DELETE} route[39m[38;5;3m +0ms[39m
[32m[Nest] 7444  - [39m30/04/2026, 2:37:23 [32m    LOG[39m [38;5;3m[RoutesResolver] [39m[32mKitsController {/kits}:[39m[38;5;3m +1ms[39m
[32m[Nest] 7444  - [39m30/04/2026, 2:37:23 [32m    LOG[39m [38;5;3m[RouterExplorer] [39m[32mMapped {/kits, GET} route[39m[38;5;3m +0ms[39m
[32m[Nest] 7444  - [39m30/04/2026, 2:37:23 [32m    LOG[39m [38;5;3m[RouterExplorer] [39m[32mMapped {/kits/:id, GET} route[39m[38;5;3m +0ms[39m
[32m[Nest] 7444  - [39m30/04/2026, 2:37:23 [32m    LOG[39m [38;5;3m[RouterExplorer] [39m[32mMapped {/kits, POST} route[39m[38;5;3m +1ms[39m
[32m[Nest] 7444  - [39m30/04/2026, 2:37:23 [32m    LOG[39m [38;5;3m[RouterExplorer] [39m[32mMapped {/kits/:id, DELETE} route[39m[38;5;3m +0ms[39m
[32m[Nest] 7444  - [39m30/04/2026, 2:37:23 [32m    LOG[39m [38;5;3m[RoutesResolver] [39m[32mLotesController {/lotes}:[39m[38;5;3m +0ms[39m
[32m[Nest] 7444  - [39m30/04/2026, 2:37:23 [32m    LOG[39m [38;5;3m[RouterExplorer] [39m[32mMapped {/lotes, POST} route[39m[38;5;3m +0ms[39m
[32m[Nest] 7444  - [39m30/04/2026, 2:37:23 [32m    LOG[39m [38;5;3m[RouterExplorer] [39m[32mMapped {/lotes/producto/:id_producto, GET} route[39m[38;5;3m +0ms[39m
[32m[Nest] 7444  - [39m30/04/2026, 2:37:23 [32m    LOG[39m [38;5;3m[RoutesResolver] [39m[32mMovimientosController {/movimientos}:[39m[38;5;3m +0ms[39m
[32m[Nest] 7444  - [39m30/04/2026, 2:37:23 [32m    LOG[39m [38;5;3m[RouterExplorer] [39m[32mMapped {/movimientos, GET} route[39m[38;5;3m +0ms[39m
[32m[Nest] 7444  - [39m30/04/2026, 2:37:23 [32m    LOG[39m [38;5;3m[RouterExplorer] [39m[32mMapped {/movimientos/despachar-kit, POST} route[39m[38;5;3m +1ms[39m
[32m[Nest] 7444  - [39m30/04/2026, 2:37:23 [32m    LOG[39m [38;5;3m[RoutesResolver] [39m[32mTransferenciasController {/transferencias}:[39m[38;5;3m +0ms[39m
[32m[Nest] 7444  - [39m30/04/2026, 2:37:23 [32m    LOG[39m [38;5;3m[RouterExplorer] [39m[32mMapped {/transferencias, GET} route[39m[38;5;3m +0ms[39m
[32m[Nest] 7444  - [39m30/04/2026, 2:37:23 [32m    LOG[39m [38;5;3m[RouterExplorer] [39m[32mMapped {/transferencias/:id, GET} route[39m[38;5;3m +0ms[39m
[32m[Nest] 7444  - [39m30/04/2026, 2:37:23 [32m    LOG[39m [38;5;3m[RouterExplorer] [39m[32mMapped {/transferencias/enviar, POST} route[39m[38;5;3m +0ms[39m
[32m[Nest] 7444  - [39m30/04/2026, 2:37:23 [32m    LOG[39m [38;5;3m[RouterExplorer] [39m[32mMapped {/transferencias/recibir, POST} route[39m[38;5;3m +0ms[39m
[32m[Nest] 7444  - [39m30/04/2026, 2:37:23 [32m    LOG[39m [38;5;3m[RoutesResolver] [39m[32mNotificacionesController {/notificaciones}:[39m[38;5;3m +1ms[39m
[32m[Nest] 7444  - [39m30/04/2026, 2:37:23 [32m    LOG[39m [38;5;3m[RouterExplorer] [39m[32mMapped {/notificaciones/revisar, POST} route[39m[38;5;3m +0ms[39m
[32m[Nest] 7444  - [39m30/04/2026, 2:37:23 [32m    LOG[39m [38;5;3m[RoutesResolver] [39m[32mAnaliticaController {/analitica}:[39m[38;5;3m +0ms[39m
[32m[Nest] 7444  - [39m30/04/2026, 2:37:23 [32m    LOG[39m [38;5;3m[RouterExplorer] [39m[32mMapped {/analitica/entrenar/:id_sucursal, GET} route[39m[38;5;3m +0ms[39m
[32m[Nest] 7444  - [39m30/04/2026, 2:37:23 [32m    LOG[39m [38;5;3m[RouterExplorer] [39m[32mMapped {/analitica/prediccion/:id_sucursal, GET} route[39m[38;5;3m +0ms[39m
[32m[Nest] 7444  - [39m30/04/2026, 2:37:23 [32m    LOG[39m [38;5;3m[NestApplication] [39m[32mNest application successfully started[39m[38;5;3m +55ms[39m
[31m[Nest] 7444  - [39m30/04/2026, 2:37:23 [31m  ERROR[39m [38;5;3m[NestApplication] [39m[31mError: listen EADDRINUSE: address already in use :::3000[39m[38;5;3m +2ms[39m
node:internal/errors:491
    ErrorCaptureStackTrace(err);
    ^

Error: listen EADDRINUSE: address already in use :::3000
    at __node_internal_captureLargerStackTrace (node:internal/errors:491:5)
    at __node_internal_uvExceptionWithHostPort (node:internal/errors:590:12)
    at Server.setupListenHandle [as _listen2] (node:net:1733:16)
    at listenInCluster (node:net:1781:12)
    at Server.listen (node:net:1869:7)
    at ExpressAdapter.listen (C:\Users\Crist\Desktop\ProyectoCedent\cendent-backend\node_modules\@nestjs\platform-express\adapters\express-adapter.js:115:32)
    at C:\Users\Crist\Desktop\ProyectoCedent\cendent-backend\node_modules\@nestjs\core\nest-application.js:188:30
    at new Promise (<anonymous>)
    at NestApplication.listen (C:\Users\Crist\Desktop\ProyectoCedent\cendent-backend\node_modules\@nestjs\core\nest-application.js:178:16)
    at bootstrap (C:\Users\Crist\Desktop\ProyectoCedent\cendent-backend\src\main.ts:27:3) {
  code: 'EADDRINUSE',
  errno: -4091,
  syscall: 'listen',
  address: '::',
  port: 3000
}

Node.js v18.13.0
[2J[3J[H[[90m2:37:27[0m] File change detected. Starting incremental compilation...

[[90m2:37:27[0m] Found 0 errors. Watching for file changes.

[32m[Nest] 23796  - [39m30/04/2026, 2:37:29 [32m    LOG[39m [38;5;3m[NestFactory] [39m[32mStarting Nest application...[39m
[32m[Nest] 23796  - [39m30/04/2026, 2:37:29 [32m    LOG[39m [38;5;3m[InstanceLoader] [39m[32mPrismaModule dependencies initialized[39m[38;5;3m +38ms[39m
[32m[Nest] 23796  - [39m30/04/2026, 2:37:29 [32m    LOG[39m [38;5;3m[InstanceLoader] [39m[32mPassportModule dependencies initialized[39m[38;5;3m +0ms[39m
[32m[Nest] 23796  - [39m30/04/2026, 2:37:29 [32m    LOG[39m [38;5;3m[InstanceLoader] [39m[32mJwtModule dependencies initialized[39m[38;5;3m +4ms[39m
[32m[Nest] 23796  - [39m30/04/2026, 2:37:29 [32m    LOG[39m [38;5;3m[InstanceLoader] [39m[32mDiscoveryModule dependencies initialized[39m[38;5;3m +0ms[39m
[32m[Nest] 23796  - [39m30/04/2026, 2:37:29 [32m    LOG[39m [38;5;3m[InstanceLoader] [39m[32mAppModule dependencies initialized[39m[38;5;3m +2ms[39m
[32m[Nest] 23796  - [39m30/04/2026, 2:37:29 [32m    LOG[39m [38;5;3m[InstanceLoader] [39m[32mScheduleModule dependencies initialized[39m[38;5;3m +1ms[39m
[32m[Nest] 23796  - [39m30/04/2026, 2:37:29 [32m    LOG[39m [38;5;3m[InstanceLoader] [39m[32mAuthModule dependencies initialized[39m[38;5;3m +1ms[39m
[32m[Nest] 23796  - [39m30/04/2026, 2:37:29 [32m    LOG[39m [38;5;3m[InstanceLoader] [39m[32mUsuariosModule dependencies initialized[39m[38;5;3m +0ms[39m
[32m[Nest] 23796  - [39m30/04/2026, 2:37:29 [32m    LOG[39m [38;5;3m[InstanceLoader] [39m[32mProductosModule dependencies initialized[39m[38;5;3m +0ms[39m
[32m[Nest] 23796  - [39m30/04/2026, 2:37:29 [32m    LOG[39m [38;5;3m[InstanceLoader] [39m[32mKitsModule dependencies initialized[39m[38;5;3m +0ms[39m
[32m[Nest] 23796  - [39m30/04/2026, 2:37:29 [32m    LOG[39m [38;5;3m[InstanceLoader] [39m[32mLotesModule dependencies initialized[39m[38;5;3m +0ms[39m
[32m[Nest] 23796  - [39m30/04/2026, 2:37:29 [32m    LOG[39m [38;5;3m[InstanceLoader] [39m[32mMovimientosModule dependencies initialized[39m[38;5;3m +1ms[39m
[32m[Nest] 23796  - [39m30/04/2026, 2:37:29 [32m    LOG[39m [38;5;3m[InstanceLoader] [39m[32mTransferenciasModule dependencies initialized[39m[38;5;3m +0ms[39m
[32m[Nest] 23796  - [39m30/04/2026, 2:37:29 [32m    LOG[39m [38;5;3m[InstanceLoader] [39m[32mNotificacionesModule dependencies initialized[39m[38;5;3m +0ms[39m
[32m[Nest] 23796  - [39m30/04/2026, 2:37:29 [32m    LOG[39m [38;5;3m[InstanceLoader] [39m[32mAnaliticaModule dependencies initialized[39m[38;5;3m +0ms[39m
[32m[Nest] 23796  - [39m30/04/2026, 2:37:29 [32m    LOG[39m [38;5;3m[RoutesResolver] [39m[32mAppController {/}:[39m[38;5;3m +40ms[39m
[32m[Nest] 23796  - [39m30/04/2026, 2:37:29 [32m    LOG[39m [38;5;3m[RouterExplorer] [39m[32mMapped {/, GET} route[39m[38;5;3m +4ms[39m
[32m[Nest] 23796  - [39m30/04/2026, 2:37:29 [32m    LOG[39m [38;5;3m[RoutesResolver] [39m[32mAuthController {/auth}:[39m[38;5;3m +0ms[39m
[32m[Nest] 23796  - [39m30/04/2026, 2:37:29 [32m    LOG[39m [38;5;3m[RouterExplorer] [39m[32mMapped {/auth/login, POST} route[39m[38;5;3m +1ms[39m
[32m[Nest] 23796  - [39m30/04/2026, 2:37:29 [32m    LOG[39m [38;5;3m[RoutesResolver] [39m[32mUsuariosController {/usuarios}:[39m[38;5;3m +0ms[39m
[32m[Nest] 23796  - [39m30/04/2026, 2:37:29 [32m    LOG[39m [38;5;3m[RouterExplorer] [39m[32mMapped {/usuarios, POST} route[39m[38;5;3m +1ms[39m
[32m[Nest] 23796  - [39m30/04/2026, 2:37:29 [32m    LOG[39m [38;5;3m[RouterExplorer] [39m[32mMapped {/usuarios, GET} route[39m[38;5;3m +0ms[39m
[32m[Nest] 23796  - [39m30/04/2026, 2:37:29 [32m    LOG[39m [38;5;3m[RouterExplorer] [39m[32mMapped {/usuarios/:id, GET} route[39m[38;5;3m +1ms[39m
[32m[Nest] 23796  - [39m30/04/2026, 2:37:29 [32m    LOG[39m [38;5;3m[RoutesResolver] [39m[32mProductosController {/productos}:[39m[38;5;3m +2ms[39m
[32m[Nest] 23796  - [39m30/04/2026, 2:37:29 [32m    LOG[39m [38;5;3m[RouterExplorer] [39m[32mMapped {/productos/inventario, GET} route[39m[38;5;3m +0ms[39m
[32m[Nest] 23796  - [39m30/04/2026, 2:37:29 [32m    LOG[39m [38;5;3m[RouterExplorer] [39m[32mMapped {/productos, GET} route[39m[38;5;3m +0ms[39m
[32m[Nest] 23796  - [39m30/04/2026, 2:37:29 [32m    LOG[39m [38;5;3m[RouterExplorer] [39m[32mMapped {/productos/:id, GET} route[39m[38;5;3m +0ms[39m
[32m[Nest] 23796  - [39m30/04/2026, 2:37:29 [32m    LOG[39m [38;5;3m[RouterExplorer] [39m[32mMapped {/productos, POST} route[39m[38;5;3m +1ms[39m
[32m[Nest] 23796  - [39m30/04/2026, 2:37:29 [32m    LOG[39m [38;5;3m[RouterExplorer] [39m[32mMapped {/productos/:id, PATCH} route[39m[38;5;3m +0ms[39m
[32m[Nest] 23796  - [39m30/04/2026, 2:37:29 [32m    LOG[39m [38;5;3m[RouterExplorer] [39m[32mMapped {/productos/:id, DELETE} route[39m[38;5;3m +1ms[39m
[32m[Nest] 23796  - [39m30/04/2026, 2:37:29 [32m    LOG[39m [38;5;3m[RoutesResolver] [39m[32mKitsController {/kits}:[39m[38;5;3m +0ms[39m
[32m[Nest] 23796  - [39m30/04/2026, 2:37:29 [32m    LOG[39m [38;5;3m[RouterExplorer] [39m[32mMapped {/kits, GET} route[39m[38;5;3m +0ms[39m
[32m[Nest] 23796  - [39m30/04/2026, 2:37:29 [32m    LOG[39m [38;5;3m[RouterExplorer] [39m[32mMapped {/kits/:id, GET} route[39m[38;5;3m +0ms[39m
[32m[Nest] 23796  - [39m30/04/2026, 2:37:29 [32m    LOG[39m [38;5;3m[RouterExplorer] [39m[32mMapped {/kits, POST} route[39m[38;5;3m +1ms[39m
[32m[Nest] 23796  - [39m30/04/2026, 2:37:29 [32m    LOG[39m [38;5;3m[RouterExplorer] [39m[32mMapped {/kits/:id, DELETE} route[39m[38;5;3m +0ms[39m
[32m[Nest] 23796  - [39m30/04/2026, 2:37:29 [32m    LOG[39m [38;5;3m[RoutesResolver] [39m[32mLotesController {/lotes}:[39m[38;5;3m +0ms[39m
[32m[Nest] 23796  - [39m30/04/2026, 2:37:29 [32m    LOG[39m [38;5;3m[RouterExplorer] [39m[32mMapped {/lotes, POST} route[39m[38;5;3m +0ms[39m
[32m[Nest] 23796  - [39m30/04/2026, 2:37:29 [32m    LOG[39m [38;5;3m[RouterExplorer] [39m[32mMapped {/lotes/producto/:id_producto, GET} route[39m[38;5;3m +0ms[39m
[32m[Nest] 23796  - [39m30/04/2026, 2:37:29 [32m    LOG[39m [38;5;3m[RoutesResolver] [39m[32mMovimientosController {/movimientos}:[39m[38;5;3m +0ms[39m
[32m[Nest] 23796  - [39m30/04/2026, 2:37:29 [32m    LOG[39m [38;5;3m[RouterExplorer] [39m[32mMapped {/movimientos, GET} route[39m[38;5;3m +0ms[39m
[32m[Nest] 23796  - [39m30/04/2026, 2:37:29 [32m    LOG[39m [38;5;3m[RouterExplorer] [39m[32mMapped {/movimientos/despachar-kit, POST} route[39m[38;5;3m +1ms[39m
[32m[Nest] 23796  - [39m30/04/2026, 2:37:29 [32m    LOG[39m [38;5;3m[RoutesResolver] [39m[32mTransferenciasController {/transferencias}:[39m[38;5;3m +0ms[39m
[32m[Nest] 23796  - [39m30/04/2026, 2:37:29 [32m    LOG[39m [38;5;3m[RouterExplorer] [39m[32mMapped {/transferencias, GET} route[39m[38;5;3m +0ms[39m
[32m[Nest] 23796  - [39m30/04/2026, 2:37:29 [32m    LOG[39m [38;5;3m[RouterExplorer] [39m[32mMapped {/transferencias/:id, GET} route[39m[38;5;3m +0ms[39m
[32m[Nest] 23796  - [39m30/04/2026, 2:37:29 [32m    LOG[39m [38;5;3m[RouterExplorer] [39m[32mMapped {/transferencias/enviar, POST} route[39m[38;5;3m +0ms[39m
[32m[Nest] 23796  - [39m30/04/2026, 2:37:29 [32m    LOG[39m [38;5;3m[RouterExplorer] [39m[32mMapped {/transferencias/recibir, POST} route[39m[38;5;3m +1ms[39m
[32m[Nest] 23796  - [39m30/04/2026, 2:37:29 [32m    LOG[39m [38;5;3m[RoutesResolver] [39m[32mNotificacionesController {/notificaciones}:[39m[38;5;3m +0ms[39m
[32m[Nest] 23796  - [39m30/04/2026, 2:37:29 [32m    LOG[39m [38;5;3m[RouterExplorer] [39m[32mMapped {/notificaciones/revisar, POST} route[39m[38;5;3m +0ms[39m
[32m[Nest] 23796  - [39m30/04/2026, 2:37:29 [32m    LOG[39m [38;5;3m[RoutesResolver] [39m[32mAnaliticaController {/analitica}:[39m[38;5;3m +0ms[39m
[32m[Nest] 23796  - [39m30/04/2026, 2:37:29 [32m    LOG[39m [38;5;3m[RouterExplorer] [39m[32mMapped {/analitica/entrenar/:id_sucursal, GET} route[39m[38;5;3m +0ms[39m
[32m[Nest] 23796  - [39m30/04/2026, 2:37:29 [32m    LOG[39m [38;5;3m[RouterExplorer] [39m[32mMapped {/analitica/prediccion/:id_sucursal, GET} route[39m[38;5;3m +0ms[39m
[32m[Nest] 23796  - [39m30/04/2026, 2:37:29 [32m    LOG[39m [38;5;3m[NestApplication] [39m[32mNest application successfully started[39m[38;5;3m +183ms[39m
[31m[Nest] 23796  - [39m30/04/2026, 2:37:29 [31m  ERROR[39m [38;5;3m[NestApplication] [39m[31mError: listen EADDRINUSE: address already in use :::3000[39m[38;5;3m +2ms[39m
node:internal/errors:491
    ErrorCaptureStackTrace(err);
    ^

Error: listen EADDRINUSE: address already in use :::3000
    at __node_internal_captureLargerStackTrace (node:internal/errors:491:5)
    at __node_internal_uvExceptionWithHostPort (node:internal/errors:590:12)
    at Server.setupListenHandle [as _listen2] (node:net:1733:16)
    at listenInCluster (node:net:1781:12)
    at Server.listen (node:net:1869:7)
    at ExpressAdapter.listen (C:\Users\Crist\Desktop\ProyectoCedent\cendent-backend\node_modules\@nestjs\platform-express\adapters\express-adapter.js:115:32)
    at C:\Users\Crist\Desktop\ProyectoCedent\cendent-backend\node_modules\@nestjs\core\nest-application.js:188:30
    at new Promise (<anonymous>)
    at NestApplication.listen (C:\Users\Crist\Desktop\ProyectoCedent\cendent-backend\node_modules\@nestjs\core\nest-application.js:178:16)
    at bootstrap (C:\Users\Crist\Desktop\ProyectoCedent\cendent-backend\src\main.ts:27:3) {
  code: 'EADDRINUSE',
  errno: -4091,
  syscall: 'listen',
  address: '::',
  port: 3000
}

Node.js v18.13.0
[2J[3J[H[[90m2:37:33[0m] File change detected. Starting incremental compilation...

[[90m2:37:33[0m] Found 0 errors. Watching for file changes.

[32m[Nest] 27480  - [39m30/04/2026, 2:37:35 [32m    LOG[39m [38;5;3m[NestFactory] [39m[32mStarting Nest application...[39m
[32m[Nest] 27480  - [39m30/04/2026, 2:37:35 [32m    LOG[39m [38;5;3m[InstanceLoader] [39m[32mPrismaModule dependencies initialized[39m[38;5;3m +32ms[39m
[32m[Nest] 27480  - [39m30/04/2026, 2:37:35 [32m    LOG[39m [38;5;3m[InstanceLoader] [39m[32mPassportModule dependencies initialized[39m[38;5;3m +0ms[39m
[32m[Nest] 27480  - [39m30/04/2026, 2:37:35 [32m    LOG[39m [38;5;3m[InstanceLoader] [39m[32mJwtModule dependencies initialized[39m[38;5;3m +4ms[39m
[32m[Nest] 27480  - [39m30/04/2026, 2:37:35 [32m    LOG[39m [38;5;3m[InstanceLoader] [39m[32mDiscoveryModule dependencies initialized[39m[38;5;3m +0ms[39m
[32m[Nest] 27480  - [39m30/04/2026, 2:37:35 [32m    LOG[39m [38;5;3m[InstanceLoader] [39m[32mAppModule dependencies initialized[39m[38;5;3m +2ms[39m
[32m[Nest] 27480  - [39m30/04/2026, 2:37:35 [32m    LOG[39m [38;5;3m[InstanceLoader] [39m[32mScheduleModule dependencies initialized[39m[38;5;3m +0ms[39m
[32m[Nest] 27480  - [39m30/04/2026, 2:37:35 [32m    LOG[39m [38;5;3m[InstanceLoader] [39m[32mAuthModule dependencies initialized[39m[38;5;3m +1ms[39m
[32m[Nest] 27480  - [39m30/04/2026, 2:37:35 [32m    LOG[39m [38;5;3m[InstanceLoader] [39m[32mUsuariosModule dependencies initialized[39m[38;5;3m +0ms[39m
[32m[Nest] 27480  - [39m30/04/2026, 2:37:35 [32m    LOG[39m [38;5;3m[InstanceLoader] [39m[32mProductosModule dependencies initialized[39m[38;5;3m +1ms[39m
[32m[Nest] 27480  - [39m30/04/2026, 2:37:35 [32m    LOG[39m [38;5;3m[InstanceLoader] [39m[32mKitsModule dependencies initialized[39m[38;5;3m +0ms[39m
[32m[Nest] 27480  - [39m30/04/2026, 2:37:35 [32m    LOG[39m [38;5;3m[InstanceLoader] [39m[32mLotesModule dependencies initialized[39m[38;5;3m +0ms[39m
[32m[Nest] 27480  - [39m30/04/2026, 2:37:35 [32m    LOG[39m [38;5;3m[InstanceLoader] [39m[32mMovimientosModule dependencies initialized[39m[38;5;3m +0ms[39m
[32m[Nest] 27480  - [39m30/04/2026, 2:37:35 [32m    LOG[39m [38;5;3m[InstanceLoader] [39m[32mTransferenciasModule dependencies initialized[39m[38;5;3m +0ms[39m
[32m[Nest] 27480  - [39m30/04/2026, 2:37:35 [32m    LOG[39m [38;5;3m[InstanceLoader] [39m[32mNotificacionesModule dependencies initialized[39m[38;5;3m +0ms[39m
[32m[Nest] 27480  - [39m30/04/2026, 2:37:35 [32m    LOG[39m [38;5;3m[InstanceLoader] [39m[32mAnaliticaModule dependencies initialized[39m[38;5;3m +0ms[39m
[32m[Nest] 27480  - [39m30/04/2026, 2:37:35 [32m    LOG[39m [38;5;3m[RoutesResolver] [39m[32mAppController {/}:[39m[38;5;3m +41ms[39m
[32m[Nest] 27480  - [39m30/04/2026, 2:37:35 [32m    LOG[39m [38;5;3m[RouterExplorer] [39m[32mMapped {/, GET} route[39m[38;5;3m +5ms[39m
[32m[Nest] 27480  - [39m30/04/2026, 2:37:35 [32m    LOG[39m [38;5;3m[RoutesResolver] [39m[32mAuthController {/auth}:[39m[38;5;3m +0ms[39m
[32m[Nest] 27480  - [39m30/04/2026, 2:37:35 [32m    LOG[39m [38;5;3m[RouterExplorer] [39m[32mMapped {/auth/login, POST} route[39m[38;5;3m +0ms[39m
[32m[Nest] 27480  - [39m30/04/2026, 2:37:35 [32m    LOG[39m [38;5;3m[RoutesResolver] [39m[32mUsuariosController {/usuarios}:[39m[38;5;3m +1ms[39m
[32m[Nest] 27480  - [39m30/04/2026, 2:37:35 [32m    LOG[39m [38;5;3m[RouterExplorer] [39m[32mMapped {/usuarios, POST} route[39m[38;5;3m +0ms[39m
[32m[Nest] 27480  - [39m30/04/2026, 2:37:35 [32m    LOG[39m [38;5;3m[RouterExplorer] [39m[32mMapped {/usuarios, GET} route[39m[38;5;3m +0ms[39m
[32m[Nest] 27480  - [39m30/04/2026, 2:37:35 [32m    LOG[39m [38;5;3m[RouterExplorer] [39m[32mMapped {/usuarios/:id, GET} route[39m[38;5;3m +1ms[39m
[32m[Nest] 27480  - [39m30/04/2026, 2:37:35 [32m    LOG[39m [38;5;3m[RoutesResolver] [39m[32mProductosController {/productos}:[39m[38;5;3m +0ms[39m
[32m[Nest] 27480  - [39m30/04/2026, 2:37:35 [32m    LOG[39m [38;5;3m[RouterExplorer] [39m[32mMapped {/productos/inventario, GET} route[39m[38;5;3m +0ms[39m
[32m[Nest] 27480  - [39m30/04/2026, 2:37:35 [32m    LOG[39m [38;5;3m[RouterExplorer] [39m[32mMapped {/productos, GET} route[39m[38;5;3m +1ms[39m
[32m[Nest] 27480  - [39m30/04/2026, 2:37:35 [32m    LOG[39m [38;5;3m[RouterExplorer] [39m[32mMapped {/productos/:id, GET} route[39m[38;5;3m +0ms[39m
[32m[Nest] 27480  - [39m30/04/2026, 2:37:35 [32m    LOG[39m [38;5;3m[RouterExplorer] [39m[32mMapped {/productos, POST} route[39m[38;5;3m +0ms[39m
[32m[Nest] 27480  - [39m30/04/2026, 2:37:35 [32m    LOG[39m [38;5;3m[RouterExplorer] [39m[32mMapped {/productos/:id, PATCH} route[39m[38;5;3m +1ms[39m
[32m[Nest] 27480  - [39m30/04/2026, 2:37:35 [32m    LOG[39m [38;5;3m[RouterExplorer] [39m[32mMapped {/productos/:id, DELETE} route[39m[38;5;3m +0ms[39m
[32m[Nest] 27480  - [39m30/04/2026, 2:37:35 [32m    LOG[39m [38;5;3m[RoutesResolver] [39m[32mKitsController {/kits}:[39m[38;5;3m +0ms[39m
[32m[Nest] 27480  - [39m30/04/2026, 2:37:35 [32m    LOG[39m [38;5;3m[RouterExplorer] [39m[32mMapped {/kits, GET} route[39m[38;5;3m +0ms[39m
[32m[Nest] 27480  - [39m30/04/2026, 2:37:35 [32m    LOG[39m [38;5;3m[RouterExplorer] [39m[32mMapped {/kits/:id, GET} route[39m[38;5;3m +1ms[39m
[32m[Nest] 27480  - [39m30/04/2026, 2:37:35 [32m    LOG[39m [38;5;3m[RouterExplorer] [39m[32mMapped {/kits, POST} route[39m[38;5;3m +0ms[39m
[32m[Nest] 27480  - [39m30/04/2026, 2:37:35 [32m    LOG[39m [38;5;3m[RouterExplorer] [39m[32mMapped {/kits/:id, DELETE} route[39m[38;5;3m +0ms[39m
[32m[Nest] 27480  - [39m30/04/2026, 2:37:35 [32m    LOG[39m [38;5;3m[RoutesResolver] [39m[32mLotesController {/lotes}:[39m[38;5;3m +0ms[39m
[32m[Nest] 27480  - [39m30/04/2026, 2:37:35 [32m    LOG[39m [38;5;3m[RouterExplorer] [39m[32mMapped {/lotes, POST} route[39m[38;5;3m +0ms[39m
[32m[Nest] 27480  - [39m30/04/2026, 2:37:35 [32m    LOG[39m [38;5;3m[RouterExplorer] [39m[32mMapped {/lotes/producto/:id_producto, GET} route[39m[38;5;3m +0ms[39m
[32m[Nest] 27480  - [39m30/04/2026, 2:37:35 [32m    LOG[39m [38;5;3m[RoutesResolver] [39m[32mMovimientosController {/movimientos}:[39m[38;5;3m +1ms[39m
[32m[Nest] 27480  - [39m30/04/2026, 2:37:35 [32m    LOG[39m [38;5;3m[RouterExplorer] [39m[32mMapped {/movimientos, GET} route[39m[38;5;3m +0ms[39m
[32m[Nest] 27480  - [39m30/04/2026, 2:37:35 [32m    LOG[39m [38;5;3m[RouterExplorer] [39m[32mMapped {/movimientos/despachar-kit, POST} route[39m[38;5;3m +0ms[39m
[32m[Nest] 27480  - [39m30/04/2026, 2:37:35 [32m    LOG[39m [38;5;3m[RoutesResolver] [39m[32mTransferenciasController {/transferencias}:[39m[38;5;3m +0ms[39m
[32m[Nest] 27480  - [39m30/04/2026, 2:37:35 [32m    LOG[39m [38;5;3m[RouterExplorer] [39m[32mMapped {/transferencias, GET} route[39m[38;5;3m +0ms[39m
[32m[Nest] 27480  - [39m30/04/2026, 2:37:35 [32m    LOG[39m [38;5;3m[RouterExplorer] [39m[32mMapped {/transferencias/:id, GET} route[39m[38;5;3m +0ms[39m
[32m[Nest] 27480  - [39m30/04/2026, 2:37:35 [32m    LOG[39m [38;5;3m[RouterExplorer] [39m[32mMapped {/transferencias/enviar, POST} route[39m[38;5;3m +1ms[39m
[32m[Nest] 27480  - [39m30/04/2026, 2:37:35 [32m    LOG[39m [38;5;3m[RouterExplorer] [39m[32mMapped {/transferencias/recibir, POST} route[39m[38;5;3m +0ms[39m
[32m[Nest] 27480  - [39m30/04/2026, 2:37:35 [32m    LOG[39m [38;5;3m[RoutesResolver] [39m[32mNotificacionesController {/notificaciones}:[39m[38;5;3m +0ms[39m
[32m[Nest] 27480  - [39m30/04/2026, 2:37:35 [32m    LOG[39m [38;5;3m[RouterExplorer] [39m[32mMapped {/notificaciones/revisar, POST} route[39m[38;5;3m +0ms[39m
[32m[Nest] 27480  - [39m30/04/2026, 2:37:35 [32m    LOG[39m [38;5;3m[RoutesResolver] [39m[32mAnaliticaController {/analitica}:[39m[38;5;3m +0ms[39m
[32m[Nest] 27480  - [39m30/04/2026, 2:37:35 [32m    LOG[39m [38;5;3m[RouterExplorer] [39m[32mMapped {/analitica/entrenar/:id_sucursal, GET} route[39m[38;5;3m +0ms[39m
[32m[Nest] 27480  - [39m30/04/2026, 2:37:35 [32m    LOG[39m [38;5;3m[RouterExplorer] [39m[32mMapped {/analitica/prediccion/:id_sucursal, GET} route[39m[38;5;3m +1ms[39m
[32m[Nest] 27480  - [39m30/04/2026, 2:37:35 [32m    LOG[39m [38;5;3m[NestApplication] [39m[32mNest application successfully started[39m[38;5;3m +60ms[39m
[31m[Nest] 27480  - [39m30/04/2026, 2:37:35 [31m  ERROR[39m [38;5;3m[NestApplication] [39m[31mError: listen EADDRINUSE: address already in use :::3000[39m[38;5;3m +2ms[39m
node:internal/errors:491
    ErrorCaptureStackTrace(err);
    ^

Error: listen EADDRINUSE: address already in use :::3000
    at __node_internal_captureLargerStackTrace (node:internal/errors:491:5)
    at __node_internal_uvExceptionWithHostPort (node:internal/errors:590:12)
    at Server.setupListenHandle [as _listen2] (node:net:1733:16)
    at listenInCluster (node:net:1781:12)
    at Server.listen (node:net:1869:7)
    at ExpressAdapter.listen (C:\Users\Crist\Desktop\ProyectoCedent\cendent-backend\node_modules\@nestjs\platform-express\adapters\express-adapter.js:115:32)
    at C:\Users\Crist\Desktop\ProyectoCedent\cendent-backend\node_modules\@nestjs\core\nest-application.js:188:30
    at new Promise (<anonymous>)
    at NestApplication.listen (C:\Users\Crist\Desktop\ProyectoCedent\cendent-backend\node_modules\@nestjs\core\nest-application.js:178:16)
    at bootstrap (C:\Users\Crist\Desktop\ProyectoCedent\cendent-backend\src\main.ts:27:3) {
  code: 'EADDRINUSE',
  errno: -4091,
  syscall: 'listen',
  address: '::',
  port: 3000
}

Node.js v18.13.0
[2J[3J[H[[90m2:37:37[0m] File change detected. Starting incremental compilation...

[[90m2:37:38[0m] Found 0 errors. Watching for file changes.

[32m[Nest] 15140  - [39m30/04/2026, 2:37:40 [32m    LOG[39m [38;5;3m[NestFactory] [39m[32mStarting Nest application...[39m
[32m[Nest] 15140  - [39m30/04/2026, 2:37:40 [32m    LOG[39m [38;5;3m[InstanceLoader] [39m[32mPrismaModule dependencies initialized[39m[38;5;3m +37ms[39m
[32m[Nest] 15140  - [39m30/04/2026, 2:37:40 [32m    LOG[39m [38;5;3m[InstanceLoader] [39m[32mPassportModule dependencies initialized[39m[38;5;3m +0ms[39m
[32m[Nest] 15140  - [39m30/04/2026, 2:37:40 [32m    LOG[39m [38;5;3m[InstanceLoader] [39m[32mJwtModule dependencies initialized[39m[38;5;3m +4ms[39m
[32m[Nest] 15140  - [39m30/04/2026, 2:37:40 [32m    LOG[39m [38;5;3m[InstanceLoader] [39m[32mDiscoveryModule dependencies initialized[39m[38;5;3m +1ms[39m
[32m[Nest] 15140  - [39m30/04/2026, 2:37:40 [32m    LOG[39m [38;5;3m[InstanceLoader] [39m[32mAppModule dependencies initialized[39m[38;5;3m +2ms[39m
[32m[Nest] 15140  - [39m30/04/2026, 2:37:40 [32m    LOG[39m [38;5;3m[InstanceLoader] [39m[32mScheduleModule dependencies initialized[39m[38;5;3m +0ms[39m
[32m[Nest] 15140  - [39m30/04/2026, 2:37:40 [32m    LOG[39m [38;5;3m[InstanceLoader] [39m[32mAuthModule dependencies initialized[39m[38;5;3m +1ms[39m
[32m[Nest] 15140  - [39m30/04/2026, 2:37:40 [32m    LOG[39m [38;5;3m[InstanceLoader] [39m[32mUsuariosModule dependencies initialized[39m[38;5;3m +0ms[39m
[32m[Nest] 15140  - [39m30/04/2026, 2:37:40 [32m    LOG[39m [38;5;3m[InstanceLoader] [39m[32mProductosModule dependencies initialized[39m[38;5;3m +1ms[39m
[32m[Nest] 15140  - [39m30/04/2026, 2:37:40 [32m    LOG[39m [38;5;3m[InstanceLoader] [39m[32mKitsModule dependencies initialized[39m[38;5;3m +0ms[39m
[32m[Nest] 15140  - [39m30/04/2026, 2:37:40 [32m    LOG[39m [38;5;3m[InstanceLoader] [39m[32mLotesModule dependencies initialized[39m[38;5;3m +0ms[39m
[32m[Nest] 15140  - [39m30/04/2026, 2:37:40 [32m    LOG[39m [38;5;3m[InstanceLoader] [39m[32mMovimientosModule dependencies initialized[39m[38;5;3m +0ms[39m
[32m[Nest] 15140  - [39m30/04/2026, 2:37:40 [32m    LOG[39m [38;5;3m[InstanceLoader] [39m[32mTransferenciasModule dependencies initialized[39m[38;5;3m +0ms[39m
[32m[Nest] 15140  - [39m30/04/2026, 2:37:40 [32m    LOG[39m [38;5;3m[InstanceLoader] [39m[32mNotificacionesModule dependencies initialized[39m[38;5;3m +0ms[39m
[32m[Nest] 15140  - [39m30/04/2026, 2:37:40 [32m    LOG[39m [38;5;3m[InstanceLoader] [39m[32mAnaliticaModule dependencies initialized[39m[38;5;3m +0ms[39m
[32m[Nest] 15140  - [39m30/04/2026, 2:37:40 [32m    LOG[39m [38;5;3m[RoutesResolver] [39m[32mAppController {/}:[39m[38;5;3m +49ms[39m
[32m[Nest] 15140  - [39m30/04/2026, 2:37:40 [32m    LOG[39m [38;5;3m[RouterExplorer] [39m[32mMapped {/, GET} route[39m[38;5;3m +6ms[39m
[32m[Nest] 15140  - [39m30/04/2026, 2:37:40 [32m    LOG[39m [38;5;3m[RoutesResolver] [39m[32mAuthController {/auth}:[39m[38;5;3m +0ms[39m
[32m[Nest] 15140  - [39m30/04/2026, 2:37:40 [32m    LOG[39m [38;5;3m[RouterExplorer] [39m[32mMapped {/auth/login, POST} route[39m[38;5;3m +1ms[39m
[32m[Nest] 15140  - [39m30/04/2026, 2:37:40 [32m    LOG[39m [38;5;3m[RoutesResolver] [39m[32mUsuariosController {/usuarios}:[39m[38;5;3m +0ms[39m
[32m[Nest] 15140  - [39m30/04/2026, 2:37:40 [32m    LOG[39m [38;5;3m[RouterExplorer] [39m[32mMapped {/usuarios, POST} route[39m[38;5;3m +0ms[39m
[32m[Nest] 15140  - [39m30/04/2026, 2:37:40 [32m    LOG[39m [38;5;3m[RouterExplorer] [39m[32mMapped {/usuarios, GET} route[39m[38;5;3m +1ms[39m
[32m[Nest] 15140  - [39m30/04/2026, 2:37:40 [32m    LOG[39m [38;5;3m[RouterExplorer] [39m[32mMapped {/usuarios/:id, GET} route[39m[38;5;3m +0ms[39m
[32m[Nest] 15140  - [39m30/04/2026, 2:37:40 [32m    LOG[39m [38;5;3m[RoutesResolver] [39m[32mProductosController {/productos}:[39m[38;5;3m +1ms[39m
[32m[Nest] 15140  - [39m30/04/2026, 2:37:40 [32m    LOG[39m [38;5;3m[RouterExplorer] [39m[32mMapped {/productos/inventario, GET} route[39m[38;5;3m +0ms[39m
[32m[Nest] 15140  - [39m30/04/2026, 2:37:40 [32m    LOG[39m [38;5;3m[RouterExplorer] [39m[32mMapped {/productos, GET} route[39m[38;5;3m +0ms[39m
[32m[Nest] 15140  - [39m30/04/2026, 2:37:40 [32m    LOG[39m [38;5;3m[RouterExplorer] [39m[32mMapped {/productos/:id, GET} route[39m[38;5;3m +1ms[39m
[32m[Nest] 15140  - [39m30/04/2026, 2:37:40 [32m    LOG[39m [38;5;3m[RouterExplorer] [39m[32mMapped {/productos, POST} route[39m[38;5;3m +0ms[39m
[32m[Nest] 15140  - [39m30/04/2026, 2:37:40 [32m    LOG[39m [38;5;3m[RouterExplorer] [39m[32mMapped {/productos/:id, PATCH} route[39m[38;5;3m +1ms[39m
[32m[Nest] 15140  - [39m30/04/2026, 2:37:40 [32m    LOG[39m [38;5;3m[RouterExplorer] [39m[32mMapped {/productos/:id, DELETE} route[39m[38;5;3m +0ms[39m
[32m[Nest] 15140  - [39m30/04/2026, 2:37:40 [32m    LOG[39m [38;5;3m[RoutesResolver] [39m[32mKitsController {/kits}:[39m[38;5;3m +0ms[39m
[32m[Nest] 15140  - [39m30/04/2026, 2:37:40 [32m    LOG[39m [38;5;3m[RouterExplorer] [39m[32mMapped {/kits, GET} route[39m[38;5;3m +1ms[39m
[32m[Nest] 15140  - [39m30/04/2026, 2:37:40 [32m    LOG[39m [38;5;3m[RouterExplorer] [39m[32mMapped {/kits/:id, GET} route[39m[38;5;3m +0ms[39m
[32m[Nest] 15140  - [39m30/04/2026, 2:37:40 [32m    LOG[39m [38;5;3m[RouterExplorer] [39m[32mMapped {/kits, POST} route[39m[38;5;3m +0ms[39m
[32m[Nest] 15140  - [39m30/04/2026, 2:37:40 [32m    LOG[39m [38;5;3m[RouterExplorer] [39m[32mMapped {/kits/:id, DELETE} route[39m[38;5;3m +0ms[39m
[32m[Nest] 15140  - [39m30/04/2026, 2:37:40 [32m    LOG[39m [38;5;3m[RoutesResolver] [39m[32mLotesController {/lotes}:[39m[38;5;3m +0ms[39m
[32m[Nest] 15140  - [39m30/04/2026, 2:37:40 [32m    LOG[39m [38;5;3m[RouterExplorer] [39m[32mMapped {/lotes, POST} route[39m[38;5;3m +1ms[39m
[32m[Nest] 15140  - [39m30/04/2026, 2:37:40 [32m    LOG[39m [38;5;3m[RouterExplorer] [39m[32mMapped {/lotes/producto/:id_producto, GET} route[39m[38;5;3m +0ms[39m
[32m[Nest] 15140  - [39m30/04/2026, 2:37:40 [32m    LOG[39m [38;5;3m[RoutesResolver] [39m[32mMovimientosController {/movimientos}:[39m[38;5;3m +0ms[39m
[32m[Nest] 15140  - [39m30/04/2026, 2:37:40 [32m    LOG[39m [38;5;3m[RouterExplorer] [39m[32mMapped {/movimientos, GET} route[39m[38;5;3m +0ms[39m
[32m[Nest] 15140  - [39m30/04/2026, 2:37:40 [32m    LOG[39m [38;5;3m[RouterExplorer] [39m[32mMapped {/movimientos/despachar-kit, POST} route[39m[38;5;3m +0ms[39m
[32m[Nest] 15140  - [39m30/04/2026, 2:37:40 [32m    LOG[39m [38;5;3m[RoutesResolver] [39m[32mTransferenciasController {/transferencias}:[39m[38;5;3m +0ms[39m
[32m[Nest] 15140  - [39m30/04/2026, 2:37:40 [32m    LOG[39m [38;5;3m[RouterExplorer] [39m[32mMapped {/transferencias, GET} route[39m[38;5;3m +1ms[39m
[32m[Nest] 15140  - [39m30/04/2026, 2:37:40 [32m    LOG[39m [38;5;3m[RouterExplorer] [39m[32mMapped {/transferencias/:id, GET} route[39m[38;5;3m +0ms[39m
[32m[Nest] 15140  - [39m30/04/2026, 2:37:40 [32m    LOG[39m [38;5;3m[RouterExplorer] [39m[32mMapped {/transferencias/enviar, POST} route[39m[38;5;3m +0ms[39m
[32m[Nest] 15140  - [39m30/04/2026, 2:37:40 [32m    LOG[39m [38;5;3m[RouterExplorer] [39m[32mMapped {/transferencias/recibir, POST} route[39m[38;5;3m +0ms[39m
[32m[Nest] 15140  - [39m30/04/2026, 2:37:40 [32m    LOG[39m [38;5;3m[RoutesResolver] [39m[32mNotificacionesController {/notificaciones}:[39m[38;5;3m +0ms[39m
[32m[Nest] 15140  - [39m30/04/2026, 2:37:40 [32m    LOG[39m [38;5;3m[RouterExplorer] [39m[32mMapped {/notificaciones/revisar, POST} route[39m[38;5;3m +1ms[39m
[32m[Nest] 15140  - [39m30/04/2026, 2:37:40 [32m    LOG[39m [38;5;3m[RoutesResolver] [39m[32mAnaliticaController {/analitica}:[39m[38;5;3m +0ms[39m
[32m[Nest] 15140  - [39m30/04/2026, 2:37:40 [32m    LOG[39m [38;5;3m[RouterExplorer] [39m[32mMapped {/analitica/entrenar/:id_sucursal, GET} route[39m[38;5;3m +0ms[39m
[32m[Nest] 15140  - [39m30/04/2026, 2:37:40 [32m    LOG[39m [38;5;3m[RouterExplorer] [39m[32mMapped {/analitica/prediccion/:id_sucursal, GET} route[39m[38;5;3m +0ms[39m
[32m[Nest] 15140  - [39m30/04/2026, 2:37:40 [32m    LOG[39m [38;5;3m[NestApplication] [39m[32mNest application successfully started[39m[38;5;3m +66ms[39m
[2J[3J[H[[90m2:37:46[0m] File change detected. Starting incremental compilation...

[[90m2:37:46[0m] Found 0 errors. Watching for file changes.

[32m[Nest] 15168  - [39m30/04/2026, 2:37:48 [32m    LOG[39m [38;5;3m[NestFactory] [39m[32mStarting Nest application...[39m
[32m[Nest] 15168  - [39m30/04/2026, 2:37:48 [32m    LOG[39m [38;5;3m[InstanceLoader] [39m[32mPrismaModule dependencies initialized[39m[38;5;3m +27ms[39m
[32m[Nest] 15168  - [39m30/04/2026, 2:37:48 [32m    LOG[39m [38;5;3m[InstanceLoader] [39m[32mPassportModule dependencies initialized[39m[38;5;3m +0ms[39m
[32m[Nest] 15168  - [39m30/04/2026, 2:37:48 [32m    LOG[39m [38;5;3m[InstanceLoader] [39m[32mJwtModule dependencies initialized[39m[38;5;3m +3ms[39m
[32m[Nest] 15168  - [39m30/04/2026, 2:37:48 [32m    LOG[39m [38;5;3m[InstanceLoader] [39m[32mDiscoveryModule dependencies initialized[39m[38;5;3m +0ms[39m
[32m[Nest] 15168  - [39m30/04/2026, 2:37:48 [32m    LOG[39m [38;5;3m[InstanceLoader] [39m[32mAppModule dependencies initialized[39m[38;5;3m +2ms[39m
[32m[Nest] 15168  - [39m30/04/2026, 2:37:48 [32m    LOG[39m [38;5;3m[InstanceLoader] [39m[32mScheduleModule dependencies initialized[39m[38;5;3m +0ms[39m
[32m[Nest] 15168  - [39m30/04/2026, 2:37:48 [32m    LOG[39m [38;5;3m[InstanceLoader] [39m[32mAuthModule dependencies initialized[39m[38;5;3m +1ms[39m
[32m[Nest] 15168  - [39m30/04/2026, 2:37:48 [32m    LOG[39m [38;5;3m[InstanceLoader] [39m[32mUsuariosModule dependencies initialized[39m[38;5;3m +0ms[39m
[32m[Nest] 15168  - [39m30/04/2026, 2:37:48 [32m    LOG[39m [38;5;3m[InstanceLoader] [39m[32mProductosModule dependencies initialized[39m[38;5;3m +1ms[39m
[32m[Nest] 15168  - [39m30/04/2026, 2:37:48 [32m    LOG[39m [38;5;3m[InstanceLoader] [39m[32mKitsModule dependencies initialized[39m[38;5;3m +0ms[39m
[32m[Nest] 15168  - [39m30/04/2026, 2:37:48 [32m    LOG[39m [38;5;3m[InstanceLoader] [39m[32mLotesModule dependencies initialized[39m[38;5;3m +0ms[39m
[32m[Nest] 15168  - [39m30/04/2026, 2:37:48 [32m    LOG[39m [38;5;3m[InstanceLoader] [39m[32mMovimientosModule dependencies initialized[39m[38;5;3m +0ms[39m
[32m[Nest] 15168  - [39m30/04/2026, 2:37:48 [32m    LOG[39m [38;5;3m[InstanceLoader] [39m[32mTransferenciasModule dependencies initialized[39m[38;5;3m +0ms[39m
[32m[Nest] 15168  - [39m30/04/2026, 2:37:48 [32m    LOG[39m [38;5;3m[InstanceLoader] [39m[32mNotificacionesModule dependencies initialized[39m[38;5;3m +0ms[39m
[32m[Nest] 15168  - [39m30/04/2026, 2:37:48 [32m    LOG[39m [38;5;3m[InstanceLoader] [39m[32mAnaliticaModule dependencies initialized[39m[38;5;3m +0ms[39m
[32m[Nest] 15168  - [39m30/04/2026, 2:37:48 [32m    LOG[39m [38;5;3m[RoutesResolver] [39m[32mAppController {/}:[39m[38;5;3m +44ms[39m
[32m[Nest] 15168  - [39m30/04/2026, 2:37:48 [32m    LOG[39m [38;5;3m[RouterExplorer] [39m[32mMapped {/, GET} route[39m[38;5;3m +2ms[39m
[32m[Nest] 15168  - [39m30/04/2026, 2:37:48 [32m    LOG[39m [38;5;3m[RoutesResolver] [39m[32mAuthController {/auth}:[39m[38;5;3m +0ms[39m
[32m[Nest] 15168  - [39m30/04/2026, 2:37:48 [32m    LOG[39m [38;5;3m[RouterExplorer] [39m[32mMapped {/auth/login, POST} route[39m[38;5;3m +0ms[39m
[32m[Nest] 15168  - [39m30/04/2026, 2:37:48 [32m    LOG[39m [38;5;3m[RoutesResolver] [39m[32mUsuariosController {/usuarios}:[39m[38;5;3m +0ms[39m
[32m[Nest] 15168  - [39m30/04/2026, 2:37:48 [32m    LOG[39m [38;5;3m[RouterExplorer] [39m[32mMapped {/usuarios, POST} route[39m[38;5;3m +1ms[39m
[32m[Nest] 15168  - [39m30/04/2026, 2:37:48 [32m    LOG[39m [38;5;3m[RouterExplorer] [39m[32mMapped {/usuarios, GET} route[39m[38;5;3m +0ms[39m
[32m[Nest] 15168  - [39m30/04/2026, 2:37:48 [32m    LOG[39m [38;5;3m[RouterExplorer] [39m[32mMapped {/usuarios/:id, GET} route[39m[38;5;3m +1ms[39m
[32m[Nest] 15168  - [39m30/04/2026, 2:37:48 [32m    LOG[39m [38;5;3m[RoutesResolver] [39m[32mProductosController {/productos}:[39m[38;5;3m +0ms[39m
[32m[Nest] 15168  - [39m30/04/2026, 2:37:48 [32m    LOG[39m [38;5;3m[RouterExplorer] [39m[32mMapped {/productos/inventario, GET} route[39m[38;5;3m +0ms[39m
[32m[Nest] 15168  - [39m30/04/2026, 2:37:48 [32m    LOG[39m [38;5;3m[RouterExplorer] [39m[32mMapped {/productos, GET} route[39m[38;5;3m +0ms[39m
[32m[Nest] 15168  - [39m30/04/2026, 2:37:48 [32m    LOG[39m [38;5;3m[RouterExplorer] [39m[32mMapped {/productos/:id, GET} route[39m[38;5;3m +1ms[39m
[32m[Nest] 15168  - [39m30/04/2026, 2:37:48 [32m    LOG[39m [38;5;3m[RouterExplorer] [39m[32mMapped {/productos, POST} route[39m[38;5;3m +0ms[39m
[32m[Nest] 15168  - [39m30/04/2026, 2:37:48 [32m    LOG[39m [38;5;3m[RouterExplorer] [39m[32mMapped {/productos/:id, PATCH} route[39m[38;5;3m +1ms[39m
[32m[Nest] 15168  - [39m30/04/2026, 2:37:48 [32m    LOG[39m [38;5;3m[RouterExplorer] [39m[32mMapped {/productos/:id, DELETE} route[39m[38;5;3m +0ms[39m
[32m[Nest] 15168  - [39m30/04/2026, 2:37:48 [32m    LOG[39m [38;5;3m[RoutesResolver] [39m[32mKitsController {/kits}:[39m[38;5;3m +0ms[39m
[32m[Nest] 15168  - [39m30/04/2026, 2:37:48 [32m    LOG[39m [38;5;3m[RouterExplorer] [39m[32mMapped {/kits, GET} route[39m[38;5;3m +0ms[39m
[32m[Nest] 15168  - [39m30/04/2026, 2:37:48 [32m    LOG[39m [38;5;3m[RouterExplorer] [39m[32mMapped {/kits/:id, GET} route[39m[38;5;3m +0ms[39m
[32m[Nest] 15168  - [39m30/04/2026, 2:37:48 [32m    LOG[39m [38;5;3m[RouterExplorer] [39m[32mMapped {/kits, POST} route[39m[38;5;3m +1ms[39m
[32m[Nest] 15168  - [39m30/04/2026, 2:37:48 [32m    LOG[39m [38;5;3m[RouterExplorer] [39m[32mMapped {/kits/:id, DELETE} route[39m[38;5;3m +0ms[39m
[32m[Nest] 15168  - [39m30/04/2026, 2:37:48 [32m    LOG[39m [38;5;3m[RoutesResolver] [39m[32mLotesController {/lotes}:[39m[38;5;3m +0ms[39m
[32m[Nest] 15168  - [39m30/04/2026, 2:37:48 [32m    LOG[39m [38;5;3m[RouterExplorer] [39m[32mMapped {/lotes, POST} route[39m[38;5;3m +0ms[39m
[32m[Nest] 15168  - [39m30/04/2026, 2:37:48 [32m    LOG[39m [38;5;3m[RouterExplorer] [39m[32mMapped {/lotes/producto/:id_producto, GET} route[39m[38;5;3m +0ms[39m
[32m[Nest] 15168  - [39m30/04/2026, 2:37:48 [32m    LOG[39m [38;5;3m[RoutesResolver] [39m[32mMovimientosController {/movimientos}:[39m[38;5;3m +0ms[39m
[32m[Nest] 15168  - [39m30/04/2026, 2:37:48 [32m    LOG[39m [38;5;3m[RouterExplorer] [39m[32mMapped {/movimientos, GET} route[39m[38;5;3m +1ms[39m
[32m[Nest] 15168  - [39m30/04/2026, 2:37:48 [32m    LOG[39m [38;5;3m[RouterExplorer] [39m[32mMapped {/movimientos/despachar-kit, POST} route[39m[38;5;3m +0ms[39m
[32m[Nest] 15168  - [39m30/04/2026, 2:37:48 [32m    LOG[39m [38;5;3m[RoutesResolver] [39m[32mTransferenciasController {/transferencias}:[39m[38;5;3m +0ms[39m
[32m[Nest] 15168  - [39m30/04/2026, 2:37:48 [32m    LOG[39m [38;5;3m[RouterExplorer] [39m[32mMapped {/transferencias, GET} route[39m[38;5;3m +0ms[39m
[32m[Nest] 15168  - [39m30/04/2026, 2:37:48 [32m    LOG[39m [38;5;3m[RouterExplorer] [39m[32mMapped {/transferencias/:id, GET} route[39m[38;5;3m +0ms[39m
[32m[Nest] 15168  - [39m30/04/2026, 2:37:48 [32m    LOG[39m [38;5;3m[RouterExplorer] [39m[32mMapped {/transferencias/enviar, POST} route[39m[38;5;3m +0ms[39m
[32m[Nest] 15168  - [39m30/04/2026, 2:37:48 [32m    LOG[39m [38;5;3m[RouterExplorer] [39m[32mMapped {/transferencias/recibir, POST} route[39m[38;5;3m +1ms[39m
[32m[Nest] 15168  - [39m30/04/2026, 2:37:48 [32m    LOG[39m [38;5;3m[RoutesResolver] [39m[32mNotificacionesController {/notificaciones}:[39m[38;5;3m +0ms[39m
[32m[Nest] 15168  - [39m30/04/2026, 2:37:48 [32m    LOG[39m [38;5;3m[RouterExplorer] [39m[32mMapped {/notificaciones/revisar, POST} route[39m[38;5;3m +0ms[39m
[32m[Nest] 15168  - [39m30/04/2026, 2:37:48 [32m    LOG[39m [38;5;3m[RoutesResolver] [39m[32mAnaliticaController {/analitica}:[39m[38;5;3m +0ms[39m
[32m[Nest] 15168  - [39m30/04/2026, 2:37:48 [32m    LOG[39m [38;5;3m[RouterExplorer] [39m[32mMapped {/analitica/entrenar/:id_sucursal, GET} route[39m[38;5;3m +0ms[39m
[32m[Nest] 15168  - [39m30/04/2026, 2:37:48 [32m    LOG[39m [38;5;3m[RouterExplorer] [39m[32mMapped {/analitica/prediccion/:id_sucursal, GET} route[39m[38;5;3m +0ms[39m
[32m[Nest] 15168  - [39m30/04/2026, 2:37:48 [32m    LOG[39m [38;5;3m[NestApplication] [39m[32mNest application successfully started[39m[38;5;3m +58ms[39m
[31m[Nest] 15168  - [39m30/04/2026, 2:37:48 [31m  ERROR[39m [38;5;3m[NestApplication] [39m[31mError: listen EADDRINUSE: address already in use :::3000[39m[38;5;3m +2ms[39m
node:internal/errors:491
    ErrorCaptureStackTrace(err);
    ^

Error: listen EADDRINUSE: address already in use :::3000
    at __node_internal_captureLargerStackTrace (node:internal/errors:491:5)
    at __node_internal_uvExceptionWithHostPort (node:internal/errors:590:12)
    at Server.setupListenHandle [as _listen2] (node:net:1733:16)
    at listenInCluster (node:net:1781:12)
    at Server.listen (node:net:1869:7)
    at ExpressAdapter.listen (C:\Users\Crist\Desktop\ProyectoCedent\cendent-backend\node_modules\@nestjs\platform-express\adapters\express-adapter.js:115:32)
    at C:\Users\Crist\Desktop\ProyectoCedent\cendent-backend\node_modules\@nestjs\core\nest-application.js:188:30
    at new Promise (<anonymous>)
    at NestApplication.listen (C:\Users\Crist\Desktop\ProyectoCedent\cendent-backend\node_modules\@nestjs\core\nest-application.js:178:16)
    at bootstrap (C:\Users\Crist\Desktop\ProyectoCedent\cendent-backend\src\main.ts:27:3) {
  code: 'EADDRINUSE',
  errno: -4091,
  syscall: 'listen',
  address: '::',
  port: 3000
}

Node.js v18.13.0
